系列,年,地域,施設タイプ,客室稼働率
全施設,2011,三重県,シティホテル,54.5
全施設,2011,三重県,ビジネスホテル,53.0
全施設,2011,三重県,リゾートホテル,37.8
全施設,2011,三重県,会社・団体の宿泊所,22.8
全施設,2011,三重県,全体,39.8
全施設,2011,三重県,旅館,26.9
全施設,2011,京都府,シティホテル,78.6
全施設,2011,京都府,ビジネスホテル,72.3
全施設,2011,京都府,リゾートホテル,55.5
全施設,2011,京都府,会社・団体の宿泊所,41.8
全施設,2011,京都府,全体,62.4
全施設,2011,京都府,旅館,40.8
全施設,2011,佐賀県,シティホテル,43.3
全施設,2011,佐賀県,ビジネスホテル,59.6
全施設,2011,佐賀県,リゾートホテル,38.0
全施設,2011,佐賀県,会社・団体の宿泊所,25.2
全施設,2011,佐賀県,全体,46.7
全施設,2011,佐賀県,旅館,41.8
全施設,2011,全国,シティホテル,67.1
全施設,2011,全国,ビジネスホテル,62.3
全施設,2011,全国,リゾートホテル,46.8
全施設,2011,全国,会社・団体の宿泊所,31.6
全施設,2011,全国,全体,51.8
全施設,2011,全国,旅館,34.7
全施設,2011,兵庫県,シティホテル,70.1
全施設,2011,兵庫県,ビジネスホテル,66.6
全施設,2011,兵庫県,リゾートホテル,55.1
全施設,2011,兵庫県,会社・団体の宿泊所,34.4
全施設,2011,兵庫県,全体,53.6
全施設,2011,兵庫県,旅館,37.3
全施設,2011,北海道,シティホテル,64.1
全施設,2011,北海道,ビジネスホテル,60.7
全施設,2011,北海道,リゾートホテル,41.8
全施設,2011,北海道,会社・団体の宿泊所,27.8
全施設,2011,北海道,全体,52.3
全施設,2011,北海道,旅館,40.7
全施設,2011,千葉県,シティホテル,60.5
全施設,2011,千葉県,ビジネスホテル,59.2
全施設,2011,千葉県,リゾートホテル,58.4
全施設,2011,千葉県,会社・団体の宿泊所,28.0
全施設,2011,千葉県,全体,52.6
全施設,2011,千葉県,旅館,27.2
全施設,2011,和歌山県,シティホテル,62.2
全施設,2011,和歌山県,ビジネスホテル,45.0
全施設,2011,和歌山県,リゾートホテル,45.4
全施設,2011,和歌山県,会社・団体の宿泊所,37.2
全施設,2011,和歌山県,全体,39.8
全施設,2011,和歌山県,旅館,37.8
全施設,2011,埼玉県,シティホテル,63.3
全施設,2011,埼玉県,ビジネスホテル,61.5
全施設,2011,埼玉県,リゾートホテル,27.5
全施設,2011,埼玉県,会社・団体の宿泊所,34.9
全施設,2011,埼玉県,全体,54.8
全施設,2011,埼玉県,旅館,32.7
全施設,2011,大分県,シティホテル,54.8
全施設,2011,大分県,ビジネスホテル,58.6
全施設,2011,大分県,リゾートホテル,58.4
全施設,2011,大分県,会社・団体の宿泊所,24.9
全施設,2011,大分県,全体,47.4
全施設,2011,大分県,旅館,34.9
全施設,2011,大阪府,シティホテル,77.4
全施設,2011,大阪府,ビジネスホテル,69.6
全施設,2011,大阪府,リゾートホテル,69.1
全施設,2011,大阪府,会社・団体の宿泊所,40.5
全施設,2011,大阪府,全体,68.2
全施設,2011,大阪府,旅館,32.5
全施設,2011,奈良県,シティホテル,64.4
全施設,2011,奈良県,ビジネスホテル,34.0
全施設,2011,奈良県,リゾートホテル,31.2
全施設,2011,奈良県,会社・団体の宿泊所,44.3
全施設,2011,奈良県,全体,33.7
全施設,2011,奈良県,旅館,28.9
全施設,2011,宮城県,シティホテル,67.6
全施設,2011,宮城県,ビジネスホテル,80.7
全施設,2011,宮城県,リゾートホテル,46.0
全施設,2011,宮城県,会社・団体の宿泊所,48.6
全施設,2011,宮城県,全体,66.8
全施設,2011,宮城県,旅館,48.9
全施設,2011,宮崎県,シティホテル,68.9
全施設,2011,宮崎県,ビジネスホテル,55.7
全施設,2011,宮崎県,リゾートホテル,39.5
全施設,2011,宮崎県,会社・団体の宿泊所,14.5
全施設,2011,宮崎県,全体,50.3
全施設,2011,宮崎県,旅館,33.8
全施設,2011,富山県,シティホテル,58.7
全施設,2011,富山県,ビジネスホテル,57.7
全施設,2011,富山県,リゾートホテル,42.4
全施設,2011,富山県,会社・団体の宿泊所,24.9
全施設,2011,富山県,全体,46.3
全施設,2011,富山県,旅館,30.1
全施設,2011,山口県,シティホテル,59.4
全施設,2011,山口県,ビジネスホテル,59.3
全施設,2011,山口県,リゾートホテル,53.3
全施設,2011,山口県,会社・団体の宿泊所,14.7
全施設,2011,山口県,全体,51.1
全施設,2011,山口県,旅館,36.7
全施設,2011,山形県,シティホテル,58.4
全施設,2011,山形県,ビジネスホテル,60.5
全施設,2011,山形県,リゾートホテル,29.9
全施設,2011,山形県,会社・団体の宿泊所,42.1
全施設,2011,山形県,全体,44.4
全施設,2011,山形県,旅館,33.3
全施設,2011,山梨県,シティホテル,54.5
全施設,2011,山梨県,ビジネスホテル,59.7
全施設,2011,山梨県,リゾートホテル,47.9
全施設,2011,山梨県,会社・団体の宿泊所,29.1
全施設,2011,山梨県,全体,40.3
全施設,2011,山梨県,旅館,32.6
全施設,2011,岐阜県,シティホテル,44.2
全施設,2011,岐阜県,ビジネスホテル,59.4
全施設,2011,岐阜県,リゾートホテル,42.8
全施設,2011,岐阜県,会社・団体の宿泊所,36.0
全施設,2011,岐阜県,全体,45.7
全施設,2011,岐阜県,旅館,36.2
全施設,2011,岡山県,シティホテル,56.3
全施設,2011,岡山県,ビジネスホテル,59.2
全施設,2011,岡山県,リゾートホテル,43.7
全施設,2011,岡山県,会社・団体の宿泊所,18.9
全施設,2011,岡山県,全体,47.1
全施設,2011,岡山県,旅館,29.1
全施設,2011,岩手県,シティホテル,65.4
全施設,2011,岩手県,ビジネスホテル,67.5
全施設,2011,岩手県,リゾートホテル,40.1
全施設,2011,岩手県,会社・団体の宿泊所,58.8
全施設,2011,岩手県,全体,53.2
全施設,2011,岩手県,旅館,44.1
全施設,2011,島根県,シティホテル,52.3
全施設,2011,島根県,ビジネスホテル,74.9
全施設,2011,島根県,リゾートホテル,29.7
全施設,2011,島根県,会社・団体の宿泊所,59.3
全施設,2011,島根県,全体,50.3
全施設,2011,島根県,旅館,33.3
全施設,2011,広島県,シティホテル,67.0
全施設,2011,広島県,ビジネスホテル,65.8
全施設,2011,広島県,リゾートホテル,47.9
全施設,2011,広島県,会社・団体の宿泊所,19.2
全施設,2011,広島県,全体,57.1
全施設,2011,広島県,旅館,38.4
全施設,2011,徳島県,シティホテル,56.5
全施設,2011,徳島県,ビジネスホテル,62.9
全施設,2011,徳島県,リゾートホテル,40.0
全施設,2011,徳島県,会社・団体の宿泊所,9.3
全施設,2011,徳島県,全体,44.2
全施設,2011,徳島県,旅館,24.2
全施設,2011,愛媛県,シティホテル,57.4
全施設,2011,愛媛県,ビジネスホテル,56.6
全施設,2011,愛媛県,リゾートホテル,46.8
全施設,2011,愛媛県,会社・団体の宿泊所,55.2
全施設,2011,愛媛県,全体,49.3
全施設,2011,愛媛県,旅館,38.2
全施設,2011,愛知県,シティホテル,69.4
全施設,2011,愛知県,ビジネスホテル,60.1
全施設,2011,愛知県,リゾートホテル,44.8
全施設,2011,愛知県,会社・団体の宿泊所,51.0
全施設,2011,愛知県,全体,56.2
全施設,2011,愛知県,旅館,34.3
全施設,2011,新潟県,シティホテル,57.0
全施設,2011,新潟県,ビジネスホテル,59.0
全施設,2011,新潟県,リゾートホテル,29.0
全施設,2011,新潟県,会社・団体の宿泊所,31.1
全施設,2011,新潟県,全体,40.2
全施設,2011,新潟県,旅館,28.4
全施設,2011,東京都,シティホテル,69.6
全施設,2011,東京都,ビジネスホテル,70.9
全施設,2011,東京都,リゾートホテル,54.7
全施設,2011,東京都,会社・団体の宿泊所,54.4
全施設,2011,東京都,全体,68.0
全施設,2011,東京都,旅館,30.3
全施設,2011,栃木県,シティホテル,55.8
全施設,2011,栃木県,ビジネスホテル,59.3
全施設,2011,栃木県,リゾートホテル,38.2
全施設,2011,栃木県,会社・団体の宿泊所,26.6
全施設,2011,栃木県,全体,41.3
全施設,2011,栃木県,旅館,32.7
全施設,2011,沖縄県,シティホテル,59.9
全施設,2011,沖縄県,ビジネスホテル,59.6
全施設,2011,沖縄県,リゾートホテル,58.9
全施設,2011,沖縄県,会社・団体の宿泊所,19.5
全施設,2011,沖縄県,全体,53.4
全施設,2011,沖縄県,旅館,26.2
全施設,2011,滋賀県,シティホテル,59.0
全施設,2011,滋賀県,ビジネスホテル,54.5
全施設,2011,滋賀県,リゾートホテル,54.9
全施設,2011,滋賀県,会社・団体の宿泊所,24.1
全施設,2011,滋賀県,全体,46.6
全施設,2011,滋賀県,旅館,33.3
全施設,2011,熊本県,シティホテル,66.9
全施設,2011,熊本県,ビジネスホテル,60.4
全施設,2011,熊本県,リゾートホテル,45.4
全施設,2011,熊本県,会社・団体の宿泊所,33.6
全施設,2011,熊本県,全体,51.0
全施設,2011,熊本県,旅館,39.0
全施設,2011,石川県,シティホテル,60.4
全施設,2011,石川県,ビジネスホテル,60.4
全施設,2011,石川県,リゾートホテル,47.2
全施設,2011,石川県,会社・団体の宿泊所,47.5
全施設,2011,石川県,全体,53.0
全施設,2011,石川県,旅館,42.3
全施設,2011,神奈川県,シティホテル,71.0
全施設,2011,神奈川県,ビジネスホテル,68.3
全施設,2011,神奈川県,リゾートホテル,58.5
全施設,2011,神奈川県,会社・団体の宿泊所,35.8
全施設,2011,神奈川県,全体,59.9
全施設,2011,神奈川県,旅館,44.2
全施設,2011,福井県,シティホテル,47.8
全施設,2011,福井県,ビジネスホテル,62.1
全施設,2011,福井県,リゾートホテル,41.2
全施設,2011,福井県,会社・団体の宿泊所,39.1
全施設,2011,福井県,全体,39.3
全施設,2011,福井県,旅館,27.5
全施設,2011,福岡県,シティホテル,70.6
全施設,2011,福岡県,ビジネスホテル,62.2
全施設,2011,福岡県,リゾートホテル,55.1
全施設,2011,福岡県,会社・団体の宿泊所,36.4
全施設,2011,福岡県,全体,59.0
全施設,2011,福岡県,旅館,28.1
全施設,2011,福島県,シティホテル,72.7
全施設,2011,福島県,ビジネスホテル,72.1
全施設,2011,福島県,リゾートホテル,39.7
全施設,2011,福島県,会社・団体の宿泊所,31.4
全施設,2011,福島県,全体,51.2
全施設,2011,福島県,旅館,38.5
全施設,2011,秋田県,シティホテル,56.0
全施設,2011,秋田県,ビジネスホテル,54.5
全施設,2011,秋田県,リゾートホテル,34.0
全施設,2011,秋田県,会社・団体の宿泊所,12.5
全施設,2011,秋田県,全体,42.1
全施設,2011,秋田県,旅館,33.2
全施設,2011,群馬県,シティホテル,51.7
全施設,2011,群馬県,ビジネスホテル,52.6
全施設,2011,群馬県,リゾートホテル,43.8
全施設,2011,群馬県,会社・団体の宿泊所,28.3
全施設,2011,群馬県,全体,43.8
全施設,2011,群馬県,旅館,39.0
全施設,2011,茨城県,シティホテル,57.0
全施設,2011,茨城県,ビジネスホテル,54.3
全施設,2011,茨城県,リゾートホテル,47.8
全施設,2011,茨城県,会社・団体の宿泊所,43.0
全施設,2011,茨城県,全体,46.8
全施設,2011,茨城県,旅館,27.3
全施設,2011,長崎県,シティホテル,62.2
全施設,2011,長崎県,ビジネスホテル,56.1
全施設,2011,長崎県,リゾートホテル,41.8
全施設,2011,長崎県,会社・団体の宿泊所,35.2
全施設,2011,長崎県,全体,45.6
全施設,2011,長崎県,旅館,35.7
全施設,2011,長野県,シティホテル,65.8
全施設,2011,長野県,ビジネスホテル,57.1
全施設,2011,長野県,リゾートホテル,39.1
全施設,2011,長野県,会社・団体の宿泊所,21.9
全施設,2011,長野県,全体,35.7
全施設,2011,長野県,旅館,27.6
全施設,2011,青森県,シティホテル,47.3
全施設,2011,青森県,ビジネスホテル,53.8
全施設,2011,青森県,リゾートホテル,46.7
全施設,2011,青森県,会社・団体の宿泊所,4.6
全施設,2011,青森県,全体,46.8
全施設,2011,青森県,旅館,36.8
全施設,2011,静岡県,シティホテル,59.2
全施設,2011,静岡県,ビジネスホテル,56.8
全施設,2011,静岡県,リゾートホテル,45.5
全施設,2011,静岡県,会社・団体の宿泊所,30.8
全施設,2011,静岡県,全体,45.2
全施設,2011,静岡県,旅館,36.2
全施設,2011,香川県,シティホテル,57.2
全施設,2011,香川県,ビジネスホテル,60.3
全施設,2011,香川県,リゾートホテル,55.7
全施設,2011,香川県,会社・団体の宿泊所,31.4
全施設,2011,香川県,全体,51.3
全施設,2011,香川県,旅館,35.9
全施設,2011,高知県,シティホテル,60.6
全施設,2011,高知県,ビジネスホテル,54.5
全施設,2011,高知県,リゾートホテル,40.8
全施設,2011,高知県,会社・団体の宿泊所,16.4
全施設,2011,高知県,全体,44.0
全施設,2011,高知県,旅館,28.3
全施設,2011,鳥取県,シティホテル,64.9
全施設,2011,鳥取県,ビジネスホテル,56.8
全施設,2011,鳥取県,リゾートホテル,51.1
全施設,2011,鳥取県,会社・団体の宿泊所,16.2
全施設,2011,鳥取県,全体,48.5
全施設,2011,鳥取県,旅館,40.7
全施設,2011,鹿児島県,シティホテル,65.1
全施設,2011,鹿児島県,ビジネスホテル,55.1
全施設,2011,鹿児島県,リゾートホテル,37.6
全施設,2011,鹿児島県,会社・団体の宿泊所,24.0
全施設,2011,鹿児島県,全体,47.2
全施設,2011,鹿児島県,旅館,37.4
全施設,2012,三重県,シティホテル,59.9
全施設,2012,三重県,ビジネスホテル,58.8
全施設,2012,三重県,リゾートホテル,35.2
全施設,2012,三重県,会社・団体の宿泊所,31.7
全施設,2012,三重県,全体,43.7
全施設,2012,三重県,旅館,32.3
全施設,2012,京都府,シティホテル,81.7
全施設,2012,京都府,ビジネスホテル,76.1
全施設,2012,京都府,リゾートホテル,60.1
全施設,2012,京都府,会社・団体の宿泊所,28.9
全施設,2012,京都府,全体,64.9
全施設,2012,京都府,旅館,40.8
全施設,2012,佐賀県,シティホテル,42.0
全施設,2012,佐賀県,ビジネスホテル,58.9
全施設,2012,佐賀県,リゾートホテル,44.0
全施設,2012,佐賀県,会社・団体の宿泊所,21.7
全施設,2012,佐賀県,全体,49.8
全施設,2012,佐賀県,旅館,43.2
全施設,2012,全国,シティホテル,72.5
全施設,2012,全国,ビジネスホテル,67.3
全施設,2012,全国,リゾートホテル,48.0
全施設,2012,全国,会社・団体の宿泊所,32.3
全施設,2012,全国,全体,54.8
全施設,2012,全国,旅館,35.5
全施設,2012,兵庫県,シティホテル,73.4
全施設,2012,兵庫県,ビジネスホテル,68.5
全施設,2012,兵庫県,リゾートホテル,56.6
全施設,2012,兵庫県,会社・団体の宿泊所,31.5
全施設,2012,兵庫県,全体,54.8
全施設,2012,兵庫県,旅館,35.4
全施設,2012,北海道,シティホテル,67.1
全施設,2012,北海道,ビジネスホテル,65.2
全施設,2012,北海道,リゾートホテル,42.2
全施設,2012,北海道,会社・団体の宿泊所,29.0
全施設,2012,北海道,全体,54.3
全施設,2012,北海道,旅館,41.8
全施設,2012,千葉県,シティホテル,70.5
全施設,2012,千葉県,ビジネスホテル,70.2
全施設,2012,千葉県,リゾートホテル,72.7
全施設,2012,千葉県,会社・団体の宿泊所,27.1
全施設,2012,千葉県,全体,61.2
全施設,2012,千葉県,旅館,33.2
全施設,2012,和歌山県,シティホテル,62.2
全施設,2012,和歌山県,ビジネスホテル,55.8
全施設,2012,和歌山県,リゾートホテル,50.5
全施設,2012,和歌山県,会社・団体の宿泊所,48.6
全施設,2012,和歌山県,全体,41.7
全施設,2012,和歌山県,旅館,37.4
全施設,2012,埼玉県,シティホテル,72.3
全施設,2012,埼玉県,ビジネスホテル,70.1
全施設,2012,埼玉県,リゾートホテル,29.4
全施設,2012,埼玉県,会社・団体の宿泊所,19.6
全施設,2012,埼玉県,全体,60.6
全施設,2012,埼玉県,旅館,38.3
全施設,2012,大分県,シティホテル,65.4
全施設,2012,大分県,ビジネスホテル,61.2
全施設,2012,大分県,リゾートホテル,56.9
全施設,2012,大分県,会社・団体の宿泊所,18.1
全施設,2012,大分県,全体,49.6
全施設,2012,大分県,旅館,35.9
全施設,2012,大阪府,シティホテル,81.1
全施設,2012,大阪府,ビジネスホテル,73.9
全施設,2012,大阪府,リゾートホテル,72.4
全施設,2012,大阪府,会社・団体の宿泊所,38.7
全施設,2012,大阪府,全体,71.6
全施設,2012,大阪府,旅館,29.2
全施設,2012,奈良県,シティホテル,71.9
全施設,2012,奈良県,ビジネスホテル,65.6
全施設,2012,奈良県,リゾートホテル,39.8
全施設,2012,奈良県,会社・団体の宿泊所,24.3
全施設,2012,奈良県,全体,41.1
全施設,2012,奈良県,旅館,29.9
全施設,2012,宮城県,シティホテル,73.3
全施設,2012,宮城県,ビジネスホテル,81.4
全施設,2012,宮城県,リゾートホテル,51.2
全施設,2012,宮城県,会社・団体の宿泊所,22.8
全施設,2012,宮城県,全体,65.2
全施設,2012,宮城県,旅館,44.6
全施設,2012,宮崎県,シティホテル,69.5
全施設,2012,宮崎県,ビジネスホテル,53.1
全施設,2012,宮崎県,リゾートホテル,40.6
全施設,2012,宮崎県,会社・団体の宿泊所,0.0
全施設,2012,宮崎県,全体,46.3
全施設,2012,宮崎県,旅館,29.3
全施設,2012,富山県,シティホテル,68.9
全施設,2012,富山県,ビジネスホテル,60.4
全施設,2012,富山県,リゾートホテル,47.6
全施設,2012,富山県,会社・団体の宿泊所,43.0
全施設,2012,富山県,全体,49.5
全施設,2012,富山県,旅館,35.8
全施設,2012,山口県,シティホテル,57.1
全施設,2012,山口県,ビジネスホテル,64.0
全施設,2012,山口県,リゾートホテル,53.3
全施設,2012,山口県,会社・団体の宿泊所,16.9
全施設,2012,山口県,全体,53.2
全施設,2012,山口県,旅館,37.6
全施設,2012,山形県,シティホテル,57.5
全施設,2012,山形県,ビジネスホテル,65.7
全施設,2012,山形県,リゾートホテル,34.7
全施設,2012,山形県,会社・団体の宿泊所,26.4
全施設,2012,山形県,全体,47.0
全施設,2012,山形県,旅館,35.0
全施設,2012,山梨県,シティホテル,60.0
全施設,2012,山梨県,ビジネスホテル,58.8
全施設,2012,山梨県,リゾートホテル,49.9
全施設,2012,山梨県,会社・団体の宿泊所,28.5
全施設,2012,山梨県,全体,42.9
全施設,2012,山梨県,旅館,35.0
全施設,2012,岐阜県,シティホテル,59.2
全施設,2012,岐阜県,ビジネスホテル,57.1
全施設,2012,岐阜県,リゾートホテル,48.7
全施設,2012,岐阜県,会社・団体の宿泊所,25.5
全施設,2012,岐阜県,全体,45.9
全施設,2012,岐阜県,旅館,37.7
全施設,2012,岡山県,シティホテル,53.5
全施設,2012,岡山県,ビジネスホテル,65.1
全施設,2012,岡山県,リゾートホテル,32.6
全施設,2012,岡山県,会社・団体の宿泊所,30.5
全施設,2012,岡山県,全体,51.4
全施設,2012,岡山県,旅館,33.1
全施設,2012,岩手県,シティホテル,68.9
全施設,2012,岩手県,ビジネスホテル,73.9
全施設,2012,岩手県,リゾートホテル,42.4
全施設,2012,岩手県,会社・団体の宿泊所,60.9
全施設,2012,岩手県,全体,54.8
全施設,2012,岩手県,旅館,44.5
全施設,2012,島根県,シティホテル,50.8
全施設,2012,島根県,ビジネスホテル,74.1
全施設,2012,島根県,リゾートホテル,26.1
全施設,2012,島根県,会社・団体の宿泊所,58.4
全施設,2012,島根県,全体,50.0
全施設,2012,島根県,旅館,31.5
全施設,2012,広島県,シティホテル,76.6
全施設,2012,広島県,ビジネスホテル,69.2
全施設,2012,広島県,リゾートホテル,57.5
全施設,2012,広島県,会社・団体の宿泊所,34.3
全施設,2012,広島県,全体,60.9
全施設,2012,広島県,旅館,36.9
全施設,2012,徳島県,シティホテル,56.0
全施設,2012,徳島県,ビジネスホテル,63.6
全施設,2012,徳島県,リゾートホテル,50.3
全施設,2012,徳島県,会社・団体の宿泊所,12.2
全施設,2012,徳島県,全体,44.8
全施設,2012,徳島県,旅館,25.3
全施設,2012,愛媛県,シティホテル,60.5
全施設,2012,愛媛県,ビジネスホテル,57.1
全施設,2012,愛媛県,リゾートホテル,38.0
全施設,2012,愛媛県,会社・団体の宿泊所,34.5
全施設,2012,愛媛県,全体,50.3
全施設,2012,愛媛県,旅館,44.7
全施設,2012,愛知県,シティホテル,74.2
全施設,2012,愛知県,ビジネスホテル,67.0
全施設,2012,愛知県,リゾートホテル,47.9
全施設,2012,愛知県,会社・団体の宿泊所,34.8
全施設,2012,愛知県,全体,60.2
全施設,2012,愛知県,旅館,32.5
全施設,2012,新潟県,シティホテル,58.6
全施設,2012,新潟県,ビジネスホテル,62.0
全施設,2012,新潟県,リゾートホテル,28.3
全施設,2012,新潟県,会社・団体の宿泊所,45.6
全施設,2012,新潟県,全体,41.7
全施設,2012,新潟県,旅館,29.7
全施設,2012,東京都,シティホテル,79.9
全施設,2012,東京都,ビジネスホテル,80.0
全施設,2012,東京都,リゾートホテル,70.1
全施設,2012,東京都,会社・団体の宿泊所,55.9
全施設,2012,東京都,全体,76.4
全施設,2012,東京都,旅館,38.8
全施設,2012,栃木県,シティホテル,60.8
全施設,2012,栃木県,ビジネスホテル,58.4
全施設,2012,栃木県,リゾートホテル,46.6
全施設,2012,栃木県,会社・団体の宿泊所,38.1
全施設,2012,栃木県,全体,44.4
全施設,2012,栃木県,旅館,38.0
全施設,2012,沖縄県,シティホテル,60.7
全施設,2012,沖縄県,ビジネスホテル,63.3
全施設,2012,沖縄県,リゾートホテル,62.1
全施設,2012,沖縄県,会社・団体の宿泊所,41.6
全施設,2012,沖縄県,全体,55.2
全施設,2012,沖縄県,旅館,26.7
全施設,2012,滋賀県,シティホテル,62.0
全施設,2012,滋賀県,ビジネスホテル,49.4
全施設,2012,滋賀県,リゾートホテル,49.1
全施設,2012,滋賀県,会社・団体の宿泊所,30.4
全施設,2012,滋賀県,全体,45.5
全施設,2012,滋賀県,旅館,32.0
全施設,2012,熊本県,シティホテル,67.2
全施設,2012,熊本県,ビジネスホテル,58.5
全施設,2012,熊本県,リゾートホテル,52.4
全施設,2012,熊本県,会社・団体の宿泊所,34.7
全施設,2012,熊本県,全体,50.0
全施設,2012,熊本県,旅館,36.3
全施設,2012,石川県,シティホテル,69.8
全施設,2012,石川県,ビジネスホテル,67.6
全施設,2012,石川県,リゾートホテル,48.4
全施設,2012,石川県,会社・団体の宿泊所,47.8
全施設,2012,石川県,全体,58.5
全施設,2012,石川県,旅館,44.6
全施設,2012,神奈川県,シティホテル,78.9
全施設,2012,神奈川県,ビジネスホテル,76.3
全施設,2012,神奈川県,リゾートホテル,64.2
全施設,2012,神奈川県,会社・団体の宿泊所,32.6
全施設,2012,神奈川県,全体,65.2
全施設,2012,神奈川県,旅館,46.1
全施設,2012,福井県,シティホテル,51.7
全施設,2012,福井県,ビジネスホテル,60.5
全施設,2012,福井県,リゾートホテル,44.5
全施設,2012,福井県,会社・団体の宿泊所,31.7
全施設,2012,福井県,全体,40.2
全施設,2012,福井県,旅館,28.5
全施設,2012,福岡県,シティホテル,72.4
全施設,2012,福岡県,ビジネスホテル,67.1
全施設,2012,福岡県,リゾートホテル,16.4
全施設,2012,福岡県,会社・団体の宿泊所,39.2
全施設,2012,福岡県,全体,55.0
全施設,2012,福岡県,旅館,29.2
全施設,2012,福島県,シティホテル,76.9
全施設,2012,福島県,ビジネスホテル,76.4
全施設,2012,福島県,リゾートホテル,36.5
全施設,2012,福島県,会社・団体の宿泊所,23.5
全施設,2012,福島県,全体,50.7
全施設,2012,福島県,旅館,35.2
全施設,2012,秋田県,シティホテル,63.4
全施設,2012,秋田県,ビジネスホテル,59.2
全施設,2012,秋田県,リゾートホテル,42.5
全施設,2012,秋田県,会社・団体の宿泊所,30.5
全施設,2012,秋田県,全体,44.4
全施設,2012,秋田県,旅館,31.1
全施設,2012,群馬県,シティホテル,53.8
全施設,2012,群馬県,ビジネスホテル,58.9
全施設,2012,群馬県,リゾートホテル,44.3
全施設,2012,群馬県,会社・団体の宿泊所,35.3
全施設,2012,群馬県,全体,45.7
全施設,2012,群馬県,旅館,41.4
全施設,2012,茨城県,シティホテル,59.8
全施設,2012,茨城県,ビジネスホテル,62.8
全施設,2012,茨城県,リゾートホテル,44.3
全施設,2012,茨城県,会社・団体の宿泊所,49.1
全施設,2012,茨城県,全体,50.0
全施設,2012,茨城県,旅館,28.2
全施設,2012,長崎県,シティホテル,62.4
全施設,2012,長崎県,ビジネスホテル,62.4
全施設,2012,長崎県,リゾートホテル,48.2
全施設,2012,長崎県,会社・団体の宿泊所,41.4
全施設,2012,長崎県,全体,49.0
全施設,2012,長崎県,旅館,33.6
全施設,2012,長野県,シティホテル,68.8
全施設,2012,長野県,ビジネスホテル,61.1
全施設,2012,長野県,リゾートホテル,38.3
全施設,2012,長野県,会社・団体の宿泊所,23.2
全施設,2012,長野県,全体,35.1
全施設,2012,長野県,旅館,26.2
全施設,2012,青森県,シティホテル,41.6
全施設,2012,青森県,ビジネスホテル,60.5
全施設,2012,青森県,リゾートホテル,40.5
全施設,2012,青森県,会社・団体の宿泊所,11.9
全施設,2012,青森県,全体,49.5
全施設,2012,青森県,旅館,37.3
全施設,2012,静岡県,シティホテル,63.4
全施設,2012,静岡県,ビジネスホテル,62.2
全施設,2012,静岡県,リゾートホテル,48.7
全施設,2012,静岡県,会社・団体の宿泊所,34.0
全施設,2012,静岡県,全体,49.4
全施設,2012,静岡県,旅館,38.2
全施設,2012,香川県,シティホテル,62.1
全施設,2012,香川県,ビジネスホテル,57.8
全施設,2012,香川県,リゾートホテル,51.6
全施設,2012,香川県,会社・団体の宿泊所,50.5
全施設,2012,香川県,全体,52.9
全施設,2012,香川県,旅館,40.4
全施設,2012,高知県,シティホテル,61.5
全施設,2012,高知県,ビジネスホテル,55.5
全施設,2012,高知県,リゾートホテル,43.2
全施設,2012,高知県,会社・団体の宿泊所,0.0
全施設,2012,高知県,全体,46.6
全施設,2012,高知県,旅館,28.6
全施設,2012,鳥取県,シティホテル,64.1
全施設,2012,鳥取県,ビジネスホテル,54.6
全施設,2012,鳥取県,リゾートホテル,38.2
全施設,2012,鳥取県,会社・団体の宿泊所,0.0
全施設,2012,鳥取県,全体,44.1
全施設,2012,鳥取県,旅館,33.7
全施設,2012,鹿児島県,シティホテル,62.2
全施設,2012,鹿児島県,ビジネスホテル,59.0
全施設,2012,鹿児島県,リゾートホテル,39.5
全施設,2012,鹿児島県,会社・団体の宿泊所,26.4
全施設,2012,鹿児島県,全体,47.8
全施設,2012,鹿児島県,旅館,39.0
全施設,2013,三重県,シティホテル,68.3
全施設,2013,三重県,ビジネスホテル,67.6
全施設,2013,三重県,リゾートホテル,50.5
全施設,2013,三重県,会社・団体の宿泊所,22.4
全施設,2013,三重県,全体,46.6
全施設,2013,三重県,旅館,31.0
全施設,2013,京都府,シティホテル,82.9
全施設,2013,京都府,ビジネスホテル,80.7
全施設,2013,京都府,リゾートホテル,56.9
全施設,2013,京都府,会社・団体の宿泊所,55.6
全施設,2013,京都府,全体,68.3
全施設,2013,京都府,旅館,41.7
全施設,2013,佐賀県,シティホテル,48.4
全施設,2013,佐賀県,ビジネスホテル,65.0
全施設,2013,佐賀県,リゾートホテル,47.5
全施設,2013,佐賀県,会社・団体の宿泊所,8.6
全施設,2013,佐賀県,全体,50.2
全施設,2013,佐賀県,旅館,40.5
全施設,2013,全国,シティホテル,75.7
全施設,2013,全国,ビジネスホテル,69.5
全施設,2013,全国,リゾートホテル,52.3
全施設,2013,全国,会社・団体の宿泊所,30.4
全施設,2013,全国,全体,55.2
全施設,2013,全国,旅館,33.4
全施設,2013,兵庫県,シティホテル,73.3
全施設,2013,兵庫県,ビジネスホテル,68.2
全施設,2013,兵庫県,リゾートホテル,51.4
全施設,2013,兵庫県,会社・団体の宿泊所,30.3
全施設,2013,兵庫県,全体,52.1
全施設,2013,兵庫県,旅館,35.3
全施設,2013,北海道,シティホテル,69.3
全施設,2013,北海道,ビジネスホテル,66.9
全施設,2013,北海道,リゾートホテル,43.4
全施設,2013,北海道,会社・団体の宿泊所,38.0
全施設,2013,北海道,全体,56.3
全施設,2013,北海道,旅館,44.0
全施設,2013,千葉県,シティホテル,78.1
全施設,2013,千葉県,ビジネスホテル,71.4
全施設,2013,千葉県,リゾートホテル,80.6
全施設,2013,千葉県,会社・団体の宿泊所,20.2
全施設,2013,千葉県,全体,65.2
全施設,2013,千葉県,旅館,29.5
全施設,2013,和歌山県,シティホテル,64.7
全施設,2013,和歌山県,ビジネスホテル,54.9
全施設,2013,和歌山県,リゾートホテル,42.8
全施設,2013,和歌山県,会社・団体の宿泊所,27.5
全施設,2013,和歌山県,全体,38.5
全施設,2013,和歌山県,旅館,35.1
全施設,2013,埼玉県,シティホテル,73.4
全施設,2013,埼玉県,ビジネスホテル,75.5
全施設,2013,埼玉県,リゾートホテル,33.0
全施設,2013,埼玉県,会社・団体の宿泊所,18.9
全施設,2013,埼玉県,全体,61.3
全施設,2013,埼玉県,旅館,23.8
全施設,2013,大分県,シティホテル,65.8
全施設,2013,大分県,ビジネスホテル,61.7
全施設,2013,大分県,リゾートホテル,61.9
全施設,2013,大分県,会社・団体の宿泊所,31.2
全施設,2013,大分県,全体,51.3
全施設,2013,大分県,旅館,39.7
全施設,2013,大阪府,シティホテル,82.5
全施設,2013,大阪府,ビジネスホテル,78.6
全施設,2013,大阪府,リゾートホテル,79.5
全施設,2013,大阪府,会社・団体の宿泊所,31.9
全施設,2013,大阪府,全体,76.2
全施設,2013,大阪府,旅館,40.1
全施設,2013,奈良県,シティホテル,74.9
全施設,2013,奈良県,ビジネスホテル,68.6
全施設,2013,奈良県,リゾートホテル,55.4
全施設,2013,奈良県,会社・団体の宿泊所,33.9
全施設,2013,奈良県,全体,44.6
全施設,2013,奈良県,旅館,25.8
全施設,2013,宮城県,シティホテル,69.1
全施設,2013,宮城県,ビジネスホテル,78.7
全施設,2013,宮城県,リゾートホテル,44.4
全施設,2013,宮城県,会社・団体の宿泊所,23.4
全施設,2013,宮城県,全体,64.4
全施設,2013,宮城県,旅館,46.5
全施設,2013,宮崎県,シティホテル,63.8
全施設,2013,宮崎県,ビジネスホテル,56.0
全施設,2013,宮崎県,リゾートホテル,39.5
全施設,2013,宮崎県,会社・団体の宿泊所,0.0
全施設,2013,宮崎県,全体,45.9
全施設,2013,宮崎県,旅館,28.5
全施設,2013,富山県,シティホテル,70.6
全施設,2013,富山県,ビジネスホテル,62.6
全施設,2013,富山県,リゾートホテル,46.9
全施設,2013,富山県,会社・団体の宿泊所,35.8
全施設,2013,富山県,全体,50.3
全施設,2013,富山県,旅館,30.4
全施設,2013,山口県,シティホテル,58.3
全施設,2013,山口県,ビジネスホテル,62.2
全施設,2013,山口県,リゾートホテル,49.8
全施設,2013,山口県,会社・団体の宿泊所,9.8
全施設,2013,山口県,全体,53.0
全施設,2013,山口県,旅館,33.6
全施設,2013,山形県,シティホテル,61.9
全施設,2013,山形県,ビジネスホテル,68.0
全施設,2013,山形県,リゾートホテル,36.6
全施設,2013,山形県,会社・団体の宿泊所,29.5
全施設,2013,山形県,全体,44.6
全施設,2013,山形県,旅館,30.4
全施設,2013,山梨県,シティホテル,71.6
全施設,2013,山梨県,ビジネスホテル,64.6
全施設,2013,山梨県,リゾートホテル,53.8
全施設,2013,山梨県,会社・団体の宿泊所,15.9
全施設,2013,山梨県,全体,39.8
全施設,2013,山梨県,旅館,30.4
全施設,2013,岐阜県,シティホテル,58.3
全施設,2013,岐阜県,ビジネスホテル,59.1
全施設,2013,岐阜県,リゾートホテル,52.0
全施設,2013,岐阜県,会社・団体の宿泊所,24.8
全施設,2013,岐阜県,全体,44.1
全施設,2013,岐阜県,旅館,33.6
全施設,2013,岡山県,シティホテル,58.8
全施設,2013,岡山県,ビジネスホテル,68.0
全施設,2013,岡山県,リゾートホテル,34.7
全施設,2013,岡山県,会社・団体の宿泊所,10.6
全施設,2013,岡山県,全体,54.5
全施設,2013,岡山県,旅館,33.5
全施設,2013,岩手県,シティホテル,67.4
全施設,2013,岩手県,ビジネスホテル,66.8
全施設,2013,岩手県,リゾートホテル,36.0
全施設,2013,岩手県,会社・団体の宿泊所,66.6
全施設,2013,岩手県,全体,50.4
全施設,2013,岩手県,旅館,45.1
全施設,2013,島根県,シティホテル,62.3
全施設,2013,島根県,ビジネスホテル,71.2
全施設,2013,島根県,リゾートホテル,29.7
全施設,2013,島根県,会社・団体の宿泊所,57.1
全施設,2013,島根県,全体,51.4
全施設,2013,島根県,旅館,38.2
全施設,2013,広島県,シティホテル,80.8
全施設,2013,広島県,ビジネスホテル,68.1
全施設,2013,広島県,リゾートホテル,52.1
全施設,2013,広島県,会社・団体の宿泊所,21.5
全施設,2013,広島県,全体,57.6
全施設,2013,広島県,旅館,29.9
全施設,2013,徳島県,シティホテル,56.3
全施設,2013,徳島県,ビジネスホテル,59.1
全施設,2013,徳島県,リゾートホテル,42.3
全施設,2013,徳島県,会社・団体の宿泊所,23.2
全施設,2013,徳島県,全体,46.0
全施設,2013,徳島県,旅館,27.0
全施設,2013,愛媛県,シティホテル,64.1
全施設,2013,愛媛県,ビジネスホテル,58.9
全施設,2013,愛媛県,リゾートホテル,35.8
全施設,2013,愛媛県,会社・団体の宿泊所,25.1
全施設,2013,愛媛県,全体,48.3
全施設,2013,愛媛県,旅館,41.7
全施設,2013,愛知県,シティホテル,77.4
全施設,2013,愛知県,ビジネスホテル,67.7
全施設,2013,愛知県,リゾートホテル,42.6
全施設,2013,愛知県,会社・団体の宿泊所,39.6
全施設,2013,愛知県,全体,62.1
全施設,2013,愛知県,旅館,30.0
全施設,2013,新潟県,シティホテル,62.1
全施設,2013,新潟県,ビジネスホテル,62.9
全施設,2013,新潟県,リゾートホテル,30.1
全施設,2013,新潟県,会社・団体の宿泊所,53.0
全施設,2013,新潟県,全体,38.3
全施設,2013,新潟県,旅館,23.4
全施設,2013,東京都,シティホテル,85.0
全施設,2013,東京都,ビジネスホテル,82.7
全施設,2013,東京都,リゾートホテル,69.4
全施設,2013,東京都,会社・団体の宿泊所,62.6
全施設,2013,東京都,全体,81.1
全施設,2013,東京都,旅館,34.8
全施設,2013,栃木県,シティホテル,57.2
全施設,2013,栃木県,ビジネスホテル,65.4
全施設,2013,栃木県,リゾートホテル,43.4
全施設,2013,栃木県,会社・団体の宿泊所,28.7
全施設,2013,栃木県,全体,47.6
全施設,2013,栃木県,旅館,36.5
全施設,2013,沖縄県,シティホテル,68.2
全施設,2013,沖縄県,ビジネスホテル,68.7
全施設,2013,沖縄県,リゾートホテル,66.1
全施設,2013,沖縄県,会社・団体の宿泊所,17.8
全施設,2013,沖縄県,全体,57.0
全施設,2013,沖縄県,旅館,30.2
全施設,2013,滋賀県,シティホテル,70.1
全施設,2013,滋賀県,ビジネスホテル,56.8
全施設,2013,滋賀県,リゾートホテル,54.5
全施設,2013,滋賀県,会社・団体の宿泊所,17.4
全施設,2013,滋賀県,全体,45.6
全施設,2013,滋賀県,旅館,37.5
全施設,2013,熊本県,シティホテル,68.9
全施設,2013,熊本県,ビジネスホテル,62.0
全施設,2013,熊本県,リゾートホテル,59.2
全施設,2013,熊本県,会社・団体の宿泊所,25.4
全施設,2013,熊本県,全体,50.1
全施設,2013,熊本県,旅館,36.3
全施設,2013,石川県,シティホテル,70.8
全施設,2013,石川県,ビジネスホテル,65.0
全施設,2013,石川県,リゾートホテル,49.5
全施設,2013,石川県,会社・団体の宿泊所,45.6
全施設,2013,石川県,全体,56.6
全施設,2013,石川県,旅館,43.4
全施設,2013,神奈川県,シティホテル,79.6
全施設,2013,神奈川県,ビジネスホテル,77.8
全施設,2013,神奈川県,リゾートホテル,62.8
全施設,2013,神奈川県,会社・団体の宿泊所,33.9
全施設,2013,神奈川県,全体,62.5
全施設,2013,神奈川県,旅館,40.7
全施設,2013,福井県,シティホテル,46.4
全施設,2013,福井県,ビジネスホテル,55.2
全施設,2013,福井県,リゾートホテル,40.6
全施設,2013,福井県,会社・団体の宿泊所,21.9
全施設,2013,福井県,全体,33.7
全施設,2013,福井県,旅館,21.1
全施設,2013,福岡県,シティホテル,75.9
全施設,2013,福岡県,ビジネスホテル,70.2
全施設,2013,福岡県,リゾートホテル,57.9
全施設,2013,福岡県,会社・団体の宿泊所,39.4
全施設,2013,福岡県,全体,62.2
全施設,2013,福岡県,旅館,20.7
全施設,2013,福島県,シティホテル,72.3
全施設,2013,福島県,ビジネスホテル,79.2
全施設,2013,福島県,リゾートホテル,35.2
全施設,2013,福島県,会社・団体の宿泊所,19.9
全施設,2013,福島県,全体,47.4
全施設,2013,福島県,旅館,31.1
全施設,2013,秋田県,シティホテル,62.2
全施設,2013,秋田県,ビジネスホテル,60.4
全施設,2013,秋田県,リゾートホテル,43.2
全施設,2013,秋田県,会社・団体の宿泊所,22.5
全施設,2013,秋田県,全体,45.6
全施設,2013,秋田県,旅館,30.8
全施設,2013,群馬県,シティホテル,63.9
全施設,2013,群馬県,ビジネスホテル,61.0
全施設,2013,群馬県,リゾートホテル,43.6
全施設,2013,群馬県,会社・団体の宿泊所,37.3
全施設,2013,群馬県,全体,46.1
全施設,2013,群馬県,旅館,42.5
全施設,2013,茨城県,シティホテル,64.0
全施設,2013,茨城県,ビジネスホテル,60.7
全施設,2013,茨城県,リゾートホテル,52.3
全施設,2013,茨城県,会社・団体の宿泊所,14.5
全施設,2013,茨城県,全体,46.9
全施設,2013,茨城県,旅館,23.8
全施設,2013,長崎県,シティホテル,64.6
全施設,2013,長崎県,ビジネスホテル,67.5
全施設,2013,長崎県,リゾートホテル,57.1
全施設,2013,長崎県,会社・団体の宿泊所,30.4
全施設,2013,長崎県,全体,49.8
全施設,2013,長崎県,旅館,35.5
全施設,2013,長野県,シティホテル,72.2
全施設,2013,長野県,ビジネスホテル,64.1
全施設,2013,長野県,リゾートホテル,38.0
全施設,2013,長野県,会社・団体の宿泊所,23.6
全施設,2013,長野県,全体,32.8
全施設,2013,長野県,旅館,22.5
全施設,2013,青森県,シティホテル,50.8
全施設,2013,青森県,ビジネスホテル,66.5
全施設,2013,青森県,リゾートホテル,41.0
全施設,2013,青森県,会社・団体の宿泊所,14.7
全施設,2013,青森県,全体,47.8
全施設,2013,青森県,旅館,33.6
全施設,2013,静岡県,シティホテル,63.2
全施設,2013,静岡県,ビジネスホテル,61.6
全施設,2013,静岡県,リゾートホテル,51.2
全施設,2013,静岡県,会社・団体の宿泊所,27.8
全施設,2013,静岡県,全体,48.2
全施設,2013,静岡県,旅館,39.2
全施設,2013,香川県,シティホテル,62.4
全施設,2013,香川県,ビジネスホテル,52.6
全施設,2013,香川県,リゾートホテル,57.1
全施設,2013,香川県,会社・団体の宿泊所,35.0
全施設,2013,香川県,全体,47.4
全施設,2013,香川県,旅館,31.8
全施設,2013,高知県,シティホテル,61.6
全施設,2013,高知県,ビジネスホテル,54.9
全施設,2013,高知県,リゾートホテル,44.6
全施設,2013,高知県,会社・団体の宿泊所,11.5
全施設,2013,高知県,全体,42.8
全施設,2013,高知県,旅館,29.1
全施設,2013,鳥取県,シティホテル,69.6
全施設,2013,鳥取県,ビジネスホテル,68.7
全施設,2013,鳥取県,リゾートホテル,33.9
全施設,2013,鳥取県,会社・団体の宿泊所,0.0
全施設,2013,鳥取県,全体,51.9
全施設,2013,鳥取県,旅館,39.2
全施設,2013,鹿児島県,シティホテル,64.9
全施設,2013,鹿児島県,ビジネスホテル,62.4
全施設,2013,鹿児島県,リゾートホテル,38.0
全施設,2013,鹿児島県,会社・団体の宿泊所,14.8
全施設,2013,鹿児島県,全体,48.6
全施設,2013,鹿児島県,旅館,33.8
全施設,2014,三重県,シティホテル,68.6
全施設,2014,三重県,ビジネスホテル,61.8
全施設,2014,三重県,リゾートホテル,48.3
全施設,2014,三重県,会社・団体の宿泊所,26.5
全施設,2014,三重県,全体,45.8
全施設,2014,三重県,旅館,34.9
全施設,2014,京都府,シティホテル,82.3
全施設,2014,京都府,ビジネスホテル,81.2
全施設,2014,京都府,リゾートホテル,55.6
全施設,2014,京都府,会社・団体の宿泊所,32.7
全施設,2014,京都府,全体,67.7
全施設,2014,京都府,旅館,43.8
全施設,2014,佐賀県,シティホテル,52.1
全施設,2014,佐賀県,ビジネスホテル,63.6
全施設,2014,佐賀県,リゾートホテル,58.2
全施設,2014,佐賀県,会社・団体の宿泊所,10.2
全施設,2014,佐賀県,全体,52.5
全施設,2014,佐賀県,旅館,42.0
全施設,2014,全国,シティホテル,77.3
全施設,2014,全国,ビジネスホテル,72.1
全施設,2014,全国,リゾートホテル,54.0
全施設,2014,全国,会社・団体の宿泊所,28.8
全施設,2014,全国,全体,57.4
全施設,2014,全国,旅館,35.2
全施設,2014,兵庫県,シティホテル,74.3
全施設,2014,兵庫県,ビジネスホテル,75.2
全施設,2014,兵庫県,リゾートホテル,54.1
全施設,2014,兵庫県,会社・団体の宿泊所,37.7
全施設,2014,兵庫県,全体,54.9
全施設,2014,兵庫県,旅館,32.5
全施設,2014,北海道,シティホテル,72.6
全施設,2014,北海道,ビジネスホテル,66.4
全施設,2014,北海道,リゾートホテル,46.4
全施設,2014,北海道,会社・団体の宿泊所,37.7
全施設,2014,北海道,全体,57.8
全施設,2014,北海道,旅館,47.0
全施設,2014,千葉県,シティホテル,79.2
全施設,2014,千葉県,ビジネスホテル,72.8
全施設,2014,千葉県,リゾートホテル,80.6
全施設,2014,千葉県,会社・団体の宿泊所,27.4
全施設,2014,千葉県,全体,66.8
全施設,2014,千葉県,旅館,31.7
全施設,2014,和歌山県,シティホテル,64.3
全施設,2014,和歌山県,ビジネスホテル,54.8
全施設,2014,和歌山県,リゾートホテル,47.3
全施設,2014,和歌山県,会社・団体の宿泊所,21.6
全施設,2014,和歌山県,全体,39.9
全施設,2014,和歌山県,旅館,39.1
全施設,2014,埼玉県,シティホテル,77.1
全施設,2014,埼玉県,ビジネスホテル,76.3
全施設,2014,埼玉県,リゾートホテル,33.1
全施設,2014,埼玉県,会社・団体の宿泊所,23.6
全施設,2014,埼玉県,全体,64.4
全施設,2014,埼玉県,旅館,29.0
全施設,2014,大分県,シティホテル,70.5
全施設,2014,大分県,ビジネスホテル,67.6
全施設,2014,大分県,リゾートホテル,60.8
全施設,2014,大分県,会社・団体の宿泊所,34.2
全施設,2014,大分県,全体,53.6
全施設,2014,大分県,旅館,38.6
全施設,2014,大阪府,シティホテル,85.5
全施設,2014,大阪府,ビジネスホテル,83.2
全施設,2014,大阪府,リゾートホテル,85.8
全施設,2014,大阪府,会社・団体の宿泊所,27.0
全施設,2014,大阪府,全体,81.0
全施設,2014,大阪府,旅館,43.1
全施設,2014,奈良県,シティホテル,75.6
全施設,2014,奈良県,ビジネスホテル,61.6
全施設,2014,奈良県,リゾートホテル,53.5
全施設,2014,奈良県,会社・団体の宿泊所,19.2
全施設,2014,奈良県,全体,42.8
全施設,2014,奈良県,旅館,25.2
全施設,2014,宮城県,シティホテル,71.7
全施設,2014,宮城県,ビジネスホテル,74.7
全施設,2014,宮城県,リゾートホテル,44.6
全施設,2014,宮城県,会社・団体の宿泊所,30.0
全施設,2014,宮城県,全体,60.5
全施設,2014,宮城県,旅館,42.4
全施設,2014,宮崎県,シティホテル,60.8
全施設,2014,宮崎県,ビジネスホテル,56.7
全施設,2014,宮崎県,リゾートホテル,34.5
全施設,2014,宮崎県,会社・団体の宿泊所,15.4
全施設,2014,宮崎県,全体,46.5
全施設,2014,宮崎県,旅館,32.8
全施設,2014,富山県,シティホテル,71.8
全施設,2014,富山県,ビジネスホテル,61.2
全施設,2014,富山県,リゾートホテル,38.9
全施設,2014,富山県,会社・団体の宿泊所,27.3
全施設,2014,富山県,全体,48.2
全施設,2014,富山県,旅館,31.1
全施設,2014,山口県,シティホテル,62.3
全施設,2014,山口県,ビジネスホテル,69.8
全施設,2014,山口県,リゾートホテル,52.0
全施設,2014,山口県,会社・団体の宿泊所,21.8
全施設,2014,山口県,全体,58.3
全施設,2014,山口県,旅館,37.8
全施設,2014,山形県,シティホテル,64.0
全施設,2014,山形県,ビジネスホテル,66.7
全施設,2014,山形県,リゾートホテル,38.6
全施設,2014,山形県,会社・団体の宿泊所,17.9
全施設,2014,山形県,全体,47.1
全施設,2014,山形県,旅館,32.8
全施設,2014,山梨県,シティホテル,65.0
全施設,2014,山梨県,ビジネスホテル,67.9
全施設,2014,山梨県,リゾートホテル,56.8
全施設,2014,山梨県,会社・団体の宿泊所,17.9
全施設,2014,山梨県,全体,43.3
全施設,2014,山梨県,旅館,35.9
全施設,2014,岐阜県,シティホテル,63.8
全施設,2014,岐阜県,ビジネスホテル,66.4
全施設,2014,岐阜県,リゾートホテル,52.5
全施設,2014,岐阜県,会社・団体の宿泊所,17.9
全施設,2014,岐阜県,全体,46.2
全施設,2014,岐阜県,旅館,32.8
全施設,2014,岡山県,シティホテル,64.7
全施設,2014,岡山県,ビジネスホテル,72.7
全施設,2014,岡山県,リゾートホテル,37.4
全施設,2014,岡山県,会社・団体の宿泊所,17.2
全施設,2014,岡山県,全体,57.1
全施設,2014,岡山県,旅館,32.1
全施設,2014,岩手県,シティホテル,64.5
全施設,2014,岩手県,ビジネスホテル,69.4
全施設,2014,岩手県,リゾートホテル,39.4
全施設,2014,岩手県,会社・団体の宿泊所,27.3
全施設,2014,岩手県,全体,51.8
全施設,2014,岩手県,旅館,41.0
全施設,2014,島根県,シティホテル,64.7
全施設,2014,島根県,ビジネスホテル,69.7
全施設,2014,島根県,リゾートホテル,36.8
全施設,2014,島根県,会社・団体の宿泊所,52.9
全施設,2014,島根県,全体,54.1
全施設,2014,島根県,旅館,40.7
全施設,2014,広島県,シティホテル,79.5
全施設,2014,広島県,ビジネスホテル,73.5
全施設,2014,広島県,リゾートホテル,55.3
全施設,2014,広島県,会社・団体の宿泊所,25.1
全施設,2014,広島県,全体,63.3
全施設,2014,広島県,旅館,37.0
全施設,2014,徳島県,シティホテル,65.9
全施設,2014,徳島県,ビジネスホテル,67.0
全施設,2014,徳島県,リゾートホテル,49.9
全施設,2014,徳島県,会社・団体の宿泊所,20.3
全施設,2014,徳島県,全体,52.9
全施設,2014,徳島県,旅館,30.6
全施設,2014,愛媛県,シティホテル,67.5
全施設,2014,愛媛県,ビジネスホテル,63.3
全施設,2014,愛媛県,リゾートホテル,41.9
全施設,2014,愛媛県,会社・団体の宿泊所,39.9
全施設,2014,愛媛県,全体,53.3
全施設,2014,愛媛県,旅館,43.2
全施設,2014,愛知県,シティホテル,80.9
全施設,2014,愛知県,ビジネスホテル,74.1
全施設,2014,愛知県,リゾートホテル,50.4
全施設,2014,愛知県,会社・団体の宿泊所,35.7
全施設,2014,愛知県,全体,66.4
全施設,2014,愛知県,旅館,30.6
全施設,2014,新潟県,シティホテル,64.6
全施設,2014,新潟県,ビジネスホテル,64.6
全施設,2014,新潟県,リゾートホテル,27.8
全施設,2014,新潟県,会社・団体の宿泊所,15.5
全施設,2014,新潟県,全体,39.3
全施設,2014,新潟県,旅館,23.6
全施設,2014,東京都,シティホテル,83.2
全施設,2014,東京都,ビジネスホテル,84.2
全施設,2014,東京都,リゾートホテル,72.9
全施設,2014,東京都,会社・団体の宿泊所,63.6
全施設,2014,東京都,全体,78.8
全施設,2014,東京都,旅館,41.8
全施設,2014,栃木県,シティホテル,59.1
全施設,2014,栃木県,ビジネスホテル,70.4
全施設,2014,栃木県,リゾートホテル,51.0
全施設,2014,栃木県,会社・団体の宿泊所,24.0
全施設,2014,栃木県,全体,48.7
全施設,2014,栃木県,旅館,37.6
全施設,2014,沖縄県,シティホテル,77.7
全施設,2014,沖縄県,ビジネスホテル,69.4
全施設,2014,沖縄県,リゾートホテル,74.4
全施設,2014,沖縄県,会社・団体の宿泊所,14.4
全施設,2014,沖縄県,全体,62.0
全施設,2014,沖縄県,旅館,25.1
全施設,2014,滋賀県,シティホテル,72.0
全施設,2014,滋賀県,ビジネスホテル,64.2
全施設,2014,滋賀県,リゾートホテル,53.1
全施設,2014,滋賀県,会社・団体の宿泊所,22.9
全施設,2014,滋賀県,全体,50.0
全施設,2014,滋賀県,旅館,34.8
全施設,2014,熊本県,シティホテル,71.3
全施設,2014,熊本県,ビジネスホテル,68.0
全施設,2014,熊本県,リゾートホテル,58.6
全施設,2014,熊本県,会社・団体の宿泊所,24.9
全施設,2014,熊本県,全体,52.7
全施設,2014,熊本県,旅館,34.9
全施設,2014,石川県,シティホテル,71.2
全施設,2014,石川県,ビジネスホテル,69.6
全施設,2014,石川県,リゾートホテル,49.2
全施設,2014,石川県,会社・団体の宿泊所,40.2
全施設,2014,石川県,全体,56.1
全施設,2014,石川県,旅館,46.0
全施設,2014,神奈川県,シティホテル,81.7
全施設,2014,神奈川県,ビジネスホテル,79.9
全施設,2014,神奈川県,リゾートホテル,64.7
全施設,2014,神奈川県,会社・団体の宿泊所,35.0
全施設,2014,神奈川県,全体,67.2
全施設,2014,神奈川県,旅館,48.0
全施設,2014,福井県,シティホテル,45.6
全施設,2014,福井県,ビジネスホテル,65.7
全施設,2014,福井県,リゾートホテル,40.2
全施設,2014,福井県,会社・団体の宿泊所,19.8
全施設,2014,福井県,全体,37.3
全施設,2014,福井県,旅館,26.1
全施設,2014,福岡県,シティホテル,78.6
全施設,2014,福岡県,ビジネスホテル,73.3
全施設,2014,福岡県,リゾートホテル,60.7
全施設,2014,福岡県,会社・団体の宿泊所,31.7
全施設,2014,福岡県,全体,66.7
全施設,2014,福岡県,旅館,24.7
全施設,2014,福島県,シティホテル,78.4
全施設,2014,福島県,ビジネスホテル,79.5
全施設,2014,福島県,リゾートホテル,38.9
全施設,2014,福島県,会社・団体の宿泊所,22.0
全施設,2014,福島県,全体,49.3
全施設,2014,福島県,旅館,32.7
全施設,2014,秋田県,シティホテル,61.9
全施設,2014,秋田県,ビジネスホテル,60.6
全施設,2014,秋田県,リゾートホテル,41.4
全施設,2014,秋田県,会社・団体の宿泊所,15.3
全施設,2014,秋田県,全体,48.8
全施設,2014,秋田県,旅館,34.9
全施設,2014,群馬県,シティホテル,69.4
全施設,2014,群馬県,ビジネスホテル,65.3
全施設,2014,群馬県,リゾートホテル,40.3
全施設,2014,群馬県,会社・団体の宿泊所,24.1
全施設,2014,群馬県,全体,46.2
全施設,2014,群馬県,旅館,40.2
全施設,2014,茨城県,シティホテル,68.9
全施設,2014,茨城県,ビジネスホテル,62.4
全施設,2014,茨城県,リゾートホテル,59.9
全施設,2014,茨城県,会社・団体の宿泊所,54.2
全施設,2014,茨城県,全体,51.0
全施設,2014,茨城県,旅館,28.1
全施設,2014,長崎県,シティホテル,71.4
全施設,2014,長崎県,ビジネスホテル,69.8
全施設,2014,長崎県,リゾートホテル,56.5
全施設,2014,長崎県,会社・団体の宿泊所,19.0
全施設,2014,長崎県,全体,54.8
全施設,2014,長崎県,旅館,38.7
全施設,2014,長野県,シティホテル,69.0
全施設,2014,長野県,ビジネスホテル,66.4
全施設,2014,長野県,リゾートホテル,37.2
全施設,2014,長野県,会社・団体の宿泊所,18.2
全施設,2014,長野県,全体,34.2
全施設,2014,長野県,旅館,24.3
全施設,2014,青森県,シティホテル,53.5
全施設,2014,青森県,ビジネスホテル,59.3
全施設,2014,青森県,リゾートホテル,40.0
全施設,2014,青森県,会社・団体の宿泊所,7.3
全施設,2014,青森県,全体,49.8
全施設,2014,青森県,旅館,36.4
全施設,2014,静岡県,シティホテル,70.7
全施設,2014,静岡県,ビジネスホテル,64.0
全施設,2014,静岡県,リゾートホテル,50.0
全施設,2014,静岡県,会社・団体の宿泊所,28.8
全施設,2014,静岡県,全体,50.2
全施設,2014,静岡県,旅館,38.9
全施設,2014,香川県,シティホテル,59.6
全施設,2014,香川県,ビジネスホテル,65.7
全施設,2014,香川県,リゾートホテル,51.0
全施設,2014,香川県,会社・団体の宿泊所,36.5
全施設,2014,香川県,全体,50.3
全施設,2014,香川県,旅館,40.9
全施設,2014,高知県,シティホテル,58.9
全施設,2014,高知県,ビジネスホテル,62.2
全施設,2014,高知県,リゾートホテル,41.4
全施設,2014,高知県,会社・団体の宿泊所,8.1
全施設,2014,高知県,全体,45.6
全施設,2014,高知県,旅館,35.4
全施設,2014,鳥取県,シティホテル,72.9
全施設,2014,鳥取県,ビジネスホテル,71.3
全施設,2014,鳥取県,リゾートホテル,45.6
全施設,2014,鳥取県,会社・団体の宿泊所,3.8
全施設,2014,鳥取県,全体,47.5
全施設,2014,鳥取県,旅館,34.7
全施設,2014,鹿児島県,シティホテル,64.8
全施設,2014,鹿児島県,ビジネスホテル,65.6
全施設,2014,鹿児島県,リゾートホテル,41.8
全施設,2014,鹿児島県,会社・団体の宿泊所,49.7
全施設,2014,鹿児島県,全体,51.3
全施設,2014,鹿児島県,旅館,35.5
全施設,2015,三重県,シティホテル,74.3
全施設,2015,三重県,ビジネスホテル,65.9
全施設,2015,三重県,リゾートホテル,51.5
全施設,2015,三重県,会社・団体の宿泊所,18.6
全施設,2015,三重県,全体,50.2
全施設,2015,三重県,旅館,30.6
全施設,2015,三重県,簡易宿所,7.0
全施設,2015,京都府,シティホテル,85.7
全施設,2015,京都府,ビジネスホテル,83.2
全施設,2015,京都府,リゾートホテル,53.0
全施設,2015,京都府,会社・団体の宿泊所,43.7
全施設,2015,京都府,全体,71.3
全施設,2015,京都府,旅館,49.3
全施設,2015,京都府,簡易宿所,36.4
全施設,2015,佐賀県,シティホテル,56.2
全施設,2015,佐賀県,ビジネスホテル,61.9
全施設,2015,佐賀県,リゾートホテル,65.6
全施設,2015,佐賀県,会社・団体の宿泊所,10.8
全施設,2015,佐賀県,全体,55.0
全施設,2015,佐賀県,旅館,47.3
全施設,2015,佐賀県,簡易宿所,13.7
全施設,2015,全国,シティホテル,79.2
全施設,2015,全国,ビジネスホテル,74.2
全施設,2015,全国,リゾートホテル,56.0
全施設,2015,全国,会社・団体の宿泊所,27.7
全施設,2015,全国,全体,60.3
全施設,2015,全国,旅館,37.0
全施設,2015,全国,簡易宿所,27.1
全施設,2015,兵庫県,シティホテル,80.2
全施設,2015,兵庫県,ビジネスホテル,80.8
全施設,2015,兵庫県,リゾートホテル,58.8
全施設,2015,兵庫県,会社・団体の宿泊所,31.9
全施設,2015,兵庫県,全体,60.1
全施設,2015,兵庫県,旅館,36.2
全施設,2015,兵庫県,簡易宿所,17.0
全施設,2015,北海道,シティホテル,77.5
全施設,2015,北海道,ビジネスホテル,72.3
全施設,2015,北海道,リゾートホテル,48.2
全施設,2015,北海道,会社・団体の宿泊所,32.9
全施設,2015,北海道,全体,61.8
全施設,2015,北海道,旅館,46.4
全施設,2015,北海道,簡易宿所,25.9
全施設,2015,千葉県,シティホテル,81.2
全施設,2015,千葉県,ビジネスホテル,71.9
全施設,2015,千葉県,リゾートホテル,82.9
全施設,2015,千葉県,会社・団体の宿泊所,33.0
全施設,2015,千葉県,全体,71.4
全施設,2015,千葉県,旅館,41.0
全施設,2015,千葉県,簡易宿所,29.5
全施設,2015,和歌山県,シティホテル,71.8
全施設,2015,和歌山県,ビジネスホテル,64.4
全施設,2015,和歌山県,リゾートホテル,54.5
全施設,2015,和歌山県,会社・団体の宿泊所,39.3
全施設,2015,和歌山県,全体,47.9
全施設,2015,和歌山県,旅館,40.9
全施設,2015,和歌山県,簡易宿所,15.1
全施設,2015,埼玉県,シティホテル,79.6
全施設,2015,埼玉県,ビジネスホテル,75.6
全施設,2015,埼玉県,リゾートホテル,35.6
全施設,2015,埼玉県,会社・団体の宿泊所,7.3
全施設,2015,埼玉県,全体,66.7
全施設,2015,埼玉県,旅館,24.7
全施設,2015,埼玉県,簡易宿所,24.8
全施設,2015,大分県,シティホテル,67.0
全施設,2015,大分県,ビジネスホテル,67.4
全施設,2015,大分県,リゾートホテル,60.0
全施設,2015,大分県,会社・団体の宿泊所,13.4
全施設,2015,大分県,全体,53.6
全施設,2015,大分県,旅館,36.5
全施設,2015,大分県,簡易宿所,14.6
全施設,2015,大阪府,シティホテル,86.8
全施設,2015,大阪府,ビジネスホテル,86.8
全施設,2015,大阪府,リゾートホテル,89.8
全施設,2015,大阪府,会社・団体の宿泊所,56.8
全施設,2015,大阪府,全体,84.8
全施設,2015,大阪府,旅館,50.5
全施設,2015,大阪府,簡易宿所,57.8
全施設,2015,奈良県,シティホテル,77.5
全施設,2015,奈良県,ビジネスホテル,68.2
全施設,2015,奈良県,リゾートホテル,73.4
全施設,2015,奈良県,全体,45.4
全施設,2015,奈良県,旅館,29.0
全施設,2015,奈良県,簡易宿所,20.7
全施設,2015,宮城県,シティホテル,69.9
全施設,2015,宮城県,ビジネスホテル,73.1
全施設,2015,宮城県,リゾートホテル,41.4
全施設,2015,宮城県,会社・団体の宿泊所,30.5
全施設,2015,宮城県,全体,61.3
全施設,2015,宮城県,旅館,45.9
全施設,2015,宮城県,簡易宿所,34.0
全施設,2015,宮崎県,シティホテル,60.6
全施設,2015,宮崎県,ビジネスホテル,65.0
全施設,2015,宮崎県,リゾートホテル,42.5
全施設,2015,宮崎県,会社・団体の宿泊所,38.1
全施設,2015,宮崎県,全体,52.7
全施設,2015,宮崎県,旅館,30.7
全施設,2015,宮崎県,簡易宿所,19.7
全施設,2015,富山県,シティホテル,71.2
全施設,2015,富山県,ビジネスホテル,72.9
全施設,2015,富山県,リゾートホテル,47.7
全施設,2015,富山県,会社・団体の宿泊所,22.3
全施設,2015,富山県,全体,55.2
全施設,2015,富山県,旅館,35.9
全施設,2015,富山県,簡易宿所,25.7
全施設,2015,山口県,シティホテル,65.1
全施設,2015,山口県,ビジネスホテル,66.9
全施設,2015,山口県,リゾートホテル,52.3
全施設,2015,山口県,会社・団体の宿泊所,12.3
全施設,2015,山口県,全体,59.9
全施設,2015,山口県,旅館,40.8
全施設,2015,山口県,簡易宿所,20.2
全施設,2015,山形県,シティホテル,67.8
全施設,2015,山形県,ビジネスホテル,67.9
全施設,2015,山形県,リゾートホテル,28.5
全施設,2015,山形県,会社・団体の宿泊所,36.2
全施設,2015,山形県,全体,47.1
全施設,2015,山形県,旅館,31.3
全施設,2015,山形県,簡易宿所,10.4
全施設,2015,山梨県,シティホテル,62.4
全施設,2015,山梨県,ビジネスホテル,71.5
全施設,2015,山梨県,リゾートホテル,58.2
全施設,2015,山梨県,会社・団体の宿泊所,30.5
全施設,2015,山梨県,全体,47.5
全施設,2015,山梨県,旅館,36.0
全施設,2015,山梨県,簡易宿所,19.1
全施設,2015,岐阜県,シティホテル,72.3
全施設,2015,岐阜県,ビジネスホテル,72.7
全施設,2015,岐阜県,リゾートホテル,52.0
全施設,2015,岐阜県,会社・団体の宿泊所,19.8
全施設,2015,岐阜県,全体,50.8
全施設,2015,岐阜県,旅館,38.4
全施設,2015,岐阜県,簡易宿所,19.6
全施設,2015,岡山県,シティホテル,66.1
全施設,2015,岡山県,ビジネスホテル,71.5
全施設,2015,岡山県,リゾートホテル,40.3
全施設,2015,岡山県,会社・団体の宿泊所,13.1
全施設,2015,岡山県,全体,55.5
全施設,2015,岡山県,旅館,29.5
全施設,2015,岡山県,簡易宿所,20.3
全施設,2015,岩手県,シティホテル,65.1
全施設,2015,岩手県,ビジネスホテル,69.5
全施設,2015,岩手県,リゾートホテル,40.6
全施設,2015,岩手県,会社・団体の宿泊所,58.8
全施設,2015,岩手県,全体,53.0
全施設,2015,岩手県,旅館,38.7
全施設,2015,岩手県,簡易宿所,29.4
全施設,2015,島根県,シティホテル,68.9
全施設,2015,島根県,ビジネスホテル,74.6
全施設,2015,島根県,リゾートホテル,33.2
全施設,2015,島根県,会社・団体の宿泊所,58.4
全施設,2015,島根県,全体,56.4
全施設,2015,島根県,旅館,36.9
全施設,2015,島根県,簡易宿所,22.2
全施設,2015,広島県,シティホテル,79.1
全施設,2015,広島県,ビジネスホテル,78.1
全施設,2015,広島県,リゾートホテル,58.3
全施設,2015,広島県,会社・団体の宿泊所,14.9
全施設,2015,広島県,全体,64.6
全施設,2015,広島県,旅館,36.8
全施設,2015,広島県,簡易宿所,29.4
全施設,2015,徳島県,シティホテル,62.3
全施設,2015,徳島県,ビジネスホテル,67.5
全施設,2015,徳島県,リゾートホテル,52.0
全施設,2015,徳島県,会社・団体の宿泊所,22.0
全施設,2015,徳島県,全体,50.4
全施設,2015,徳島県,旅館,26.4
全施設,2015,徳島県,簡易宿所,15.6
全施設,2015,愛媛県,シティホテル,69.1
全施設,2015,愛媛県,ビジネスホテル,64.4
全施設,2015,愛媛県,リゾートホテル,47.1
全施設,2015,愛媛県,会社・団体の宿泊所,19.7
全施設,2015,愛媛県,全体,54.0
全施設,2015,愛媛県,旅館,49.2
全施設,2015,愛媛県,簡易宿所,18.1
全施設,2015,愛知県,シティホテル,82.6
全施設,2015,愛知県,ビジネスホテル,78.0
全施設,2015,愛知県,リゾートホテル,56.4
全施設,2015,愛知県,会社・団体の宿泊所,35.9
全施設,2015,愛知県,全体,71.2
全施設,2015,愛知県,旅館,31.0
全施設,2015,愛知県,簡易宿所,43.6
全施設,2015,新潟県,シティホテル,65.2
全施設,2015,新潟県,ビジネスホテル,64.3
全施設,2015,新潟県,リゾートホテル,31.0
全施設,2015,新潟県,会社・団体の宿泊所,23.2
全施設,2015,新潟県,全体,41.6
全施設,2015,新潟県,旅館,25.3
全施設,2015,新潟県,簡易宿所,21.3
全施設,2015,東京都,シティホテル,83.6
全施設,2015,東京都,ビジネスホテル,85.3
全施設,2015,東京都,リゾートホテル,74.4
全施設,2015,東京都,会社・団体の宿泊所,55.1
全施設,2015,東京都,全体,82.6
全施設,2015,東京都,旅館,59.0
全施設,2015,東京都,簡易宿所,63.4
全施設,2015,栃木県,シティホテル,59.5
全施設,2015,栃木県,ビジネスホテル,67.4
全施設,2015,栃木県,リゾートホテル,49.3
全施設,2015,栃木県,会社・団体の宿泊所,20.0
全施設,2015,栃木県,全体,48.2
全施設,2015,栃木県,旅館,38.9
全施設,2015,栃木県,簡易宿所,11.7
全施設,2015,沖縄県,シティホテル,80.8
全施設,2015,沖縄県,ビジネスホテル,75.6
全施設,2015,沖縄県,リゾートホテル,75.0
全施設,2015,沖縄県,会社・団体の宿泊所,24.7
全施設,2015,沖縄県,全体,66.7
全施設,2015,沖縄県,旅館,11.9
全施設,2015,沖縄県,簡易宿所,34.8
全施設,2015,滋賀県,シティホテル,69.6
全施設,2015,滋賀県,ビジネスホテル,74.9
全施設,2015,滋賀県,リゾートホテル,58.2
全施設,2015,滋賀県,会社・団体の宿泊所,37.5
全施設,2015,滋賀県,全体,59.0
全施設,2015,滋賀県,旅館,32.5
全施設,2015,滋賀県,簡易宿所,20.3
全施設,2015,熊本県,シティホテル,71.1
全施設,2015,熊本県,ビジネスホテル,68.4
全施設,2015,熊本県,リゾートホテル,57.1
全施設,2015,熊本県,会社・団体の宿泊所,25.6
全施設,2015,熊本県,全体,55.3
全施設,2015,熊本県,旅館,38.7
全施設,2015,熊本県,簡易宿所,17.5
全施設,2015,石川県,シティホテル,79.0
全施設,2015,石川県,ビジネスホテル,77.4
全施設,2015,石川県,リゾートホテル,55.0
全施設,2015,石川県,会社・団体の宿泊所,13.9
全施設,2015,石川県,全体,65.1
全施設,2015,石川県,旅館,56.7
全施設,2015,石川県,簡易宿所,22.8
全施設,2015,神奈川県,シティホテル,82.0
全施設,2015,神奈川県,ビジネスホテル,79.4
全施設,2015,神奈川県,リゾートホテル,60.1
全施設,2015,神奈川県,会社・団体の宿泊所,29.7
全施設,2015,神奈川県,全体,66.8
全施設,2015,神奈川県,旅館,46.0
全施設,2015,神奈川県,簡易宿所,44.6
全施設,2015,福井県,シティホテル,56.6
全施設,2015,福井県,ビジネスホテル,69.4
全施設,2015,福井県,リゾートホテル,33.8
全施設,2015,福井県,会社・団体の宿泊所,14.7
全施設,2015,福井県,全体,42.7
全施設,2015,福井県,旅館,30.8
全施設,2015,福井県,簡易宿所,11.1
全施設,2015,福岡県,シティホテル,81.0
全施設,2015,福岡県,ビジネスホテル,71.4
全施設,2015,福岡県,リゾートホテル,66.0
全施設,2015,福岡県,会社・団体の宿泊所,26.8
全施設,2015,福岡県,全体,68.4
全施設,2015,福岡県,旅館,30.2
全施設,2015,福岡県,簡易宿所,31.7
全施設,2015,福島県,シティホテル,74.7
全施設,2015,福島県,ビジネスホテル,79.2
全施設,2015,福島県,リゾートホテル,43.5
全施設,2015,福島県,会社・団体の宿泊所,25.1
全施設,2015,福島県,全体,53.0
全施設,2015,福島県,旅館,36.3
全施設,2015,福島県,簡易宿所,9.1
全施設,2015,秋田県,シティホテル,64.1
全施設,2015,秋田県,ビジネスホテル,61.0
全施設,2015,秋田県,リゾートホテル,34.7
全施設,2015,秋田県,会社・団体の宿泊所,26.4
全施設,2015,秋田県,全体,45.6
全施設,2015,秋田県,旅館,32.3
全施設,2015,秋田県,簡易宿所,20.2
全施設,2015,群馬県,シティホテル,64.2
全施設,2015,群馬県,ビジネスホテル,67.6
全施設,2015,群馬県,リゾートホテル,41.3
全施設,2015,群馬県,会社・団体の宿泊所,39.8
全施設,2015,群馬県,全体,50.3
全施設,2015,群馬県,旅館,44.7
全施設,2015,群馬県,簡易宿所,10.7
全施設,2015,茨城県,シティホテル,67.2
全施設,2015,茨城県,ビジネスホテル,63.7
全施設,2015,茨城県,リゾートホテル,44.4
全施設,2015,茨城県,会社・団体の宿泊所,30.8
全施設,2015,茨城県,全体,51.7
全施設,2015,茨城県,旅館,24.9
全施設,2015,茨城県,簡易宿所,14.1
全施設,2015,長崎県,シティホテル,76.6
全施設,2015,長崎県,ビジネスホテル,72.0
全施設,2015,長崎県,リゾートホテル,66.2
全施設,2015,長崎県,会社・団体の宿泊所,27.9
全施設,2015,長崎県,全体,59.1
全施設,2015,長崎県,旅館,39.2
全施設,2015,長崎県,簡易宿所,15.9
全施設,2015,長野県,シティホテル,71.8
全施設,2015,長野県,ビジネスホテル,68.7
全施設,2015,長野県,リゾートホテル,37.1
全施設,2015,長野県,会社・団体の宿泊所,15.8
全施設,2015,長野県,全体,35.4
全施設,2015,長野県,旅館,26.0
全施設,2015,長野県,簡易宿所,12.4
全施設,2015,青森県,シティホテル,59.1
全施設,2015,青森県,ビジネスホテル,66.0
全施設,2015,青森県,リゾートホテル,43.3
全施設,2015,青森県,会社・団体の宿泊所,5.9
全施設,2015,青森県,全体,49.9
全施設,2015,青森県,旅館,40.3
全施設,2015,青森県,簡易宿所,11.9
全施設,2015,静岡県,シティホテル,76.9
全施設,2015,静岡県,ビジネスホテル,70.2
全施設,2015,静岡県,リゾートホテル,52.7
全施設,2015,静岡県,会社・団体の宿泊所,28.5
全施設,2015,静岡県,全体,54.5
全施設,2015,静岡県,旅館,39.7
全施設,2015,静岡県,簡易宿所,18.3
全施設,2015,香川県,シティホテル,64.5
全施設,2015,香川県,ビジネスホテル,65.0
全施設,2015,香川県,リゾートホテル,56.4
全施設,2015,香川県,会社・団体の宿泊所,15.1
全施設,2015,香川県,全体,54.4
全施設,2015,香川県,旅館,32.1
全施設,2015,香川県,簡易宿所,18.7
全施設,2015,高知県,シティホテル,70.1
全施設,2015,高知県,ビジネスホテル,63.3
全施設,2015,高知県,リゾートホテル,45.1
全施設,2015,高知県,会社・団体の宿泊所,21.4
全施設,2015,高知県,全体,47.5
全施設,2015,高知県,旅館,31.2
全施設,2015,高知県,簡易宿所,17.8
全施設,2015,鳥取県,シティホテル,74.9
全施設,2015,鳥取県,ビジネスホテル,70.6
全施設,2015,鳥取県,リゾートホテル,23.8
全施設,2015,鳥取県,会社・団体の宿泊所,5.7
全施設,2015,鳥取県,全体,50.5
全施設,2015,鳥取県,旅館,37.1
全施設,2015,鳥取県,簡易宿所,11.8
全施設,2015,鹿児島県,シティホテル,64.1
全施設,2015,鹿児島県,ビジネスホテル,65.4
全施設,2015,鹿児島県,リゾートホテル,41.6
全施設,2015,鹿児島県,会社・団体の宿泊所,11.2
全施設,2015,鹿児島県,全体,52.2
全施設,2015,鹿児島県,旅館,37.1
全施設,2015,鹿児島県,簡易宿所,16.7
全施設,2016,三重県,シティホテル,71.7
全施設,2016,三重県,ビジネスホテル,70.1
全施設,2016,三重県,リゾートホテル,51.7
全施設,2016,三重県,会社・団体の宿泊所,24.7
全施設,2016,三重県,全体,54.0
全施設,2016,三重県,旅館,35.3
全施設,2016,三重県,簡易宿所,7.1
全施設,2016,京都府,シティホテル,87.5
全施設,2016,京都府,ビジネスホテル,85.4
全施設,2016,京都府,リゾートホテル,55.0
全施設,2016,京都府,会社・団体の宿泊所,34.3
全施設,2016,京都府,全体,67.3
全施設,2016,京都府,旅館,42.9
全施設,2016,京都府,簡易宿所,28.5
全施設,2016,佐賀県,シティホテル,61.3
全施設,2016,佐賀県,ビジネスホテル,68.0
全施設,2016,佐賀県,リゾートホテル,64.3
全施設,2016,佐賀県,会社・団体の宿泊所,11.6
全施設,2016,佐賀県,全体,56.3
全施設,2016,佐賀県,旅館,42.1
全施設,2016,佐賀県,簡易宿所,19.9
全施設,2016,全国,シティホテル,78.7
全施設,2016,全国,ビジネスホテル,74.4
全施設,2016,全国,リゾートホテル,56.9
全施設,2016,全国,会社・団体の宿泊所,27.1
全施設,2016,全国,全体,59.7
全施設,2016,全国,旅館,37.1
全施設,2016,全国,簡易宿所,25.0
全施設,2016,兵庫県,シティホテル,76.6
全施設,2016,兵庫県,ビジネスホテル,78.9
全施設,2016,兵庫県,リゾートホテル,53.6
全施設,2016,兵庫県,会社・団体の宿泊所,29.4
全施設,2016,兵庫県,全体,57.5
全施設,2016,兵庫県,旅館,39.0
全施設,2016,兵庫県,簡易宿所,15.0
全施設,2016,北海道,シティホテル,77.2
全施設,2016,北海道,ビジネスホテル,71.3
全施設,2016,北海道,リゾートホテル,52.1
全施設,2016,北海道,会社・団体の宿泊所,24.1
全施設,2016,北海道,全体,61.7
全施設,2016,北海道,旅館,46.5
全施設,2016,北海道,簡易宿所,29.8
全施設,2016,千葉県,シティホテル,80.1
全施設,2016,千葉県,ビジネスホテル,70.0
全施設,2016,千葉県,リゾートホテル,82.3
全施設,2016,千葉県,会社・団体の宿泊所,22.8
全施設,2016,千葉県,全体,67.0
全施設,2016,千葉県,旅館,33.2
全施設,2016,千葉県,簡易宿所,23.5
全施設,2016,和歌山県,シティホテル,71.0
全施設,2016,和歌山県,ビジネスホテル,67.2
全施設,2016,和歌山県,リゾートホテル,57.0
全施設,2016,和歌山県,会社・団体の宿泊所,46.7
全施設,2016,和歌山県,全体,46.9
全施設,2016,和歌山県,旅館,35.4
全施設,2016,和歌山県,簡易宿所,28.4
全施設,2016,埼玉県,シティホテル,81.2
全施設,2016,埼玉県,ビジネスホテル,74.9
全施設,2016,埼玉県,リゾートホテル,31.3
全施設,2016,埼玉県,会社・団体の宿泊所,15.6
全施設,2016,埼玉県,全体,65.7
全施設,2016,埼玉県,旅館,26.9
全施設,2016,埼玉県,簡易宿所,32.3
全施設,2016,大分県,シティホテル,67.4
全施設,2016,大分県,ビジネスホテル,67.4
全施設,2016,大分県,リゾートホテル,57.5
全施設,2016,大分県,会社・団体の宿泊所,10.7
全施設,2016,大分県,全体,52.6
全施設,2016,大分県,旅館,39.4
全施設,2016,大分県,簡易宿所,14.4
全施設,2016,大阪府,シティホテル,88.0
全施設,2016,大阪府,ビジネスホテル,85.2
全施設,2016,大阪府,リゾートホテル,89.0
全施設,2016,大阪府,会社・団体の宿泊所,45.3
全施設,2016,大阪府,全体,83.3
全施設,2016,大阪府,旅館,41.3
全施設,2016,大阪府,簡易宿所,58.5
全施設,2016,奈良県,シティホテル,77.7
全施設,2016,奈良県,ビジネスホテル,68.4
全施設,2016,奈良県,リゾートホテル,79.7
全施設,2016,奈良県,会社・団体の宿泊所,17.6
全施設,2016,奈良県,全体,45.9
全施設,2016,奈良県,旅館,29.5
全施設,2016,奈良県,簡易宿所,16.0
全施設,2016,宮城県,シティホテル,70.4
全施設,2016,宮城県,ビジネスホテル,73.0
全施設,2016,宮城県,リゾートホテル,42.6
全施設,2016,宮城県,会社・団体の宿泊所,17.8
全施設,2016,宮城県,全体,60.7
全施設,2016,宮城県,旅館,43.4
全施設,2016,宮城県,簡易宿所,34.5
全施設,2016,宮崎県,シティホテル,60.1
全施設,2016,宮崎県,ビジネスホテル,64.2
全施設,2016,宮崎県,リゾートホテル,41.7
全施設,2016,宮崎県,会社・団体の宿泊所,15.5
全施設,2016,宮崎県,全体,51.8
全施設,2016,宮崎県,旅館,35.0
全施設,2016,宮崎県,簡易宿所,13.2
全施設,2016,富山県,シティホテル,66.5
全施設,2016,富山県,ビジネスホテル,70.2
全施設,2016,富山県,リゾートホテル,50.2
全施設,2016,富山県,会社・団体の宿泊所,27.5
全施設,2016,富山県,全体,50.9
全施設,2016,富山県,旅館,35.0
全施設,2016,富山県,簡易宿所,17.5
全施設,2016,山口県,シティホテル,67.7
全施設,2016,山口県,ビジネスホテル,66.3
全施設,2016,山口県,リゾートホテル,53.9
全施設,2016,山口県,会社・団体の宿泊所,15.3
全施設,2016,山口県,全体,57.7
全施設,2016,山口県,旅館,38.9
全施設,2016,山口県,簡易宿所,16.2
全施設,2016,山形県,シティホテル,66.9
全施設,2016,山形県,ビジネスホテル,69.8
全施設,2016,山形県,リゾートホテル,27.3
全施設,2016,山形県,会社・団体の宿泊所,38.2
全施設,2016,山形県,全体,48.3
全施設,2016,山形県,旅館,33.9
全施設,2016,山形県,簡易宿所,7.9
全施設,2016,山梨県,シティホテル,58.5
全施設,2016,山梨県,ビジネスホテル,69.7
全施設,2016,山梨県,リゾートホテル,56.2
全施設,2016,山梨県,会社・団体の宿泊所,31.6
全施設,2016,山梨県,全体,44.6
全施設,2016,山梨県,旅館,34.9
全施設,2016,山梨県,簡易宿所,18.5
全施設,2016,岐阜県,シティホテル,72.5
全施設,2016,岐阜県,ビジネスホテル,71.8
全施設,2016,岐阜県,リゾートホテル,55.1
全施設,2016,岐阜県,会社・団体の宿泊所,28.5
全施設,2016,岐阜県,全体,49.9
全施設,2016,岐阜県,旅館,40.3
全施設,2016,岐阜県,簡易宿所,17.1
全施設,2016,岡山県,シティホテル,70.0
全施設,2016,岡山県,ビジネスホテル,73.5
全施設,2016,岡山県,リゾートホテル,46.2
全施設,2016,岡山県,会社・団体の宿泊所,14.6
全施設,2016,岡山県,全体,57.6
全施設,2016,岡山県,旅館,32.9
全施設,2016,岡山県,簡易宿所,20.7
全施設,2016,岩手県,シティホテル,67.2
全施設,2016,岩手県,ビジネスホテル,71.4
全施設,2016,岩手県,リゾートホテル,39.8
全施設,2016,岩手県,会社・団体の宿泊所,18.7
全施設,2016,岩手県,全体,52.3
全施設,2016,岩手県,旅館,38.1
全施設,2016,岩手県,簡易宿所,27.5
全施設,2016,島根県,シティホテル,68.4
全施設,2016,島根県,ビジネスホテル,73.8
全施設,2016,島根県,リゾートホテル,41.4
全施設,2016,島根県,会社・団体の宿泊所,51.0
全施設,2016,島根県,全体,57.0
全施設,2016,島根県,旅館,41.8
全施設,2016,島根県,簡易宿所,12.2
全施設,2016,広島県,シティホテル,81.8
全施設,2016,広島県,ビジネスホテル,78.7
全施設,2016,広島県,リゾートホテル,55.7
全施設,2016,広島県,会社・団体の宿泊所,15.8
全施設,2016,広島県,全体,65.6
全施設,2016,広島県,旅館,39.8
全施設,2016,広島県,簡易宿所,33.0
全施設,2016,徳島県,シティホテル,63.9
全施設,2016,徳島県,ビジネスホテル,68.0
全施設,2016,徳島県,リゾートホテル,62.2
全施設,2016,徳島県,会社・団体の宿泊所,18.5
全施設,2016,徳島県,全体,50.2
全施設,2016,徳島県,旅館,25.2
全施設,2016,徳島県,簡易宿所,15.9
全施設,2016,愛媛県,シティホテル,70.2
全施設,2016,愛媛県,ビジネスホテル,65.9
全施設,2016,愛媛県,リゾートホテル,60.3
全施設,2016,愛媛県,会社・団体の宿泊所,23.9
全施設,2016,愛媛県,全体,52.0
全施設,2016,愛媛県,旅館,38.8
全施設,2016,愛媛県,簡易宿所,12.9
全施設,2016,愛知県,シティホテル,80.5
全施設,2016,愛知県,ビジネスホテル,76.6
全施設,2016,愛知県,リゾートホテル,54.3
全施設,2016,愛知県,会社・団体の宿泊所,46.5
全施設,2016,愛知県,全体,70.2
全施設,2016,愛知県,旅館,31.4
全施設,2016,愛知県,簡易宿所,47.5
全施設,2016,新潟県,シティホテル,67.3
全施設,2016,新潟県,ビジネスホテル,64.5
全施設,2016,新潟県,リゾートホテル,30.0
全施設,2016,新潟県,会社・団体の宿泊所,22.3
全施設,2016,新潟県,全体,41.0
全施設,2016,新潟県,旅館,24.0
全施設,2016,新潟県,簡易宿所,27.5
全施設,2016,東京都,シティホテル,80.8
全施設,2016,東京都,ビジネスホテル,83.3
全施設,2016,東京都,リゾートホテル,75.7
全施設,2016,東京都,会社・団体の宿泊所,46.4
全施設,2016,東京都,全体,78.8
全施設,2016,東京都,旅館,59.8
全施設,2016,東京都,簡易宿所,55.2
全施設,2016,栃木県,シティホテル,62.7
全施設,2016,栃木県,ビジネスホテル,67.9
全施設,2016,栃木県,リゾートホテル,53.7
全施設,2016,栃木県,会社・団体の宿泊所,30.2
全施設,2016,栃木県,全体,51.1
全施設,2016,栃木県,旅館,42.9
全施設,2016,栃木県,簡易宿所,14.7
全施設,2016,沖縄県,シティホテル,81.6
全施設,2016,沖縄県,ビジネスホテル,76.9
全施設,2016,沖縄県,リゾートホテル,76.0
全施設,2016,沖縄県,会社・団体の宿泊所,26.7
全施設,2016,沖縄県,全体,65.0
全施設,2016,沖縄県,旅館,7.4
全施設,2016,沖縄県,簡易宿所,28.7
全施設,2016,滋賀県,シティホテル,73.7
全施設,2016,滋賀県,ビジネスホテル,71.2
全施設,2016,滋賀県,リゾートホテル,55.6
全施設,2016,滋賀県,会社・団体の宿泊所,23.5
全施設,2016,滋賀県,全体,57.6
全施設,2016,滋賀県,旅館,41.7
全施設,2016,滋賀県,簡易宿所,20.2
全施設,2016,熊本県,シティホテル,73.9
全施設,2016,熊本県,ビジネスホテル,73.0
全施設,2016,熊本県,リゾートホテル,45.2
全施設,2016,熊本県,会社・団体の宿泊所,15.7
全施設,2016,熊本県,全体,58.0
全施設,2016,熊本県,旅館,45.4
全施設,2016,熊本県,簡易宿所,16.7
全施設,2016,石川県,シティホテル,80.4
全施設,2016,石川県,ビジネスホテル,76.0
全施設,2016,石川県,リゾートホテル,52.8
全施設,2016,石川県,会社・団体の宿泊所,47.7
全施設,2016,石川県,全体,63.7
全施設,2016,石川県,旅館,52.6
全施設,2016,石川県,簡易宿所,20.1
全施設,2016,神奈川県,シティホテル,82.1
全施設,2016,神奈川県,ビジネスホテル,79.8
全施設,2016,神奈川県,リゾートホテル,69.4
全施設,2016,神奈川県,会社・団体の宿泊所,29.3
全施設,2016,神奈川県,全体,67.8
全施設,2016,神奈川県,旅館,47.3
全施設,2016,神奈川県,簡易宿所,46.2
全施設,2016,福井県,シティホテル,56.6
全施設,2016,福井県,ビジネスホテル,67.1
全施設,2016,福井県,リゾートホテル,37.6
全施設,2016,福井県,会社・団体の宿泊所,32.7
全施設,2016,福井県,全体,40.4
全施設,2016,福井県,旅館,26.6
全施設,2016,福井県,簡易宿所,10.4
全施設,2016,福岡県,シティホテル,81.3
全施設,2016,福岡県,ビジネスホテル,76.4
全施設,2016,福岡県,リゾートホテル,62.8
全施設,2016,福岡県,会社・団体の宿泊所,32.7
全施設,2016,福岡県,全体,70.8
全施設,2016,福岡県,旅館,29.3
全施設,2016,福岡県,簡易宿所,27.9
全施設,2016,福島県,シティホテル,70.3
全施設,2016,福島県,ビジネスホテル,77.1
全施設,2016,福島県,リゾートホテル,43.0
全施設,2016,福島県,会社・団体の宿泊所,19.3
全施設,2016,福島県,全体,49.3
全施設,2016,福島県,旅館,34.2
全施設,2016,福島県,簡易宿所,10.0
全施設,2016,秋田県,シティホテル,65.7
全施設,2016,秋田県,ビジネスホテル,62.2
全施設,2016,秋田県,リゾートホテル,29.4
全施設,2016,秋田県,会社・団体の宿泊所,26.2
全施設,2016,秋田県,全体,46.9
全施設,2016,秋田県,旅館,33.2
全施設,2016,秋田県,簡易宿所,15.7
全施設,2016,群馬県,シティホテル,62.2
全施設,2016,群馬県,ビジネスホテル,69.3
全施設,2016,群馬県,リゾートホテル,43.7
全施設,2016,群馬県,会社・団体の宿泊所,16.3
全施設,2016,群馬県,全体,51.0
全施設,2016,群馬県,旅館,44.1
全施設,2016,群馬県,簡易宿所,12.7
全施設,2016,茨城県,シティホテル,70.7
全施設,2016,茨城県,ビジネスホテル,63.2
全施設,2016,茨城県,リゾートホテル,55.5
全施設,2016,茨城県,会社・団体の宿泊所,24.3
全施設,2016,茨城県,全体,52.6
全施設,2016,茨城県,旅館,26.8
全施設,2016,茨城県,簡易宿所,6.6
全施設,2016,長崎県,シティホテル,67.9
全施設,2016,長崎県,ビジネスホテル,67.3
全施設,2016,長崎県,リゾートホテル,55.4
全施設,2016,長崎県,会社・団体の宿泊所,45.1
全施設,2016,長崎県,全体,52.3
全施設,2016,長崎県,旅館,34.7
全施設,2016,長崎県,簡易宿所,16.2
全施設,2016,長野県,シティホテル,72.5
全施設,2016,長野県,ビジネスホテル,69.1
全施設,2016,長野県,リゾートホテル,35.4
全施設,2016,長野県,会社・団体の宿泊所,18.8
全施設,2016,長野県,全体,35.1
全施設,2016,長野県,旅館,26.3
全施設,2016,長野県,簡易宿所,11.5
全施設,2016,青森県,シティホテル,60.3
全施設,2016,青森県,ビジネスホテル,66.5
全施設,2016,青森県,リゾートホテル,40.4
全施設,2016,青森県,会社・団体の宿泊所,2.1
全施設,2016,青森県,全体,53.2
全施設,2016,青森県,旅館,38.5
全施設,2016,青森県,簡易宿所,22.2
全施設,2016,静岡県,シティホテル,72.4
全施設,2016,静岡県,ビジネスホテル,72.2
全施設,2016,静岡県,リゾートホテル,52.8
全施設,2016,静岡県,会社・団体の宿泊所,24.0
全施設,2016,静岡県,全体,54.6
全施設,2016,静岡県,旅館,42.9
全施設,2016,静岡県,簡易宿所,18.1
全施設,2016,香川県,シティホテル,66.9
全施設,2016,香川県,ビジネスホテル,69.2
全施設,2016,香川県,リゾートホテル,69.1
全施設,2016,香川県,会社・団体の宿泊所,24.8
全施設,2016,香川県,全体,59.1
全施設,2016,香川県,旅館,37.9
全施設,2016,香川県,簡易宿所,28.8
全施設,2016,高知県,シティホテル,72.2
全施設,2016,高知県,ビジネスホテル,68.8
全施設,2016,高知県,リゾートホテル,51.4
全施設,2016,高知県,全体,47.4
全施設,2016,高知県,旅館,31.4
全施設,2016,高知県,簡易宿所,15.6
全施設,2016,鳥取県,シティホテル,79.4
全施設,2016,鳥取県,ビジネスホテル,72.6
全施設,2016,鳥取県,リゾートホテル,35.3
全施設,2016,鳥取県,会社・団体の宿泊所,9.0
全施設,2016,鳥取県,全体,51.0
全施設,2016,鳥取県,旅館,35.6
全施設,2016,鳥取県,簡易宿所,17.5
全施設,2016,鹿児島県,シティホテル,63.9
全施設,2016,鹿児島県,ビジネスホテル,68.0
全施設,2016,鹿児島県,リゾートホテル,41.1
全施設,2016,鹿児島県,会社・団体の宿泊所,13.6
全施設,2016,鹿児島県,全体,49.9
全施設,2016,鹿児島県,旅館,32.7
全施設,2016,鹿児島県,簡易宿所,17.3
全施設,2017,三重県,シティホテル,75.6
全施設,2017,三重県,ビジネスホテル,65.6
全施設,2017,三重県,リゾートホテル,51.2
全施設,2017,三重県,会社・団体の宿泊所,20.5
全施設,2017,三重県,全体,51.8
全施設,2017,三重県,旅館,35.2
全施設,2017,三重県,簡易宿所,13.1
全施設,2017,京都府,シティホテル,83.5
全施設,2017,京都府,ビジネスホテル,84.0
全施設,2017,京都府,リゾートホテル,54.6
全施設,2017,京都府,会社・団体の宿泊所,31.0
全施設,2017,京都府,全体,64.9
全施設,2017,京都府,旅館,40.0
全施設,2017,京都府,簡易宿所,32.4
全施設,2017,佐賀県,シティホテル,69.3
全施設,2017,佐賀県,ビジネスホテル,74.9
全施設,2017,佐賀県,リゾートホテル,61.9
全施設,2017,佐賀県,会社・団体の宿泊所,6.9
全施設,2017,佐賀県,全体,61.8
全施設,2017,佐賀県,旅館,46.5
全施設,2017,佐賀県,簡易宿所,17.0
全施設,2017,全国,シティホテル,79.5
全施設,2017,全国,ビジネスホテル,75.3
全施設,2017,全国,リゾートホテル,57.5
全施設,2017,全国,会社・団体の宿泊所,29.4
全施設,2017,全国,全体,60.5
全施設,2017,全国,旅館,37.5
全施設,2017,全国,簡易宿所,28.0
全施設,2017,兵庫県,シティホテル,76.8
全施設,2017,兵庫県,ビジネスホテル,75.4
全施設,2017,兵庫県,リゾートホテル,56.3
全施設,2017,兵庫県,会社・団体の宿泊所,24.0
全施設,2017,兵庫県,全体,57.2
全施設,2017,兵庫県,旅館,39.6
全施設,2017,兵庫県,簡易宿所,12.3
全施設,2017,北海道,シティホテル,78.4
全施設,2017,北海道,ビジネスホテル,74.5
全施設,2017,北海道,リゾートホテル,53.5
全施設,2017,北海道,会社・団体の宿泊所,25.0
全施設,2017,北海道,全体,63.5
全施設,2017,北海道,旅館,48.0
全施設,2017,北海道,簡易宿所,31.5
全施設,2017,千葉県,シティホテル,80.3
全施設,2017,千葉県,ビジネスホテル,73.7
全施設,2017,千葉県,リゾートホテル,81.0
全施設,2017,千葉県,会社・団体の宿泊所,31.2
全施設,2017,千葉県,全体,67.3
全施設,2017,千葉県,旅館,29.8
全施設,2017,千葉県,簡易宿所,29.5
全施設,2017,和歌山県,シティホテル,71.8
全施設,2017,和歌山県,ビジネスホテル,68.8
全施設,2017,和歌山県,リゾートホテル,54.9
全施設,2017,和歌山県,会社・団体の宿泊所,23.7
全施設,2017,和歌山県,全体,44.5
全施設,2017,和歌山県,旅館,31.9
全施設,2017,和歌山県,簡易宿所,20.9
全施設,2017,埼玉県,シティホテル,78.1
全施設,2017,埼玉県,ビジネスホテル,73.6
全施設,2017,埼玉県,リゾートホテル,34.5
全施設,2017,埼玉県,会社・団体の宿泊所,15.4
全施設,2017,埼玉県,全体,65.5
全施設,2017,埼玉県,旅館,38.6
全施設,2017,埼玉県,簡易宿所,30.5
全施設,2017,大分県,シティホテル,67.1
全施設,2017,大分県,ビジネスホテル,72.0
全施設,2017,大分県,リゾートホテル,68.2
全施設,2017,大分県,会社・団体の宿泊所,13.8
全施設,2017,大分県,全体,55.9
全施設,2017,大分県,旅館,47.6
全施設,2017,大分県,簡易宿所,6.3
全施設,2017,大阪府,シティホテル,88.7
全施設,2017,大阪府,ビジネスホテル,84.8
全施設,2017,大阪府,リゾートホテル,92.4
全施設,2017,大阪府,会社・団体の宿泊所,42.9
全施設,2017,大阪府,全体,82.4
全施設,2017,大阪府,旅館,59.6
全施設,2017,大阪府,簡易宿所,54.2
全施設,2017,奈良県,シティホテル,76.4
全施設,2017,奈良県,ビジネスホテル,65.8
全施設,2017,奈良県,リゾートホテル,70.3
全施設,2017,奈良県,会社・団体の宿泊所,15.3
全施設,2017,奈良県,全体,50.7
全施設,2017,奈良県,旅館,33.7
全施設,2017,奈良県,簡易宿所,22.4
全施設,2017,宮城県,シティホテル,68.1
全施設,2017,宮城県,ビジネスホテル,68.8
全施設,2017,宮城県,リゾートホテル,46.3
全施設,2017,宮城県,会社・団体の宿泊所,18.7
全施設,2017,宮城県,全体,58.1
全施設,2017,宮城県,旅館,39.8
全施設,2017,宮城県,簡易宿所,38.8
全施設,2017,宮崎県,シティホテル,58.0
全施設,2017,宮崎県,ビジネスホテル,63.6
全施設,2017,宮崎県,リゾートホテル,40.1
全施設,2017,宮崎県,会社・団体の宿泊所,5.9
全施設,2017,宮崎県,全体,53.8
全施設,2017,宮崎県,旅館,38.4
全施設,2017,宮崎県,簡易宿所,14.5
全施設,2017,富山県,シティホテル,68.5
全施設,2017,富山県,ビジネスホテル,66.0
全施設,2017,富山県,リゾートホテル,53.7
全施設,2017,富山県,会社・団体の宿泊所,43.9
全施設,2017,富山県,全体,53.1
全施設,2017,富山県,旅館,33.6
全施設,2017,富山県,簡易宿所,15.3
全施設,2017,山口県,シティホテル,63.4
全施設,2017,山口県,ビジネスホテル,65.6
全施設,2017,山口県,リゾートホテル,53.3
全施設,2017,山口県,会社・団体の宿泊所,11.5
全施設,2017,山口県,全体,56.0
全施設,2017,山口県,旅館,43.0
全施設,2017,山口県,簡易宿所,28.5
全施設,2017,山形県,シティホテル,66.7
全施設,2017,山形県,ビジネスホテル,68.6
全施設,2017,山形県,リゾートホテル,29.7
全施設,2017,山形県,会社・団体の宿泊所,36.9
全施設,2017,山形県,全体,49.0
全施設,2017,山形県,旅館,36.5
全施設,2017,山形県,簡易宿所,7.8
全施設,2017,山梨県,シティホテル,64.3
全施設,2017,山梨県,ビジネスホテル,73.9
全施設,2017,山梨県,リゾートホテル,53.3
全施設,2017,山梨県,会社・団体の宿泊所,22.7
全施設,2017,山梨県,全体,42.9
全施設,2017,山梨県,旅館,36.9
全施設,2017,山梨県,簡易宿所,16.4
全施設,2017,岐阜県,シティホテル,71.8
全施設,2017,岐阜県,ビジネスホテル,70.2
全施設,2017,岐阜県,リゾートホテル,55.6
全施設,2017,岐阜県,会社・団体の宿泊所,48.0
全施設,2017,岐阜県,全体,49.1
全施設,2017,岐阜県,旅館,38.1
全施設,2017,岐阜県,簡易宿所,15.3
全施設,2017,岡山県,シティホテル,68.8
全施設,2017,岡山県,ビジネスホテル,77.9
全施設,2017,岡山県,リゾートホテル,25.2
全施設,2017,岡山県,会社・団体の宿泊所,31.4
全施設,2017,岡山県,全体,59.8
全施設,2017,岡山県,旅館,30.5
全施設,2017,岡山県,簡易宿所,28.9
全施設,2017,岩手県,シティホテル,66.4
全施設,2017,岩手県,ビジネスホテル,70.9
全施設,2017,岩手県,リゾートホテル,43.9
全施設,2017,岩手県,会社・団体の宿泊所,18.1
全施設,2017,岩手県,全体,52.4
全施設,2017,岩手県,旅館,38.4
全施設,2017,岩手県,簡易宿所,31.1
全施設,2017,島根県,シティホテル,73.6
全施設,2017,島根県,ビジネスホテル,74.9
全施設,2017,島根県,リゾートホテル,45.0
全施設,2017,島根県,会社・団体の宿泊所,52.8
全施設,2017,島根県,全体,58.2
全施設,2017,島根県,旅館,42.4
全施設,2017,島根県,簡易宿所,18.2
全施設,2017,広島県,シティホテル,85.0
全施設,2017,広島県,ビジネスホテル,76.2
全施設,2017,広島県,リゾートホテル,49.7
全施設,2017,広島県,会社・団体の宿泊所,15.9
全施設,2017,広島県,全体,65.7
全施設,2017,広島県,旅館,40.3
全施設,2017,広島県,簡易宿所,36.2
全施設,2017,徳島県,シティホテル,60.3
全施設,2017,徳島県,ビジネスホテル,69.7
全施設,2017,徳島県,リゾートホテル,55.6
全施設,2017,徳島県,会社・団体の宿泊所,18.3
全施設,2017,徳島県,全体,47.7
全施設,2017,徳島県,旅館,24.4
全施設,2017,徳島県,簡易宿所,18.3
全施設,2017,愛媛県,シティホテル,73.0
全施設,2017,愛媛県,ビジネスホテル,71.2
全施設,2017,愛媛県,リゾートホテル,74.1
全施設,2017,愛媛県,会社・団体の宿泊所,55.5
全施設,2017,愛媛県,全体,56.6
全施設,2017,愛媛県,旅館,39.3
全施設,2017,愛媛県,簡易宿所,15.3
全施設,2017,愛知県,シティホテル,80.5
全施設,2017,愛知県,ビジネスホテル,79.0
全施設,2017,愛知県,リゾートホテル,52.0
全施設,2017,愛知県,会社・団体の宿泊所,57.7
全施設,2017,愛知県,全体,71.3
全施設,2017,愛知県,旅館,30.5
全施設,2017,愛知県,簡易宿所,52.5
全施設,2017,新潟県,シティホテル,63.4
全施設,2017,新潟県,ビジネスホテル,66.4
全施設,2017,新潟県,リゾートホテル,29.1
全施設,2017,新潟県,会社・団体の宿泊所,20.9
全施設,2017,新潟県,全体,42.2
全施設,2017,新潟県,旅館,26.0
全施設,2017,新潟県,簡易宿所,27.2
全施設,2017,東京都,シティホテル,83.0
全施設,2017,東京都,ビジネスホテル,84.5
全施設,2017,東京都,リゾートホテル,72.5
全施設,2017,東京都,会社・団体の宿泊所,53.5
全施設,2017,東京都,全体,80.0
全施設,2017,東京都,旅館,57.2
全施設,2017,東京都,簡易宿所,52.2
全施設,2017,栃木県,シティホテル,66.3
全施設,2017,栃木県,ビジネスホテル,75.4
全施設,2017,栃木県,リゾートホテル,53.1
全施設,2017,栃木県,会社・団体の宿泊所,31.6
全施設,2017,栃木県,全体,54.6
全施設,2017,栃木県,旅館,41.3
全施設,2017,栃木県,簡易宿所,17.2
全施設,2017,沖縄県,シティホテル,80.4
全施設,2017,沖縄県,ビジネスホテル,78.0
全施設,2017,沖縄県,リゾートホテル,75.1
全施設,2017,沖縄県,会社・団体の宿泊所,56.7
全施設,2017,沖縄県,全体,65.8
全施設,2017,沖縄県,旅館,43.6
全施設,2017,沖縄県,簡易宿所,31.6
全施設,2017,滋賀県,シティホテル,73.2
全施設,2017,滋賀県,ビジネスホテル,68.4
全施設,2017,滋賀県,リゾートホテル,55.9
全施設,2017,滋賀県,会社・団体の宿泊所,16.7
全施設,2017,滋賀県,全体,55.4
全施設,2017,滋賀県,旅館,42.0
全施設,2017,滋賀県,簡易宿所,15.6
全施設,2017,熊本県,シティホテル,77.1
全施設,2017,熊本県,ビジネスホテル,74.5
全施設,2017,熊本県,リゾートホテル,51.1
全施設,2017,熊本県,会社・団体の宿泊所,29.7
全施設,2017,熊本県,全体,60.5
全施設,2017,熊本県,旅館,42.2
全施設,2017,熊本県,簡易宿所,28.5
全施設,2017,石川県,シティホテル,79.5
全施設,2017,石川県,ビジネスホテル,73.8
全施設,2017,石川県,リゾートホテル,55.2
全施設,2017,石川県,会社・団体の宿泊所,54.0
全施設,2017,石川県,全体,64.4
全施設,2017,石川県,旅館,50.9
全施設,2017,石川県,簡易宿所,24.5
全施設,2017,神奈川県,シティホテル,83.2
全施設,2017,神奈川県,ビジネスホテル,79.7
全施設,2017,神奈川県,リゾートホテル,70.0
全施設,2017,神奈川県,会社・団体の宿泊所,31.9
全施設,2017,神奈川県,全体,64.8
全施設,2017,神奈川県,旅館,38.6
全施設,2017,神奈川県,簡易宿所,41.9
全施設,2017,福井県,シティホテル,58.7
全施設,2017,福井県,ビジネスホテル,73.2
全施設,2017,福井県,リゾートホテル,50.2
全施設,2017,福井県,会社・団体の宿泊所,12.0
全施設,2017,福井県,全体,41.2
全施設,2017,福井県,旅館,27.8
全施設,2017,福井県,簡易宿所,8.9
全施設,2017,福岡県,シティホテル,82.6
全施設,2017,福岡県,ビジネスホテル,79.1
全施設,2017,福岡県,リゾートホテル,66.9
全施設,2017,福岡県,会社・団体の宿泊所,46.0
全施設,2017,福岡県,全体,72.8
全施設,2017,福岡県,旅館,29.9
全施設,2017,福岡県,簡易宿所,30.1
全施設,2017,福島県,シティホテル,64.9
全施設,2017,福島県,ビジネスホテル,62.4
全施設,2017,福島県,リゾートホテル,47.5
全施設,2017,福島県,会社・団体の宿泊所,20.6
全施設,2017,福島県,全体,45.3
全施設,2017,福島県,旅館,35.8
全施設,2017,福島県,簡易宿所,14.9
全施設,2017,秋田県,シティホテル,70.7
全施設,2017,秋田県,ビジネスホテル,66.3
全施設,2017,秋田県,リゾートホテル,38.5
全施設,2017,秋田県,会社・団体の宿泊所,19.8
全施設,2017,秋田県,全体,48.2
全施設,2017,秋田県,旅館,35.3
全施設,2017,秋田県,簡易宿所,12.5
全施設,2017,群馬県,シティホテル,62.3
全施設,2017,群馬県,ビジネスホテル,73.4
全施設,2017,群馬県,リゾートホテル,43.9
全施設,2017,群馬県,会社・団体の宿泊所,16.7
全施設,2017,群馬県,全体,51.1
全施設,2017,群馬県,旅館,44.3
全施設,2017,群馬県,簡易宿所,13.2
全施設,2017,茨城県,シティホテル,69.5
全施設,2017,茨城県,ビジネスホテル,66.7
全施設,2017,茨城県,リゾートホテル,42.2
全施設,2017,茨城県,会社・団体の宿泊所,23.0
全施設,2017,茨城県,全体,53.6
全施設,2017,茨城県,旅館,25.6
全施設,2017,茨城県,簡易宿所,11.0
全施設,2017,長崎県,シティホテル,71.7
全施設,2017,長崎県,ビジネスホテル,72.6
全施設,2017,長崎県,リゾートホテル,59.4
全施設,2017,長崎県,会社・団体の宿泊所,42.0
全施設,2017,長崎県,全体,56.7
全施設,2017,長崎県,旅館,37.9
全施設,2017,長崎県,簡易宿所,18.4
全施設,2017,長野県,シティホテル,74.5
全施設,2017,長野県,ビジネスホテル,72.0
全施設,2017,長野県,リゾートホテル,36.9
全施設,2017,長野県,会社・団体の宿泊所,19.9
全施設,2017,長野県,全体,36.6
全施設,2017,長野県,旅館,26.1
全施設,2017,長野県,簡易宿所,12.8
全施設,2017,青森県,シティホテル,63.2
全施設,2017,青森県,ビジネスホテル,70.8
全施設,2017,青森県,リゾートホテル,44.6
全施設,2017,青森県,全体,57.5
全施設,2017,青森県,旅館,38.4
全施設,2017,青森県,簡易宿所,21.8
全施設,2017,静岡県,シティホテル,74.2
全施設,2017,静岡県,ビジネスホテル,71.5
全施設,2017,静岡県,リゾートホテル,56.8
全施設,2017,静岡県,会社・団体の宿泊所,27.0
全施設,2017,静岡県,全体,55.4
全施設,2017,静岡県,旅館,45.6
全施設,2017,静岡県,簡易宿所,16.9
全施設,2017,香川県,シティホテル,65.8
全施設,2017,香川県,ビジネスホテル,70.9
全施設,2017,香川県,リゾートホテル,66.6
全施設,2017,香川県,会社・団体の宿泊所,21.7
全施設,2017,香川県,全体,59.6
全施設,2017,香川県,旅館,41.8
全施設,2017,香川県,簡易宿所,32.0
全施設,2017,高知県,シティホテル,75.8
全施設,2017,高知県,ビジネスホテル,68.9
全施設,2017,高知県,リゾートホテル,47.3
全施設,2017,高知県,全体,47.2
全施設,2017,高知県,旅館,32.1
全施設,2017,高知県,簡易宿所,11.4
全施設,2017,鳥取県,シティホテル,77.1
全施設,2017,鳥取県,ビジネスホテル,70.7
全施設,2017,鳥取県,リゾートホテル,59.3
全施設,2017,鳥取県,会社・団体の宿泊所,5.6
全施設,2017,鳥取県,全体,51.8
全施設,2017,鳥取県,旅館,35.6
全施設,2017,鳥取県,簡易宿所,20.0
全施設,2017,鹿児島県,シティホテル,68.1
全施設,2017,鹿児島県,ビジネスホテル,69.4
全施設,2017,鹿児島県,リゾートホテル,46.1
全施設,2017,鹿児島県,会社・団体の宿泊所,12.6
全施設,2017,鹿児島県,全体,54.2
全施設,2017,鹿児島県,旅館,41.7
全施設,2017,鹿児島県,簡易宿所,21.4
全施設,2018,三重県,シティホテル,75.8
全施設,2018,三重県,ビジネスホテル,71.5
全施設,2018,三重県,リゾートホテル,52.8
全施設,2018,三重県,会社・団体の宿泊所,15.8
全施設,2018,三重県,全体,55.7
全施設,2018,三重県,旅館,39.2
全施設,2018,三重県,簡易宿所,10.1
全施設,2018,京都府,シティホテル,82.2
全施設,2018,京都府,ビジネスホテル,82.4
全施設,2018,京都府,リゾートホテル,53.0
全施設,2018,京都府,会社・団体の宿泊所,39.5
全施設,2018,京都府,全体,64.7
全施設,2018,京都府,旅館,40.8
全施設,2018,京都府,簡易宿所,30.8
全施設,2018,佐賀県,シティホテル,70.5
全施設,2018,佐賀県,ビジネスホテル,77.8
全施設,2018,佐賀県,リゾートホテル,67.3
全施設,2018,佐賀県,会社・団体の宿泊所,5.6
全施設,2018,佐賀県,全体,62.0
全施設,2018,佐賀県,旅館,44.8
全施設,2018,佐賀県,簡易宿所,11.2
全施設,2018,全国,シティホテル,80.2
全施設,2018,全国,ビジネスホテル,75.5
全施設,2018,全国,リゾートホテル,58.3
全施設,2018,全国,会社・団体の宿泊所,28.3
全施設,2018,全国,全体,61.2
全施設,2018,全国,旅館,38.8
全施設,2018,全国,簡易宿所,30.2
全施設,2018,兵庫県,シティホテル,75.8
全施設,2018,兵庫県,ビジネスホテル,71.6
全施設,2018,兵庫県,リゾートホテル,60.1
全施設,2018,兵庫県,会社・団体の宿泊所,27.7
全施設,2018,兵庫県,全体,55.8
全施設,2018,兵庫県,旅館,38.8
全施設,2018,兵庫県,簡易宿所,16.1
全施設,2018,北海道,シティホテル,76.7
全施設,2018,北海道,ビジネスホテル,75.9
全施設,2018,北海道,リゾートホテル,51.4
全施設,2018,北海道,会社・団体の宿泊所,21.4
全施設,2018,北海道,全体,63.2
全施設,2018,北海道,旅館,46.6
全施設,2018,北海道,簡易宿所,36.6
全施設,2018,千葉県,シティホテル,82.3
全施設,2018,千葉県,ビジネスホテル,71.9
全施設,2018,千葉県,リゾートホテル,81.7
全施設,2018,千葉県,会社・団体の宿泊所,26.2
全施設,2018,千葉県,全体,68.6
全施設,2018,千葉県,旅館,35.7
全施設,2018,千葉県,簡易宿所,27.9
全施設,2018,和歌山県,シティホテル,75.3
全施設,2018,和歌山県,ビジネスホテル,66.6
全施設,2018,和歌山県,リゾートホテル,55.7
全施設,2018,和歌山県,会社・団体の宿泊所,23.2
全施設,2018,和歌山県,全体,46.3
全施設,2018,和歌山県,旅館,36.7
全施設,2018,和歌山県,簡易宿所,27.1
全施設,2018,埼玉県,シティホテル,79.4
全施設,2018,埼玉県,ビジネスホテル,73.8
全施設,2018,埼玉県,リゾートホテル,36.2
全施設,2018,埼玉県,会社・団体の宿泊所,19.4
全施設,2018,埼玉県,全体,65.4
全施設,2018,埼玉県,旅館,31.5
全施設,2018,埼玉県,簡易宿所,13.3
全施設,2018,大分県,シティホテル,70.5
全施設,2018,大分県,ビジネスホテル,72.2
全施設,2018,大分県,リゾートホテル,63.5
全施設,2018,大分県,会社・団体の宿泊所,16.5
全施設,2018,大分県,全体,57.2
全施設,2018,大分県,旅館,46.7
全施設,2018,大分県,簡易宿所,18.6
全施設,2018,大阪府,シティホテル,87.0
全施設,2018,大阪府,ビジネスホテル,80.7
全施設,2018,大阪府,リゾートホテル,90.8
全施設,2018,大阪府,会社・団体の宿泊所,50.6
全施設,2018,大阪府,全体,79.6
全施設,2018,大阪府,旅館,43.9
全施設,2018,大阪府,簡易宿所,62.5
全施設,2018,奈良県,シティホテル,74.0
全施設,2018,奈良県,ビジネスホテル,65.8
全施設,2018,奈良県,リゾートホテル,77.7
全施設,2018,奈良県,会社・団体の宿泊所,33.0
全施設,2018,奈良県,全体,49.0
全施設,2018,奈良県,旅館,31.8
全施設,2018,奈良県,簡易宿所,25.4
全施設,2018,宮城県,シティホテル,65.3
全施設,2018,宮城県,ビジネスホテル,65.6
全施設,2018,宮城県,リゾートホテル,50.1
全施設,2018,宮城県,会社・団体の宿泊所,24.7
全施設,2018,宮城県,全体,57.4
全施設,2018,宮城県,旅館,41.3
全施設,2018,宮城県,簡易宿所,40.7
全施設,2018,宮崎県,シティホテル,65.5
全施設,2018,宮崎県,ビジネスホテル,64.8
全施設,2018,宮崎県,リゾートホテル,44.9
全施設,2018,宮崎県,会社・団体の宿泊所,6.9
全施設,2018,宮崎県,全体,54.4
全施設,2018,宮崎県,旅館,35.3
全施設,2018,宮崎県,簡易宿所,12.9
全施設,2018,富山県,シティホテル,69.4
全施設,2018,富山県,ビジネスホテル,62.3
全施設,2018,富山県,リゾートホテル,52.7
全施設,2018,富山県,会社・団体の宿泊所,47.2
全施設,2018,富山県,全体,50.4
全施設,2018,富山県,旅館,29.2
全施設,2018,富山県,簡易宿所,24.2
全施設,2018,山口県,シティホテル,71.7
全施設,2018,山口県,ビジネスホテル,70.4
全施設,2018,山口県,リゾートホテル,52.3
全施設,2018,山口県,会社・団体の宿泊所,18.6
全施設,2018,山口県,全体,58.8
全施設,2018,山口県,旅館,40.8
全施設,2018,山口県,簡易宿所,32.1
全施設,2018,山形県,シティホテル,69.7
全施設,2018,山形県,ビジネスホテル,71.0
全施設,2018,山形県,リゾートホテル,33.6
全施設,2018,山形県,会社・団体の宿泊所,34.3
全施設,2018,山形県,全体,51.4
全施設,2018,山形県,旅館,39.0
全施設,2018,山形県,簡易宿所,15.5
全施設,2018,山梨県,シティホテル,67.0
全施設,2018,山梨県,ビジネスホテル,74.3
全施設,2018,山梨県,リゾートホテル,53.7
全施設,2018,山梨県,会社・団体の宿泊所,23.5
全施設,2018,山梨県,全体,44.7
全施設,2018,山梨県,旅館,40.1
全施設,2018,山梨県,簡易宿所,19.8
全施設,2018,岐阜県,シティホテル,80.8
全施設,2018,岐阜県,ビジネスホテル,70.6
全施設,2018,岐阜県,リゾートホテル,53.4
全施設,2018,岐阜県,会社・団体の宿泊所,51.1
全施設,2018,岐阜県,全体,52.3
全施設,2018,岐阜県,旅館,39.0
全施設,2018,岐阜県,簡易宿所,26.5
全施設,2018,岡山県,シティホテル,69.1
全施設,2018,岡山県,ビジネスホテル,80.0
全施設,2018,岡山県,リゾートホテル,24.4
全施設,2018,岡山県,会社・団体の宿泊所,14.2
全施設,2018,岡山県,全体,59.5
全施設,2018,岡山県,旅館,28.1
全施設,2018,岡山県,簡易宿所,19.2
全施設,2018,岩手県,シティホテル,67.8
全施設,2018,岩手県,ビジネスホテル,71.1
全施設,2018,岩手県,リゾートホテル,45.0
全施設,2018,岩手県,会社・団体の宿泊所,52.4
全施設,2018,岩手県,全体,53.7
全施設,2018,岩手県,旅館,37.2
全施設,2018,岩手県,簡易宿所,42.1
全施設,2018,島根県,シティホテル,73.2
全施設,2018,島根県,ビジネスホテル,69.9
全施設,2018,島根県,リゾートホテル,45.1
全施設,2018,島根県,会社・団体の宿泊所,47.9
全施設,2018,島根県,全体,53.2
全施設,2018,島根県,旅館,40.5
全施設,2018,島根県,簡易宿所,25.8
全施設,2018,広島県,シティホテル,84.9
全施設,2018,広島県,ビジネスホテル,79.5
全施設,2018,広島県,リゾートホテル,54.8
全施設,2018,広島県,会社・団体の宿泊所,17.1
全施設,2018,広島県,全体,66.2
全施設,2018,広島県,旅館,42.0
全施設,2018,広島県,簡易宿所,32.5
全施設,2018,徳島県,シティホテル,58.9
全施設,2018,徳島県,ビジネスホテル,69.8
全施設,2018,徳島県,リゾートホテル,57.1
全施設,2018,徳島県,会社・団体の宿泊所,16.1
全施設,2018,徳島県,全体,51.4
全施設,2018,徳島県,旅館,31.9
全施設,2018,徳島県,簡易宿所,22.3
全施設,2018,愛媛県,シティホテル,71.0
全施設,2018,愛媛県,ビジネスホテル,73.0
全施設,2018,愛媛県,リゾートホテル,73.0
全施設,2018,愛媛県,会社・団体の宿泊所,36.6
全施設,2018,愛媛県,全体,58.1
全施設,2018,愛媛県,旅館,46.9
全施設,2018,愛媛県,簡易宿所,10.2
全施設,2018,愛知県,シティホテル,78.9
全施設,2018,愛知県,ビジネスホテル,77.7
全施設,2018,愛知県,リゾートホテル,53.8
全施設,2018,愛知県,会社・団体の宿泊所,56.3
全施設,2018,愛知県,全体,70.1
全施設,2018,愛知県,旅館,34.8
全施設,2018,愛知県,簡易宿所,41.7
全施設,2018,新潟県,シティホテル,64.6
全施設,2018,新潟県,ビジネスホテル,68.0
全施設,2018,新潟県,リゾートホテル,33.7
全施設,2018,新潟県,会社・団体の宿泊所,23.9
全施設,2018,新潟県,全体,41.7
全施設,2018,新潟県,旅館,26.3
全施設,2018,新潟県,簡易宿所,12.9
全施設,2018,東京都,シティホテル,84.6
全施設,2018,東京都,ビジネスホテル,84.5
全施設,2018,東京都,リゾートホテル,57.9
全施設,2018,東京都,会社・団体の宿泊所,51.4
全施設,2018,東京都,全体,80.0
全施設,2018,東京都,旅館,56.6
全施設,2018,東京都,簡易宿所,51.7
全施設,2018,栃木県,シティホテル,65.3
全施設,2018,栃木県,ビジネスホテル,72.2
全施設,2018,栃木県,リゾートホテル,54.2
全施設,2018,栃木県,会社・団体の宿泊所,25.6
全施設,2018,栃木県,全体,53.7
全施設,2018,栃木県,旅館,42.9
全施設,2018,栃木県,簡易宿所,19.5
全施設,2018,沖縄県,シティホテル,83.2
全施設,2018,沖縄県,ビジネスホテル,76.9
全施設,2018,沖縄県,リゾートホテル,72.4
全施設,2018,沖縄県,会社・団体の宿泊所,17.2
全施設,2018,沖縄県,全体,63.7
全施設,2018,沖縄県,旅館,31.8
全施設,2018,沖縄県,簡易宿所,28.8
全施設,2018,滋賀県,シティホテル,74.1
全施設,2018,滋賀県,ビジネスホテル,65.2
全施設,2018,滋賀県,リゾートホテル,59.0
全施設,2018,滋賀県,会社・団体の宿泊所,12.4
全施設,2018,滋賀県,全体,50.8
全施設,2018,滋賀県,旅館,34.4
全施設,2018,滋賀県,簡易宿所,17.7
全施設,2018,熊本県,シティホテル,78.1
全施設,2018,熊本県,ビジネスホテル,76.5
全施設,2018,熊本県,リゾートホテル,52.5
全施設,2018,熊本県,会社・団体の宿泊所,21.1
全施設,2018,熊本県,全体,62.1
全施設,2018,熊本県,旅館,45.2
全施設,2018,熊本県,簡易宿所,28.3
全施設,2018,石川県,シティホテル,78.6
全施設,2018,石川県,ビジネスホテル,74.0
全施設,2018,石川県,リゾートホテル,55.1
全施設,2018,石川県,会社・団体の宿泊所,49.6
全施設,2018,石川県,全体,63.3
全施設,2018,石川県,旅館,49.4
全施設,2018,石川県,簡易宿所,30.4
全施設,2018,神奈川県,シティホテル,84.7
全施設,2018,神奈川県,ビジネスホテル,80.3
全施設,2018,神奈川県,リゾートホテル,71.6
全施設,2018,神奈川県,会社・団体の宿泊所,29.0
全施設,2018,神奈川県,全体,65.6
全施設,2018,神奈川県,旅館,44.1
全施設,2018,神奈川県,簡易宿所,42.6
全施設,2018,福井県,シティホテル,66.4
全施設,2018,福井県,ビジネスホテル,78.5
全施設,2018,福井県,リゾートホテル,56.1
全施設,2018,福井県,会社・団体の宿泊所,11.3
全施設,2018,福井県,全体,48.9
全施設,2018,福井県,旅館,31.9
全施設,2018,福井県,簡易宿所,23.9
全施設,2018,福岡県,シティホテル,83.4
全施設,2018,福岡県,ビジネスホテル,80.4
全施設,2018,福岡県,リゾートホテル,51.6
全施設,2018,福岡県,会社・団体の宿泊所,37.1
全施設,2018,福岡県,全体,72.2
全施設,2018,福岡県,旅館,27.7
全施設,2018,福岡県,簡易宿所,31.5
全施設,2018,福島県,シティホテル,66.0
全施設,2018,福島県,ビジネスホテル,62.9
全施設,2018,福島県,リゾートホテル,50.5
全施設,2018,福島県,会社・団体の宿泊所,13.7
全施設,2018,福島県,全体,46.7
全施設,2018,福島県,旅館,40.8
全施設,2018,福島県,簡易宿所,18.8
全施設,2018,秋田県,シティホテル,72.1
全施設,2018,秋田県,ビジネスホテル,68.6
全施設,2018,秋田県,リゾートホテル,42.1
全施設,2018,秋田県,会社・団体の宿泊所,16.1
全施設,2018,秋田県,全体,50.2
全施設,2018,秋田県,旅館,37.1
全施設,2018,秋田県,簡易宿所,21.0
全施設,2018,群馬県,シティホテル,68.7
全施設,2018,群馬県,ビジネスホテル,71.6
全施設,2018,群馬県,リゾートホテル,46.9
全施設,2018,群馬県,会社・団体の宿泊所,28.7
全施設,2018,群馬県,全体,51.8
全施設,2018,群馬県,旅館,45.3
全施設,2018,群馬県,簡易宿所,11.0
全施設,2018,茨城県,シティホテル,71.7
全施設,2018,茨城県,ビジネスホテル,70.3
全施設,2018,茨城県,リゾートホテル,30.4
全施設,2018,茨城県,会社・団体の宿泊所,19.6
全施設,2018,茨城県,全体,56.1
全施設,2018,茨城県,旅館,30.7
全施設,2018,茨城県,簡易宿所,12.1
全施設,2018,長崎県,シティホテル,71.4
全施設,2018,長崎県,ビジネスホテル,75.0
全施設,2018,長崎県,リゾートホテル,58.7
全施設,2018,長崎県,会社・団体の宿泊所,39.0
全施設,2018,長崎県,全体,57.9
全施設,2018,長崎県,旅館,44.4
全施設,2018,長崎県,簡易宿所,18.0
全施設,2018,長野県,シティホテル,73.7
全施設,2018,長野県,ビジネスホテル,70.9
全施設,2018,長野県,リゾートホテル,39.8
全施設,2018,長野県,会社・団体の宿泊所,21.7
全施設,2018,長野県,全体,37.1
全施設,2018,長野県,旅館,28.1
全施設,2018,長野県,簡易宿所,14.0
全施設,2018,青森県,シティホテル,62.1
全施設,2018,青森県,ビジネスホテル,71.9
全施設,2018,青森県,リゾートホテル,46.6
全施設,2018,青森県,会社・団体の宿泊所,43.5
全施設,2018,青森県,全体,59.2
全施設,2018,青森県,旅館,37.0
全施設,2018,青森県,簡易宿所,26.8
全施設,2018,静岡県,シティホテル,77.1
全施設,2018,静岡県,ビジネスホテル,72.3
全施設,2018,静岡県,リゾートホテル,55.7
全施設,2018,静岡県,会社・団体の宿泊所,32.2
全施設,2018,静岡県,全体,57.0
全施設,2018,静岡県,旅館,45.7
全施設,2018,静岡県,簡易宿所,18.7
全施設,2018,香川県,シティホテル,67.2
全施設,2018,香川県,ビジネスホテル,70.6
全施設,2018,香川県,リゾートホテル,66.9
全施設,2018,香川県,会社・団体の宿泊所,59.3
全施設,2018,香川県,全体,60.5
全施設,2018,香川県,旅館,48.2
全施設,2018,香川県,簡易宿所,26.9
全施設,2018,高知県,シティホテル,71.8
全施設,2018,高知県,ビジネスホテル,63.3
全施設,2018,高知県,リゾートホテル,45.2
全施設,2018,高知県,全体,47.7
全施設,2018,高知県,旅館,30.3
全施設,2018,高知県,簡易宿所,14.6
全施設,2018,鳥取県,シティホテル,82.2
全施設,2018,鳥取県,ビジネスホテル,67.5
全施設,2018,鳥取県,リゾートホテル,42.2
全施設,2018,鳥取県,会社・団体の宿泊所,4.2
全施設,2018,鳥取県,全体,56.2
全施設,2018,鳥取県,旅館,38.4
全施設,2018,鳥取県,簡易宿所,26.2
全施設,2018,鹿児島県,シティホテル,72.0
全施設,2018,鹿児島県,ビジネスホテル,71.9
全施設,2018,鹿児島県,リゾートホテル,51.4
全施設,2018,鹿児島県,会社・団体の宿泊所,17.6
全施設,2018,鹿児島県,全体,58.4
全施設,2018,鹿児島県,旅館,44.8
全施設,2018,鹿児島県,簡易宿所,23.6
全施設,2019,三重県,シティホテル,72.6
全施設,2019,三重県,ビジネスホテル,72.1
全施設,2019,三重県,リゾートホテル,50.2
全施設,2019,三重県,会社・団体の宿泊所,11.4
全施設,2019,三重県,全体,55.0
全施設,2019,三重県,旅館,41.6
全施設,2019,三重県,簡易宿所,10.4
全施設,2019,京都府,シティホテル,79.9
全施設,2019,京都府,ビジネスホテル,80.1
全施設,2019,京都府,リゾートホテル,59.3
全施設,2019,京都府,会社・団体の宿泊所,57.1
全施設,2019,京都府,全体,66.3
全施設,2019,京都府,旅館,44.1
全施設,2019,京都府,簡易宿所,43.6
全施設,2019,佐賀県,シティホテル,67.1
全施設,2019,佐賀県,ビジネスホテル,77.3
全施設,2019,佐賀県,リゾートホテル,70.5
全施設,2019,佐賀県,会社・団体の宿泊所,5.3
全施設,2019,佐賀県,全体,58.0
全施設,2019,佐賀県,旅館,46.6
全施設,2019,佐賀県,簡易宿所,27.3
全施設,2019,全国,シティホテル,79.5
全施設,2019,全国,ビジネスホテル,75.8
全施設,2019,全国,リゾートホテル,58.5
全施設,2019,全国,会社・団体の宿泊所,28.8
全施設,2019,全国,全体,62.7
全施設,2019,全国,旅館,39.6
全施設,2019,全国,簡易宿所,33.4
全施設,2019,兵庫県,シティホテル,75.8
全施設,2019,兵庫県,ビジネスホテル,74.6
全施設,2019,兵庫県,リゾートホテル,56.7
全施設,2019,兵庫県,会社・団体の宿泊所,30.2
全施設,2019,兵庫県,全体,56.7
全施設,2019,兵庫県,旅館,38.0
全施設,2019,兵庫県,簡易宿所,16.7
全施設,2019,北海道,シティホテル,78.0
全施設,2019,北海道,ビジネスホテル,75.8
全施設,2019,北海道,リゾートホテル,53.2
全施設,2019,北海道,会社・団体の宿泊所,34.8
全施設,2019,北海道,全体,65.3
全施設,2019,北海道,旅館,50.2
全施設,2019,北海道,簡易宿所,39.5
全施設,2019,千葉県,シティホテル,81.3
全施設,2019,千葉県,ビジネスホテル,73.8
全施設,2019,千葉県,リゾートホテル,84.1
全施設,2019,千葉県,会社・団体の宿泊所,39.0
全施設,2019,千葉県,全体,70.6
全施設,2019,千葉県,旅館,39.9
全施設,2019,千葉県,簡易宿所,23.1
全施設,2019,和歌山県,シティホテル,74.1
全施設,2019,和歌山県,ビジネスホテル,72.6
全施設,2019,和歌山県,リゾートホテル,51.3
全施設,2019,和歌山県,会社・団体の宿泊所,36.1
全施設,2019,和歌山県,全体,46.5
全施設,2019,和歌山県,旅館,34.6
全施設,2019,和歌山県,簡易宿所,25.7
全施設,2019,埼玉県,シティホテル,75.9
全施設,2019,埼玉県,ビジネスホテル,74.8
全施設,2019,埼玉県,リゾートホテル,41.4
全施設,2019,埼玉県,会社・団体の宿泊所,14.6
全施設,2019,埼玉県,全体,70.2
全施設,2019,埼玉県,旅館,49.9
全施設,2019,埼玉県,簡易宿所,45.9
全施設,2019,大分県,シティホテル,69.7
全施設,2019,大分県,ビジネスホテル,69.0
全施設,2019,大分県,リゾートホテル,59.7
全施設,2019,大分県,会社・団体の宿泊所,14.0
全施設,2019,大分県,全体,54.4
全施設,2019,大分県,旅館,43.3
全施設,2019,大分県,簡易宿所,21.4
全施設,2019,大阪府,シティホテル,85.4
全施設,2019,大阪府,ビジネスホテル,79.8
全施設,2019,大阪府,リゾートホテル,90.9
全施設,2019,大阪府,会社・団体の宿泊所,44.2
全施設,2019,大阪府,全体,79.0
全施設,2019,大阪府,旅館,36.2
全施設,2019,大阪府,簡易宿所,60.6
全施設,2019,奈良県,シティホテル,76.8
全施設,2019,奈良県,ビジネスホテル,60.8
全施設,2019,奈良県,リゾートホテル,75.6
全施設,2019,奈良県,会社・団体の宿泊所,33.9
全施設,2019,奈良県,全体,44.2
全施設,2019,奈良県,旅館,27.3
全施設,2019,奈良県,簡易宿所,20.8
全施設,2019,宮城県,シティホテル,62.3
全施設,2019,宮城県,ビジネスホテル,65.5
全施設,2019,宮城県,リゾートホテル,50.0
全施設,2019,宮城県,会社・団体の宿泊所,36.0
全施設,2019,宮城県,全体,57.5
全施設,2019,宮城県,旅館,41.4
全施設,2019,宮城県,簡易宿所,30.2
全施設,2019,宮崎県,シティホテル,77.1
全施設,2019,宮崎県,ビジネスホテル,67.2
全施設,2019,宮崎県,リゾートホテル,45.4
全施設,2019,宮崎県,会社・団体の宿泊所,5.2
全施設,2019,宮崎県,全体,55.1
全施設,2019,宮崎県,旅館,35.6
全施設,2019,宮崎県,簡易宿所,14.2
全施設,2019,富山県,シティホテル,67.2
全施設,2019,富山県,ビジネスホテル,63.0
全施設,2019,富山県,リゾートホテル,43.4
全施設,2019,富山県,会社・団体の宿泊所,44.3
全施設,2019,富山県,全体,52.4
全施設,2019,富山県,旅館,30.7
全施設,2019,富山県,簡易宿所,28.5
全施設,2019,山口県,シティホテル,68.1
全施設,2019,山口県,ビジネスホテル,67.7
全施設,2019,山口県,リゾートホテル,46.3
全施設,2019,山口県,会社・団体の宿泊所,16.3
全施設,2019,山口県,全体,54.8
全施設,2019,山口県,旅館,34.4
全施設,2019,山口県,簡易宿所,13.9
全施設,2019,山形県,シティホテル,68.5
全施設,2019,山形県,ビジネスホテル,70.6
全施設,2019,山形県,リゾートホテル,32.4
全施設,2019,山形県,会社・団体の宿泊所,25.8
全施設,2019,山形県,全体,51.2
全施設,2019,山形県,旅館,38.4
全施設,2019,山形県,簡易宿所,11.9
全施設,2019,山梨県,シティホテル,65.2
全施設,2019,山梨県,ビジネスホテル,75.4
全施設,2019,山梨県,リゾートホテル,57.8
全施設,2019,山梨県,会社・団体の宿泊所,21.0
全施設,2019,山梨県,全体,47.5
全施設,2019,山梨県,旅館,40.8
全施設,2019,山梨県,簡易宿所,21.6
全施設,2019,岐阜県,シティホテル,75.6
全施設,2019,岐阜県,ビジネスホテル,79.6
全施設,2019,岐阜県,リゾートホテル,49.4
全施設,2019,岐阜県,会社・団体の宿泊所,69.0
全施設,2019,岐阜県,全体,58.0
全施設,2019,岐阜県,旅館,43.5
全施設,2019,岐阜県,簡易宿所,28.7
全施設,2019,岡山県,シティホテル,66.6
全施設,2019,岡山県,ビジネスホテル,83.8
全施設,2019,岡山県,リゾートホテル,38.1
全施設,2019,岡山県,会社・団体の宿泊所,46.9
全施設,2019,岡山県,全体,61.9
全施設,2019,岡山県,旅館,31.4
全施設,2019,岡山県,簡易宿所,20.6
全施設,2019,岩手県,シティホテル,73.1
全施設,2019,岩手県,ビジネスホテル,73.7
全施設,2019,岩手県,リゾートホテル,50.6
全施設,2019,岩手県,会社・団体の宿泊所,63.2
全施設,2019,岩手県,全体,55.7
全施設,2019,岩手県,旅館,39.9
全施設,2019,岩手県,簡易宿所,23.6
全施設,2019,島根県,シティホテル,73.4
全施設,2019,島根県,ビジネスホテル,73.1
全施設,2019,島根県,リゾートホテル,41.7
全施設,2019,島根県,会社・団体の宿泊所,48.2
全施設,2019,島根県,全体,55.3
全施設,2019,島根県,旅館,46.7
全施設,2019,島根県,簡易宿所,16.0
全施設,2019,広島県,シティホテル,85.2
全施設,2019,広島県,ビジネスホテル,79.1
全施設,2019,広島県,リゾートホテル,61.9
全施設,2019,広島県,会社・団体の宿泊所,17.5
全施設,2019,広島県,全体,69.3
全施設,2019,広島県,旅館,43.5
全施設,2019,広島県,簡易宿所,35.3
全施設,2019,徳島県,シティホテル,62.7
全施設,2019,徳島県,ビジネスホテル,67.6
全施設,2019,徳島県,リゾートホテル,57.9
全施設,2019,徳島県,会社・団体の宿泊所,15.9
全施設,2019,徳島県,全体,52.0
全施設,2019,徳島県,旅館,26.0
全施設,2019,徳島県,簡易宿所,21.9
全施設,2019,愛媛県,シティホテル,72.0
全施設,2019,愛媛県,ビジネスホテル,65.5
全施設,2019,愛媛県,リゾートホテル,62.3
全施設,2019,愛媛県,会社・団体の宿泊所,21.6
全施設,2019,愛媛県,全体,56.1
全施設,2019,愛媛県,旅館,48.0
全施設,2019,愛媛県,簡易宿所,15.8
全施設,2019,愛知県,シティホテル,76.8
全施設,2019,愛知県,ビジネスホテル,75.6
全施設,2019,愛知県,リゾートホテル,51.5
全施設,2019,愛知県,会社・団体の宿泊所,54.3
全施設,2019,愛知県,全体,68.8
全施設,2019,愛知県,旅館,30.9
全施設,2019,愛知県,簡易宿所,39.3
全施設,2019,新潟県,シティホテル,68.4
全施設,2019,新潟県,ビジネスホテル,67.0
全施設,2019,新潟県,リゾートホテル,35.9
全施設,2019,新潟県,会社・団体の宿泊所,32.6
全施設,2019,新潟県,全体,44.3
全施設,2019,新潟県,旅館,26.2
全施設,2019,新潟県,簡易宿所,14.1
全施設,2019,東京都,シティホテル,84.2
全施設,2019,東京都,ビジネスホテル,84.0
全施設,2019,東京都,リゾートホテル,64.3
全施設,2019,東京都,会社・団体の宿泊所,50.5
全施設,2019,東京都,全体,79.5
全施設,2019,東京都,旅館,44.7
全施設,2019,東京都,簡易宿所,52.1
全施設,2019,栃木県,シティホテル,65.3
全施設,2019,栃木県,ビジネスホテル,69.6
全施設,2019,栃木県,リゾートホテル,51.2
全施設,2019,栃木県,会社・団体の宿泊所,20.6
全施設,2019,栃木県,全体,50.7
全施設,2019,栃木県,旅館,41.7
全施設,2019,栃木県,簡易宿所,13.7
全施設,2019,沖縄県,シティホテル,79.5
全施設,2019,沖縄県,ビジネスホテル,74.8
全施設,2019,沖縄県,リゾートホテル,68.0
全施設,2019,沖縄県,会社・団体の宿泊所,17.1
全施設,2019,沖縄県,全体,64.7
全施設,2019,沖縄県,旅館,25.8
全施設,2019,沖縄県,簡易宿所,40.9
全施設,2019,滋賀県,シティホテル,74.8
全施設,2019,滋賀県,ビジネスホテル,66.8
全施設,2019,滋賀県,リゾートホテル,59.5
全施設,2019,滋賀県,会社・団体の宿泊所,13.1
全施設,2019,滋賀県,全体,53.7
全施設,2019,滋賀県,旅館,37.7
全施設,2019,滋賀県,簡易宿所,17.1
全施設,2019,熊本県,シティホテル,78.7
全施設,2019,熊本県,ビジネスホテル,79.2
全施設,2019,熊本県,リゾートホテル,48.4
全施設,2019,熊本県,会社・団体の宿泊所,16.5
全施設,2019,熊本県,全体,60.7
全施設,2019,熊本県,旅館,43.2
全施設,2019,熊本県,簡易宿所,27.4
全施設,2019,石川県,シティホテル,71.7
全施設,2019,石川県,ビジネスホテル,70.3
全施設,2019,石川県,リゾートホテル,51.4
全施設,2019,石川県,会社・団体の宿泊所,50.1
全施設,2019,石川県,全体,59.8
全施設,2019,石川県,旅館,47.3
全施設,2019,石川県,簡易宿所,30.4
全施設,2019,神奈川県,シティホテル,84.5
全施設,2019,神奈川県,ビジネスホテル,84.0
全施設,2019,神奈川県,リゾートホテル,66.9
全施設,2019,神奈川県,会社・団体の宿泊所,27.9
全施設,2019,神奈川県,全体,70.4
全施設,2019,神奈川県,旅館,51.2
全施設,2019,神奈川県,簡易宿所,51.2
全施設,2019,福井県,シティホテル,61.6
全施設,2019,福井県,ビジネスホテル,76.5
全施設,2019,福井県,リゾートホテル,47.6
全施設,2019,福井県,会社・団体の宿泊所,4.2
全施設,2019,福井県,全体,50.9
全施設,2019,福井県,旅館,38.0
全施設,2019,福井県,簡易宿所,13.4
全施設,2019,福岡県,シティホテル,80.2
全施設,2019,福岡県,ビジネスホテル,79.5
全施設,2019,福岡県,リゾートホテル,44.4
全施設,2019,福岡県,会社・団体の宿泊所,33.9
全施設,2019,福岡県,全体,71.7
全施設,2019,福岡県,旅館,30.7
全施設,2019,福岡県,簡易宿所,40.2
全施設,2019,福島県,シティホテル,66.7
全施設,2019,福島県,ビジネスホテル,66.6
全施設,2019,福島県,リゾートホテル,52.6
全施設,2019,福島県,会社・団体の宿泊所,32.3
全施設,2019,福島県,全体,51.8
全施設,2019,福島県,旅館,42.7
全施設,2019,福島県,簡易宿所,36.6
全施設,2019,秋田県,シティホテル,71.9
全施設,2019,秋田県,ビジネスホテル,69.2
全施設,2019,秋田県,リゾートホテル,42.3
全施設,2019,秋田県,会社・団体の宿泊所,26.3
全施設,2019,秋田県,全体,52.5
全施設,2019,秋田県,旅館,36.8
全施設,2019,秋田県,簡易宿所,18.7
全施設,2019,群馬県,シティホテル,63.0
全施設,2019,群馬県,ビジネスホテル,75.2
全施設,2019,群馬県,リゾートホテル,47.2
全施設,2019,群馬県,会社・団体の宿泊所,27.3
全施設,2019,群馬県,全体,54.1
全施設,2019,群馬県,旅館,46.3
全施設,2019,群馬県,簡易宿所,13.0
全施設,2019,茨城県,シティホテル,65.7
全施設,2019,茨城県,ビジネスホテル,72.0
全施設,2019,茨城県,リゾートホテル,39.9
全施設,2019,茨城県,会社・団体の宿泊所,20.0
全施設,2019,茨城県,全体,59.5
全施設,2019,茨城県,旅館,34.7
全施設,2019,茨城県,簡易宿所,37.4
全施設,2019,長崎県,シティホテル,72.7
全施設,2019,長崎県,ビジネスホテル,73.5
全施設,2019,長崎県,リゾートホテル,57.2
全施設,2019,長崎県,会社・団体の宿泊所,41.4
全施設,2019,長崎県,全体,55.1
全施設,2019,長崎県,旅館,40.1
全施設,2019,長崎県,簡易宿所,14.8
全施設,2019,長野県,シティホテル,75.5
全施設,2019,長野県,ビジネスホテル,71.4
全施設,2019,長野県,リゾートホテル,42.2
全施設,2019,長野県,会社・団体の宿泊所,18.7
全施設,2019,長野県,全体,39.2
全施設,2019,長野県,旅館,28.7
全施設,2019,長野県,簡易宿所,13.6
全施設,2019,青森県,シティホテル,61.8
全施設,2019,青森県,ビジネスホテル,69.5
全施設,2019,青森県,リゾートホテル,47.5
全施設,2019,青森県,会社・団体の宿泊所,23.6
全施設,2019,青森県,全体,56.6
全施設,2019,青森県,旅館,35.8
全施設,2019,青森県,簡易宿所,33.6
全施設,2019,静岡県,シティホテル,74.8
全施設,2019,静岡県,ビジネスホテル,73.6
全施設,2019,静岡県,リゾートホテル,54.7
全施設,2019,静岡県,会社・団体の宿泊所,24.8
全施設,2019,静岡県,全体,59.1
全施設,2019,静岡県,旅館,48.2
全施設,2019,静岡県,簡易宿所,23.8
全施設,2019,香川県,シティホテル,65.6
全施設,2019,香川県,ビジネスホテル,70.0
全施設,2019,香川県,リゾートホテル,65.5
全施設,2019,香川県,会社・団体の宿泊所,19.8
全施設,2019,香川県,全体,59.3
全施設,2019,香川県,旅館,46.2
全施設,2019,香川県,簡易宿所,34.1
全施設,2019,高知県,シティホテル,71.0
全施設,2019,高知県,ビジネスホテル,67.8
全施設,2019,高知県,リゾートホテル,47.8
全施設,2019,高知県,会社・団体の宿泊所,3.6
全施設,2019,高知県,全体,51.1
全施設,2019,高知県,旅館,37.3
全施設,2019,高知県,簡易宿所,15.0
全施設,2019,鳥取県,シティホテル,76.5
全施設,2019,鳥取県,ビジネスホテル,69.1
全施設,2019,鳥取県,リゾートホテル,49.6
全施設,2019,鳥取県,会社・団体の宿泊所,6.7
全施設,2019,鳥取県,全体,52.6
全施設,2019,鳥取県,旅館,45.7
全施設,2019,鳥取県,簡易宿所,19.8
全施設,2019,鹿児島県,シティホテル,71.7
全施設,2019,鹿児島県,ビジネスホテル,73.1
全施設,2019,鹿児島県,リゾートホテル,46.9
全施設,2019,鹿児島県,会社・団体の宿泊所,22.9
全施設,2019,鹿児島県,全体,56.0
全施設,2019,鹿児島県,旅館,38.3
全施設,2019,鹿児島県,簡易宿所,24.7
全施設,2020,三重県,シティホテル,39.6
全施設,2020,三重県,ビジネスホテル,48.3
全施設,2020,三重県,リゾートホテル,33.3
全施設,2020,三重県,会社・団体の宿泊所,4.9
全施設,2020,三重県,全体,36.3
全施設,2020,三重県,旅館,27.6
全施設,2020,三重県,簡易宿所,9.0
全施設,2020,京都府,シティホテル,29.9
全施設,2020,京都府,ビジネスホテル,34.5
全施設,2020,京都府,リゾートホテル,31.9
全施設,2020,京都府,会社・団体の宿泊所,9.7
全施設,2020,京都府,全体,27.6
全施設,2020,京都府,旅館,21.4
全施設,2020,京都府,簡易宿所,14.2
全施設,2020,佐賀県,シティホテル,39.8
全施設,2020,佐賀県,ビジネスホテル,45.5
全施設,2020,佐賀県,リゾートホテル,39.6
全施設,2020,佐賀県,会社・団体の宿泊所,8.3
全施設,2020,佐賀県,全体,34.1
全施設,2020,佐賀県,旅館,29.2
全施設,2020,佐賀県,簡易宿所,8.6
全施設,2020,全国,シティホテル,34.1
全施設,2020,全国,ビジネスホテル,42.8
全施設,2020,全国,リゾートホテル,30.0
全施設,2020,全国,会社・団体の宿泊所,18.6
全施設,2020,全国,全体,34.3
全施設,2020,全国,旅館,25.0
全施設,2020,全国,簡易宿所,15.5
全施設,2020,兵庫県,シティホテル,41.7
全施設,2020,兵庫県,ビジネスホテル,46.1
全施設,2020,兵庫県,リゾートホテル,37.3
全施設,2020,兵庫県,会社・団体の宿泊所,20.8
全施設,2020,兵庫県,全体,36.1
全施設,2020,兵庫県,旅館,26.6
全施設,2020,兵庫県,簡易宿所,9.8
全施設,2020,北海道,シティホテル,36.4
全施設,2020,北海道,ビジネスホテル,43.6
全施設,2020,北海道,リゾートホテル,26.0
全施設,2020,北海道,会社・団体の宿泊所,12.8
全施設,2020,北海道,全体,34.5
全施設,2020,北海道,旅館,28.1
全施設,2020,北海道,簡易宿所,16.2
全施設,2020,千葉県,シティホテル,43.1
全施設,2020,千葉県,ビジネスホテル,43.4
全施設,2020,千葉県,リゾートホテル,36.8
全施設,2020,千葉県,会社・団体の宿泊所,12.2
全施設,2020,千葉県,全体,36.5
全施設,2020,千葉県,旅館,27.0
全施設,2020,千葉県,簡易宿所,15.2
全施設,2020,和歌山県,シティホテル,51.7
全施設,2020,和歌山県,ビジネスホテル,52.8
全施設,2020,和歌山県,リゾートホテル,34.0
全施設,2020,和歌山県,会社・団体の宿泊所,23.1
全施設,2020,和歌山県,全体,32.2
全施設,2020,和歌山県,旅館,24.2
全施設,2020,和歌山県,簡易宿所,17.8
全施設,2020,埼玉県,シティホテル,44.9
全施設,2020,埼玉県,ビジネスホテル,52.0
全施設,2020,埼玉県,リゾートホテル,28.0
全施設,2020,埼玉県,会社・団体の宿泊所,5.1
全施設,2020,埼玉県,全体,44.8
全施設,2020,埼玉県,旅館,24.5
全施設,2020,埼玉県,簡易宿所,22.1
全施設,2020,大分県,シティホテル,44.3
全施設,2020,大分県,ビジネスホテル,46.6
全施設,2020,大分県,リゾートホテル,31.8
全施設,2020,大分県,会社・団体の宿泊所,10.1
全施設,2020,大分県,全体,35.0
全施設,2020,大分県,旅館,26.7
全施設,2020,大分県,簡易宿所,8.1
全施設,2020,大阪府,シティホテル,30.2
全施設,2020,大阪府,ビジネスホテル,27.8
全施設,2020,大阪府,リゾートホテル,30.8
全施設,2020,大阪府,会社・団体の宿泊所,31.5
全施設,2020,大阪府,全体,27.8
全施設,2020,大阪府,旅館,23.7
全施設,2020,大阪府,簡易宿所,19.3
全施設,2020,奈良県,シティホテル,35.0
全施設,2020,奈良県,ビジネスホテル,36.6
全施設,2020,奈良県,リゾートホテル,47.6
全施設,2020,奈良県,会社・団体の宿泊所,2.2
全施設,2020,奈良県,全体,24.7
全施設,2020,奈良県,旅館,16.0
全施設,2020,奈良県,簡易宿所,10.1
全施設,2020,宮城県,シティホテル,37.0
全施設,2020,宮城県,ビジネスホテル,47.8
全施設,2020,宮城県,リゾートホテル,27.6
全施設,2020,宮城県,会社・団体の宿泊所,7.4
全施設,2020,宮城県,全体,38.9
全施設,2020,宮城県,旅館,28.9
全施設,2020,宮城県,簡易宿所,19.2
全施設,2020,宮崎県,シティホテル,40.8
全施設,2020,宮崎県,ビジネスホテル,50.6
全施設,2020,宮崎県,リゾートホテル,27.8
全施設,2020,宮崎県,会社・団体の宿泊所,1.4
全施設,2020,宮崎県,全体,39.2
全施設,2020,宮崎県,旅館,23.5
全施設,2020,宮崎県,簡易宿所,9.0
全施設,2020,富山県,シティホテル,33.5
全施設,2020,富山県,ビジネスホテル,38.1
全施設,2020,富山県,リゾートホテル,19.5
全施設,2020,富山県,会社・団体の宿泊所,20.5
全施設,2020,富山県,全体,30.0
全施設,2020,富山県,旅館,19.0
全施設,2020,富山県,簡易宿所,7.5
全施設,2020,山口県,シティホテル,45.0
全施設,2020,山口県,ビジネスホテル,53.9
全施設,2020,山口県,リゾートホテル,31.7
全施設,2020,山口県,会社・団体の宿泊所,4.6
全施設,2020,山口県,全体,45.1
全施設,2020,山口県,旅館,29.5
全施設,2020,山口県,簡易宿所,16.8
全施設,2020,山形県,シティホテル,41.8
全施設,2020,山形県,ビジネスホテル,49.3
全施設,2020,山形県,リゾートホテル,26.4
全施設,2020,山形県,会社・団体の宿泊所,17.8
全施設,2020,山形県,全体,33.8
全施設,2020,山形県,旅館,24.3
全施設,2020,山形県,簡易宿所,6.3
全施設,2020,山梨県,シティホテル,39.6
全施設,2020,山梨県,ビジネスホテル,48.7
全施設,2020,山梨県,リゾートホテル,18.7
全施設,2020,山梨県,会社・団体の宿泊所,4.7
全施設,2020,山梨県,全体,22.5
全施設,2020,山梨県,旅館,16.1
全施設,2020,山梨県,簡易宿所,9.7
全施設,2020,岐阜県,シティホテル,32.7
全施設,2020,岐阜県,ビジネスホテル,57.3
全施設,2020,岐阜県,リゾートホテル,27.4
全施設,2020,岐阜県,会社・団体の宿泊所,14.0
全施設,2020,岐阜県,全体,35.7
全施設,2020,岐阜県,旅館,24.3
全施設,2020,岐阜県,簡易宿所,12.1
全施設,2020,岡山県,シティホテル,37.8
全施設,2020,岡山県,ビジネスホテル,53.3
全施設,2020,岡山県,リゾートホテル,18.5
全施設,2020,岡山県,会社・団体の宿泊所,40.9
全施設,2020,岡山県,全体,39.1
全施設,2020,岡山県,旅館,21.8
全施設,2020,岡山県,簡易宿所,10.4
全施設,2020,岩手県,シティホテル,49.9
全施設,2020,岩手県,ビジネスホテル,52.2
全施設,2020,岩手県,リゾートホテル,29.9
全施設,2020,岩手県,会社・団体の宿泊所,28.5
全施設,2020,岩手県,全体,40.3
全施設,2020,岩手県,旅館,31.4
全施設,2020,岩手県,簡易宿所,14.6
全施設,2020,島根県,シティホテル,44.0
全施設,2020,島根県,ビジネスホテル,55.9
全施設,2020,島根県,リゾートホテル,48.0
全施設,2020,島根県,会社・団体の宿泊所,27.7
全施設,2020,島根県,全体,42.8
全施設,2020,島根県,旅館,31.3
全施設,2020,島根県,簡易宿所,10.3
全施設,2020,広島県,シティホテル,43.5
全施設,2020,広島県,ビジネスホテル,50.5
全施設,2020,広島県,リゾートホテル,37.1
全施設,2020,広島県,会社・団体の宿泊所,17.7
全施設,2020,広島県,全体,40.8
全施設,2020,広島県,旅館,24.5
全施設,2020,広島県,簡易宿所,12.4
全施設,2020,徳島県,シティホテル,38.6
全施設,2020,徳島県,ビジネスホテル,41.5
全施設,2020,徳島県,リゾートホテル,38.4
全施設,2020,徳島県,会社・団体の宿泊所,5.4
全施設,2020,徳島県,全体,31.3
全施設,2020,徳島県,旅館,17.5
全施設,2020,徳島県,簡易宿所,10.4
全施設,2020,愛媛県,シティホテル,44.4
全施設,2020,愛媛県,ビジネスホテル,47.5
全施設,2020,愛媛県,リゾートホテル,45.7
全施設,2020,愛媛県,会社・団体の宿泊所,10.8
全施設,2020,愛媛県,全体,39.2
全施設,2020,愛媛県,旅館,32.2
全施設,2020,愛媛県,簡易宿所,16.1
全施設,2020,愛知県,シティホテル,35.9
全施設,2020,愛知県,ビジネスホテル,40.5
全施設,2020,愛知県,リゾートホテル,28.5
全施設,2020,愛知県,会社・団体の宿泊所,21.4
全施設,2020,愛知県,全体,36.8
全施設,2020,愛知県,旅館,19.2
全施設,2020,愛知県,簡易宿所,19.2
全施設,2020,新潟県,シティホテル,37.2
全施設,2020,新潟県,ビジネスホテル,48.0
全施設,2020,新潟県,リゾートホテル,19.2
全施設,2020,新潟県,会社・団体の宿泊所,42.9
全施設,2020,新潟県,全体,30.5
全施設,2020,新潟県,旅館,18.8
全施設,2020,新潟県,簡易宿所,10.5
全施設,2020,東京都,シティホテル,26.2
全施設,2020,東京都,ビジネスホテル,38.9
全施設,2020,東京都,リゾートホテル,29.2
全施設,2020,東京都,会社・団体の宿泊所,51.7
全施設,2020,東京都,全体,33.6
全施設,2020,東京都,旅館,23.8
全施設,2020,東京都,簡易宿所,20.6
全施設,2020,栃木県,シティホテル,35.3
全施設,2020,栃木県,ビジネスホテル,48.6
全施設,2020,栃木県,リゾートホテル,31.5
全施設,2020,栃木県,会社・団体の宿泊所,11.5
全施設,2020,栃木県,全体,34.6
全施設,2020,栃木県,旅館,27.2
全施設,2020,栃木県,簡易宿所,12.9
全施設,2020,沖縄県,シティホテル,32.8
全施設,2020,沖縄県,ビジネスホテル,39.0
全施設,2020,沖縄県,リゾートホテル,31.4
全施設,2020,沖縄県,会社・団体の宿泊所,2.6
全施設,2020,沖縄県,全体,30.2
全施設,2020,沖縄県,旅館,16.9
全施設,2020,沖縄県,簡易宿所,16.1
全施設,2020,滋賀県,シティホテル,39.8
全施設,2020,滋賀県,ビジネスホテル,47.1
全施設,2020,滋賀県,リゾートホテル,32.8
全施設,2020,滋賀県,会社・団体の宿泊所,2.8
全施設,2020,滋賀県,全体,34.7
全施設,2020,滋賀県,旅館,27.2
全施設,2020,滋賀県,簡易宿所,9.0
全施設,2020,熊本県,シティホテル,44.3
全施設,2020,熊本県,ビジネスホテル,48.8
全施設,2020,熊本県,リゾートホテル,22.5
全施設,2020,熊本県,会社・団体の宿泊所,9.8
全施設,2020,熊本県,全体,35.4
全施設,2020,熊本県,旅館,25.5
全施設,2020,熊本県,簡易宿所,14.7
全施設,2020,石川県,シティホテル,35.5
全施設,2020,石川県,ビジネスホテル,40.0
全施設,2020,石川県,リゾートホテル,27.7
全施設,2020,石川県,会社・団体の宿泊所,22.0
全施設,2020,石川県,全体,34.4
全施設,2020,石川県,旅館,33.0
全施設,2020,石川県,簡易宿所,10.6
全施設,2020,神奈川県,シティホテル,44.7
全施設,2020,神奈川県,ビジネスホテル,49.8
全施設,2020,神奈川県,リゾートホテル,42.7
全施設,2020,神奈川県,会社・団体の宿泊所,11.0
全施設,2020,神奈川県,全体,42.8
全施設,2020,神奈川県,旅館,29.4
全施設,2020,神奈川県,簡易宿所,41.6
全施設,2020,福井県,シティホテル,34.8
全施設,2020,福井県,ビジネスホテル,52.9
全施設,2020,福井県,リゾートホテル,36.6
全施設,2020,福井県,全体,35.7
全施設,2020,福井県,旅館,26.4
全施設,2020,福井県,簡易宿所,7.6
全施設,2020,福岡県,シティホテル,41.0
全施設,2020,福岡県,ビジネスホテル,39.0
全施設,2020,福岡県,リゾートホテル,21.0
全施設,2020,福岡県,会社・団体の宿泊所,12.8
全施設,2020,福岡県,全体,35.9
全施設,2020,福岡県,旅館,19.4
全施設,2020,福岡県,簡易宿所,15.6
全施設,2020,福島県,シティホテル,41.8
全施設,2020,福島県,ビジネスホテル,54.2
全施設,2020,福島県,リゾートホテル,28.7
全施設,2020,福島県,会社・団体の宿泊所,21.6
全施設,2020,福島県,全体,41.9
全施設,2020,福島県,旅館,34.2
全施設,2020,福島県,簡易宿所,20.7
全施設,2020,秋田県,シティホテル,48.2
全施設,2020,秋田県,ビジネスホテル,34.9
全施設,2020,秋田県,リゾートホテル,27.4
全施設,2020,秋田県,会社・団体の宿泊所,7.6
全施設,2020,秋田県,全体,31.2
全施設,2020,秋田県,旅館,25.1
全施設,2020,秋田県,簡易宿所,8.8
全施設,2020,群馬県,シティホテル,41.6
全施設,2020,群馬県,ビジネスホテル,49.7
全施設,2020,群馬県,リゾートホテル,25.9
全施設,2020,群馬県,会社・団体の宿泊所,20.5
全施設,2020,群馬県,全体,34.7
全施設,2020,群馬県,旅館,29.7
全施設,2020,群馬県,簡易宿所,8.5
全施設,2020,茨城県,シティホテル,34.4
全施設,2020,茨城県,ビジネスホテル,51.4
全施設,2020,茨城県,リゾートホテル,30.0
全施設,2020,茨城県,会社・団体の宿泊所,21.7
全施設,2020,茨城県,全体,42.4
全施設,2020,茨城県,旅館,20.0
全施設,2020,茨城県,簡易宿所,11.6
全施設,2020,長崎県,シティホテル,45.2
全施設,2020,長崎県,ビジネスホテル,47.9
全施設,2020,長崎県,リゾートホテル,30.6
全施設,2020,長崎県,会社・団体の宿泊所,16.2
全施設,2020,長崎県,全体,34.6
全施設,2020,長崎県,旅館,24.3
全施設,2020,長崎県,簡易宿所,8.6
全施設,2020,長野県,シティホテル,44.4
全施設,2020,長野県,ビジネスホテル,49.0
全施設,2020,長野県,リゾートホテル,25.1
全施設,2020,長野県,会社・団体の宿泊所,9.2
全施設,2020,長野県,全体,24.2
全施設,2020,長野県,旅館,15.6
全施設,2020,長野県,簡易宿所,7.7
全施設,2020,青森県,シティホテル,34.3
全施設,2020,青森県,ビジネスホテル,48.6
全施設,2020,青森県,リゾートホテル,27.8
全施設,2020,青森県,会社・団体の宿泊所,0.9
全施設,2020,青森県,全体,39.1
全施設,2020,青森県,旅館,26.6
全施設,2020,青森県,簡易宿所,15.1
全施設,2020,静岡県,シティホテル,37.9
全施設,2020,静岡県,ビジネスホテル,52.2
全施設,2020,静岡県,リゾートホテル,29.7
全施設,2020,静岡県,会社・団体の宿泊所,8.2
全施設,2020,静岡県,全体,38.0
全施設,2020,静岡県,旅館,31.0
全施設,2020,静岡県,簡易宿所,11.6
全施設,2020,香川県,シティホテル,45.1
全施設,2020,香川県,ビジネスホテル,43.0
全施設,2020,香川県,リゾートホテル,35.0
全施設,2020,香川県,会社・団体の宿泊所,7.3
全施設,2020,香川県,全体,35.3
全施設,2020,香川県,旅館,26.5
全施設,2020,香川県,簡易宿所,13.9
全施設,2020,高知県,シティホテル,46.4
全施設,2020,高知県,ビジネスホテル,45.8
全施設,2020,高知県,リゾートホテル,34.7
全施設,2020,高知県,全体,33.9
全施設,2020,高知県,旅館,23.2
全施設,2020,高知県,簡易宿所,8.0
全施設,2020,鳥取県,シティホテル,46.2
全施設,2020,鳥取県,ビジネスホテル,50.1
全施設,2020,鳥取県,リゾートホテル,25.6
全施設,2020,鳥取県,会社・団体の宿泊所,11.2
全施設,2020,鳥取県,全体,39.2
全施設,2020,鳥取県,旅館,32.4
全施設,2020,鳥取県,簡易宿所,10.9
全施設,2020,鹿児島県,シティホテル,41.4
全施設,2020,鹿児島県,ビジネスホテル,46.5
全施設,2020,鹿児島県,リゾートホテル,29.6
全施設,2020,鹿児島県,会社・団体の宿泊所,23.6
全施設,2020,鹿児島県,全体,35.7
全施設,2020,鹿児島県,旅館,24.3
全施設,2020,鹿児島県,簡易宿所,14.5
全施設,2021,三重県,シティホテル,36.6
全施設,2021,三重県,ビジネスホテル,48.5
全施設,2021,三重県,リゾートホテル,29.7
全施設,2021,三重県,会社・団体の宿泊所,13.3
全施設,2021,三重県,全体,36.8
全施設,2021,三重県,旅館,24.5
全施設,2021,三重県,簡易宿所,9.6
全施設,2021,京都府,シティホテル,23.6
全施設,2021,京都府,ビジネスホテル,31.8
全施設,2021,京都府,リゾートホテル,21.7
全施設,2021,京都府,会社・団体の宿泊所,5.0
全施設,2021,京都府,全体,24.4
全施設,2021,京都府,旅館,16.2
全施設,2021,京都府,簡易宿所,13.8
全施設,2021,佐賀県,シティホテル,39.5
全施設,2021,佐賀県,ビジネスホテル,55.0
全施設,2021,佐賀県,リゾートホテル,31.8
全施設,2021,佐賀県,会社・団体の宿泊所,13.8
全施設,2021,佐賀県,全体,37.5
全施設,2021,佐賀県,旅館,28.0
全施設,2021,佐賀県,簡易宿所,10.3
全施設,2021,全国,シティホテル,33.6
全施設,2021,全国,ビジネスホテル,44.3
全施設,2021,全国,リゾートホテル,27.3
全施設,2021,全国,会社・団体の宿泊所,12.7
全施設,2021,全国,全体,34.3
全施設,2021,全国,旅館,22.8
全施設,2021,全国,簡易宿所,16.6
全施設,2021,兵庫県,シティホテル,42.7
全施設,2021,兵庫県,ビジネスホテル,44.0
全施設,2021,兵庫県,リゾートホテル,35.1
全施設,2021,兵庫県,会社・団体の宿泊所,18.6
全施設,2021,兵庫県,全体,34.7
全施設,2021,兵庫県,旅館,21.5
全施設,2021,兵庫県,簡易宿所,12.2
全施設,2021,北海道,シティホテル,31.5
全施設,2021,北海道,ビジネスホテル,45.0
全施設,2021,北海道,リゾートホテル,18.5
全施設,2021,北海道,会社・団体の宿泊所,12.4
全施設,2021,北海道,全体,32.7
全施設,2021,北海道,旅館,24.5
全施設,2021,北海道,簡易宿所,12.1
全施設,2021,千葉県,シティホテル,43.8
全施設,2021,千葉県,ビジネスホテル,42.2
全施設,2021,千葉県,リゾートホテル,37.4
全施設,2021,千葉県,会社・団体の宿泊所,15.4
全施設,2021,千葉県,全体,36.5
全施設,2021,千葉県,旅館,25.0
全施設,2021,千葉県,簡易宿所,15.8
全施設,2021,和歌山県,シティホテル,60.8
全施設,2021,和歌山県,ビジネスホテル,55.4
全施設,2021,和歌山県,リゾートホテル,35.8
全施設,2021,和歌山県,会社・団体の宿泊所,29.5
全施設,2021,和歌山県,全体,35.1
全施設,2021,和歌山県,旅館,24.9
全施設,2021,和歌山県,簡易宿所,20.0
全施設,2021,埼玉県,シティホテル,45.5
全施設,2021,埼玉県,ビジネスホテル,49.4
全施設,2021,埼玉県,リゾートホテル,26.6
全施設,2021,埼玉県,会社・団体の宿泊所,6.7
全施設,2021,埼玉県,全体,43.7
全施設,2021,埼玉県,旅館,21.2
全施設,2021,埼玉県,簡易宿所,26.5
全施設,2021,大分県,シティホテル,54.0
全施設,2021,大分県,ビジネスホテル,44.6
全施設,2021,大分県,リゾートホテル,25.7
全施設,2021,大分県,会社・団体の宿泊所,12.9
全施設,2021,大分県,全体,32.9
全施設,2021,大分県,旅館,24.8
全施設,2021,大分県,簡易宿所,9.6
全施設,2021,大阪府,シティホテル,27.1
全施設,2021,大阪府,ビジネスホテル,26.7
全施設,2021,大阪府,リゾートホテル,32.4
全施設,2021,大阪府,会社・団体の宿泊所,13.4
全施設,2021,大阪府,全体,26.7
全施設,2021,大阪府,旅館,16.4
全施設,2021,大阪府,簡易宿所,19.8
全施設,2021,奈良県,シティホテル,36.1
全施設,2021,奈良県,ビジネスホテル,35.9
全施設,2021,奈良県,リゾートホテル,44.4
全施設,2021,奈良県,会社・団体の宿泊所,0.0
全施設,2021,奈良県,全体,26.9
全施設,2021,奈良県,旅館,16.1
全施設,2021,奈良県,簡易宿所,16.2
全施設,2021,宮城県,シティホテル,37.7
全施設,2021,宮城県,ビジネスホテル,47.6
全施設,2021,宮城県,リゾートホテル,23.6
全施設,2021,宮城県,会社・団体の宿泊所,7.0
全施設,2021,宮城県,全体,39.1
全施設,2021,宮城県,旅館,26.1
全施設,2021,宮城県,簡易宿所,28.2
全施設,2021,宮崎県,シティホテル,41.1
全施設,2021,宮崎県,ビジネスホテル,53.8
全施設,2021,宮崎県,リゾートホテル,27.2
全施設,2021,宮崎県,会社・団体の宿泊所,31.7
全施設,2021,宮崎県,全体,43.0
全施設,2021,宮崎県,旅館,28.0
全施設,2021,宮崎県,簡易宿所,11.0
全施設,2021,富山県,シティホテル,34.5
全施設,2021,富山県,ビジネスホテル,42.5
全施設,2021,富山県,リゾートホテル,19.9
全施設,2021,富山県,会社・団体の宿泊所,8.3
全施設,2021,富山県,全体,35.0
全施設,2021,富山県,旅館,23.7
全施設,2021,富山県,簡易宿所,10.9
全施設,2021,山口県,シティホテル,43.2
全施設,2021,山口県,ビジネスホテル,57.7
全施設,2021,山口県,リゾートホテル,39.4
全施設,2021,山口県,会社・団体の宿泊所,6.0
全施設,2021,山口県,全体,48.2
全施設,2021,山口県,旅館,28.3
全施設,2021,山口県,簡易宿所,23.0
全施設,2021,山形県,シティホテル,47.7
全施設,2021,山形県,ビジネスホテル,50.7
全施設,2021,山形県,リゾートホテル,24.0
全施設,2021,山形県,会社・団体の宿泊所,45.7
全施設,2021,山形県,全体,36.2
全施設,2021,山形県,旅館,23.3
全施設,2021,山形県,簡易宿所,9.4
全施設,2021,山梨県,シティホテル,40.6
全施設,2021,山梨県,ビジネスホテル,49.2
全施設,2021,山梨県,リゾートホテル,27.4
全施設,2021,山梨県,会社・団体の宿泊所,6.8
全施設,2021,山梨県,全体,26.2
全施設,2021,山梨県,旅館,15.7
全施設,2021,山梨県,簡易宿所,11.8
全施設,2021,岐阜県,シティホテル,33.5
全施設,2021,岐阜県,ビジネスホテル,55.6
全施設,2021,岐阜県,リゾートホテル,21.7
全施設,2021,岐阜県,会社・団体の宿泊所,6.8
全施設,2021,岐阜県,全体,32.7
全施設,2021,岐阜県,旅館,19.9
全施設,2021,岐阜県,簡易宿所,13.4
全施設,2021,岡山県,シティホテル,41.3
全施設,2021,岡山県,ビジネスホテル,52.3
全施設,2021,岡山県,リゾートホテル,12.0
全施設,2021,岡山県,会社・団体の宿泊所,2.2
全施設,2021,岡山県,全体,39.1
全施設,2021,岡山県,旅館,20.2
全施設,2021,岡山県,簡易宿所,12.9
全施設,2021,岩手県,シティホテル,58.0
全施設,2021,岩手県,ビジネスホテル,56.8
全施設,2021,岩手県,リゾートホテル,29.0
全施設,2021,岩手県,会社・団体の宿泊所,30.0
全施設,2021,岩手県,全体,44.0
全施設,2021,岩手県,旅館,29.9
全施設,2021,岩手県,簡易宿所,17.0
全施設,2021,島根県,シティホテル,52.2
全施設,2021,島根県,ビジネスホテル,62.8
全施設,2021,島根県,リゾートホテル,39.0
全施設,2021,島根県,会社・団体の宿泊所,22.3
全施設,2021,島根県,全体,49.4
全施設,2021,島根県,旅館,34.9
全施設,2021,島根県,簡易宿所,18.6
全施設,2021,広島県,シティホテル,39.7
全施設,2021,広島県,ビジネスホテル,47.2
全施設,2021,広島県,リゾートホテル,31.1
全施設,2021,広島県,会社・団体の宿泊所,13.7
全施設,2021,広島県,全体,38.2
全施設,2021,広島県,旅館,22.0
全施設,2021,広島県,簡易宿所,10.3
全施設,2021,徳島県,シティホテル,39.9
全施設,2021,徳島県,ビジネスホテル,52.5
全施設,2021,徳島県,リゾートホテル,41.9
全施設,2021,徳島県,会社・団体の宿泊所,3.9
全施設,2021,徳島県,全体,39.2
全施設,2021,徳島県,旅館,24.2
全施設,2021,徳島県,簡易宿所,16.1
全施設,2021,愛媛県,シティホテル,38.4
全施設,2021,愛媛県,ビジネスホテル,48.2
全施設,2021,愛媛県,リゾートホテル,32.8
全施設,2021,愛媛県,会社・団体の宿泊所,11.9
全施設,2021,愛媛県,全体,35.9
全施設,2021,愛媛県,旅館,22.0
全施設,2021,愛媛県,簡易宿所,13.2
全施設,2021,愛知県,シティホテル,35.4
全施設,2021,愛知県,ビジネスホテル,43.1
全施設,2021,愛知県,リゾートホテル,29.8
全施設,2021,愛知県,会社・団体の宿泊所,23.3
全施設,2021,愛知県,全体,38.2
全施設,2021,愛知県,旅館,20.2
全施設,2021,愛知県,簡易宿所,18.3
全施設,2021,新潟県,シティホテル,42.7
全施設,2021,新潟県,ビジネスホテル,57.0
全施設,2021,新潟県,リゾートホテル,15.7
全施設,2021,新潟県,会社・団体の宿泊所,25.8
全施設,2021,新潟県,全体,33.6
全施設,2021,新潟県,旅館,20.9
全施設,2021,新潟県,簡易宿所,14.1
全施設,2021,東京都,シティホテル,29.6
全施設,2021,東京都,ビジネスホテル,41.8
全施設,2021,東京都,リゾートホテル,16.3
全施設,2021,東京都,会社・団体の宿泊所,24.3
全施設,2021,東京都,全体,36.0
全施設,2021,東京都,旅館,26.4
全施設,2021,東京都,簡易宿所,26.6
全施設,2021,栃木県,シティホテル,37.4
全施設,2021,栃木県,ビジネスホテル,51.2
全施設,2021,栃木県,リゾートホテル,30.9
全施設,2021,栃木県,会社・団体の宿泊所,15.3
全施設,2021,栃木県,全体,36.8
全施設,2021,栃木県,旅館,26.7
全施設,2021,栃木県,簡易宿所,12.0
全施設,2021,沖縄県,シティホテル,30.2
全施設,2021,沖縄県,ビジネスホテル,33.6
全施設,2021,沖縄県,リゾートホテル,25.9
全施設,2021,沖縄県,会社・団体の宿泊所,8.8
全施設,2021,沖縄県,全体,25.2
全施設,2021,沖縄県,旅館,10.7
全施設,2021,沖縄県,簡易宿所,16.0
全施設,2021,滋賀県,シティホテル,39.6
全施設,2021,滋賀県,ビジネスホテル,51.7
全施設,2021,滋賀県,リゾートホテル,33.1
全施設,2021,滋賀県,会社・団体の宿泊所,2.0
全施設,2021,滋賀県,全体,35.2
全施設,2021,滋賀県,旅館,23.3
全施設,2021,滋賀県,簡易宿所,8.1
全施設,2021,熊本県,シティホテル,46.3
全施設,2021,熊本県,ビジネスホテル,48.5
全施設,2021,熊本県,リゾートホテル,20.9
全施設,2021,熊本県,会社・団体の宿泊所,11.2
全施設,2021,熊本県,全体,36.3
全施設,2021,熊本県,旅館,25.8
全施設,2021,熊本県,簡易宿所,14.5
全施設,2021,石川県,シティホテル,33.5
全施設,2021,石川県,ビジネスホテル,38.8
全施設,2021,石川県,リゾートホテル,24.9
全施設,2021,石川県,会社・団体の宿泊所,18.3
全施設,2021,石川県,全体,30.8
全施設,2021,石川県,旅館,22.7
全施設,2021,石川県,簡易宿所,11.6
全施設,2021,神奈川県,シティホテル,40.6
全施設,2021,神奈川県,ビジネスホテル,52.3
全施設,2021,神奈川県,リゾートホテル,39.7
全施設,2021,神奈川県,会社・団体の宿泊所,11.9
全施設,2021,神奈川県,全体,41.9
全施設,2021,神奈川県,旅館,23.3
全施設,2021,神奈川県,簡易宿所,37.0
全施設,2021,福井県,シティホテル,37.4
全施設,2021,福井県,ビジネスホテル,60.6
全施設,2021,福井県,リゾートホテル,40.6
全施設,2021,福井県,会社・団体の宿泊所,0.0
全施設,2021,福井県,全体,36.0
全施設,2021,福井県,旅館,19.6
全施設,2021,福井県,簡易宿所,13.7
全施設,2021,福岡県,シティホテル,39.8
全施設,2021,福岡県,ビジネスホテル,37.4
全施設,2021,福岡県,リゾートホテル,19.3
全施設,2021,福岡県,会社・団体の宿泊所,9.3
全施設,2021,福岡県,全体,34.3
全施設,2021,福岡県,旅館,19.9
全施設,2021,福岡県,簡易宿所,12.9
全施設,2021,福島県,シティホテル,54.9
全施設,2021,福島県,ビジネスホテル,57.8
全施設,2021,福島県,リゾートホテル,28.6
全施設,2021,福島県,会社・団体の宿泊所,10.6
全施設,2021,福島県,全体,39.7
全施設,2021,福島県,旅館,24.4
全施設,2021,福島県,簡易宿所,19.6
全施設,2021,秋田県,シティホテル,55.2
全施設,2021,秋田県,ビジネスホテル,50.2
全施設,2021,秋田県,リゾートホテル,33.5
全施設,2021,秋田県,会社・団体の宿泊所,9.0
全施設,2021,秋田県,全体,39.5
全施設,2021,秋田県,旅館,28.5
全施設,2021,秋田県,簡易宿所,11.3
全施設,2021,群馬県,シティホテル,37.4
全施設,2021,群馬県,ビジネスホテル,55.6
全施設,2021,群馬県,リゾートホテル,24.0
全施設,2021,群馬県,会社・団体の宿泊所,12.1
全施設,2021,群馬県,全体,33.6
全施設,2021,群馬県,旅館,26.3
全施設,2021,群馬県,簡易宿所,7.9
全施設,2021,茨城県,シティホテル,41.1
全施設,2021,茨城県,ビジネスホテル,49.9
全施設,2021,茨城県,リゾートホテル,34.0
全施設,2021,茨城県,会社・団体の宿泊所,8.3
全施設,2021,茨城県,全体,41.7
全施設,2021,茨城県,旅館,18.2
全施設,2021,茨城県,簡易宿所,5.2
全施設,2021,長崎県,シティホテル,41.6
全施設,2021,長崎県,ビジネスホテル,49.5
全施設,2021,長崎県,リゾートホテル,27.9
全施設,2021,長崎県,会社・団体の宿泊所,6.5
全施設,2021,長崎県,全体,35.3
全施設,2021,長崎県,旅館,21.0
全施設,2021,長崎県,簡易宿所,8.9
全施設,2021,長野県,シティホテル,48.4
全施設,2021,長野県,ビジネスホテル,53.6
全施設,2021,長野県,リゾートホテル,21.4
全施設,2021,長野県,会社・団体の宿泊所,8.1
全施設,2021,長野県,全体,24.5
全施設,2021,長野県,旅館,15.0
全施設,2021,長野県,簡易宿所,8.7
全施設,2021,青森県,シティホテル,41.9
全施設,2021,青森県,ビジネスホテル,58.3
全施設,2021,青森県,リゾートホテル,20.3
全施設,2021,青森県,全体,45.3
全施設,2021,青森県,旅館,23.6
全施設,2021,青森県,簡易宿所,16.8
全施設,2021,静岡県,シティホテル,42.1
全施設,2021,静岡県,ビジネスホテル,52.2
全施設,2021,静岡県,リゾートホテル,26.8
全施設,2021,静岡県,会社・団体の宿泊所,10.3
全施設,2021,静岡県,全体,36.6
全施設,2021,静岡県,旅館,28.4
全施設,2021,静岡県,簡易宿所,15.6
全施設,2021,香川県,シティホテル,43.1
全施設,2021,香川県,ビジネスホテル,47.0
全施設,2021,香川県,リゾートホテル,29.9
全施設,2021,香川県,会社・団体の宿泊所,3.9
全施設,2021,香川県,全体,34.7
全施設,2021,香川県,旅館,24.1
全施設,2021,香川県,簡易宿所,9.9
全施設,2021,高知県,シティホテル,42.8
全施設,2021,高知県,ビジネスホテル,50.3
全施設,2021,高知県,リゾートホテル,30.8
全施設,2021,高知県,全体,34.6
全施設,2021,高知県,旅館,23.5
全施設,2021,高知県,簡易宿所,9.2
全施設,2021,鳥取県,シティホテル,53.9
全施設,2021,鳥取県,ビジネスホテル,53.9
全施設,2021,鳥取県,リゾートホテル,25.4
全施設,2021,鳥取県,会社・団体の宿泊所,4.3
全施設,2021,鳥取県,全体,41.9
全施設,2021,鳥取県,旅館,28.1
全施設,2021,鳥取県,簡易宿所,10.3
全施設,2021,鹿児島県,シティホテル,37.9
全施設,2021,鹿児島県,ビジネスホテル,45.2
全施設,2021,鹿児島県,リゾートホテル,28.0
全施設,2021,鹿児島県,会社・団体の宿泊所,19.0
全施設,2021,鹿児島県,全体,35.7
全施設,2021,鹿児島県,旅館,26.5
全施設,2021,鹿児島県,簡易宿所,17.2
全施設,2022,三重県,シティホテル,66.4
全施設,2022,三重県,ビジネスホテル,62.1
全施設,2022,三重県,リゾートホテル,45.3
全施設,2022,三重県,会社・団体の宿泊所,16.2
全施設,2022,三重県,全体,49.9
全施設,2022,三重県,旅館,36.0
全施設,2022,三重県,簡易宿所,21.8
全施設,2022,京都府,シティホテル,44.1
全施設,2022,京都府,ビジネスホテル,49.6
全施設,2022,京都府,リゾートホテル,38.7
全施設,2022,京都府,会社・団体の宿泊所,25.5
全施設,2022,京都府,全体,41.1
全施設,2022,京都府,旅館,31.5
全施設,2022,京都府,簡易宿所,21.5
全施設,2022,佐賀県,シティホテル,61.8
全施設,2022,佐賀県,ビジネスホテル,50.8
全施設,2022,佐賀県,リゾートホテル,40.7
全施設,2022,佐賀県,会社・団体の宿泊所,19.1
全施設,2022,佐賀県,全体,43.4
全施設,2022,佐賀県,旅館,41.5
全施設,2022,佐賀県,簡易宿所,12.6
全施設,2022,全国,シティホテル,50.1
全施設,2022,全国,ビジネスホテル,56.7
全施設,2022,全国,リゾートホテル,43.4
全施設,2022,全国,会社・団体の宿泊所,18.4
全施設,2022,全国,全体,46.6
全施設,2022,全国,旅館,33.1
全施設,2022,全国,簡易宿所,21.2
全施設,2022,兵庫県,シティホテル,61.5
全施設,2022,兵庫県,ビジネスホテル,58.9
全施設,2022,兵庫県,リゾートホテル,48.9
全施設,2022,兵庫県,会社・団体の宿泊所,20.7
全施設,2022,兵庫県,全体,48.0
全施設,2022,兵庫県,旅館,32.9
全施設,2022,兵庫県,簡易宿所,14.3
全施設,2022,北海道,シティホテル,53.3
全施設,2022,北海道,ビジネスホテル,60.6
全施設,2022,北海道,リゾートホテル,30.0
全施設,2022,北海道,会社・団体の宿泊所,18.6
全施設,2022,北海道,全体,46.9
全施設,2022,北海道,旅館,36.7
全施設,2022,北海道,簡易宿所,16.2
全施設,2022,千葉県,シティホテル,51.9
全施設,2022,千葉県,ビジネスホテル,58.0
全施設,2022,千葉県,リゾートホテル,63.9
全施設,2022,千葉県,会社・団体の宿泊所,13.6
全施設,2022,千葉県,全体,52.7
全施設,2022,千葉県,旅館,35.4
全施設,2022,千葉県,簡易宿所,18.8
全施設,2022,和歌山県,シティホテル,64.5
全施設,2022,和歌山県,ビジネスホテル,64.4
全施設,2022,和歌山県,リゾートホテル,45.0
全施設,2022,和歌山県,会社・団体の宿泊所,39.2
全施設,2022,和歌山県,全体,40.0
全施設,2022,和歌山県,旅館,26.7
全施設,2022,和歌山県,簡易宿所,22.2
全施設,2022,埼玉県,シティホテル,66.6
全施設,2022,埼玉県,ビジネスホテル,59.2
全施設,2022,埼玉県,リゾートホテル,34.6
全施設,2022,埼玉県,会社・団体の宿泊所,9.0
全施設,2022,埼玉県,全体,54.5
全施設,2022,埼玉県,旅館,23.3
全施設,2022,埼玉県,簡易宿所,23.3
全施設,2022,大分県,シティホテル,76.8
全施設,2022,大分県,ビジネスホテル,55.2
全施設,2022,大分県,リゾートホテル,46.2
全施設,2022,大分県,会社・団体の宿泊所,13.6
全施設,2022,大分県,全体,45.9
全施設,2022,大分県,旅館,38.6
全施設,2022,大分県,簡易宿所,19.4
全施設,2022,大阪府,シティホテル,45.1
全施設,2022,大阪府,ビジネスホテル,44.8
全施設,2022,大阪府,リゾートホテル,52.3
全施設,2022,大阪府,会社・団体の宿泊所,12.6
全施設,2022,大阪府,全体,44.2
全施設,2022,大阪府,旅館,27.4
全施設,2022,大阪府,簡易宿所,34.2
全施設,2022,奈良県,シティホテル,52.9
全施設,2022,奈良県,ビジネスホテル,34.0
全施設,2022,奈良県,リゾートホテル,62.0
全施設,2022,奈良県,会社・団体の宿泊所,6.5
全施設,2022,奈良県,全体,34.5
全施設,2022,奈良県,旅館,25.4
全施設,2022,奈良県,簡易宿所,24.6
全施設,2022,宮城県,シティホテル,54.1
全施設,2022,宮城県,ビジネスホテル,58.8
全施設,2022,宮城県,リゾートホテル,38.7
全施設,2022,宮城県,会社・団体の宿泊所,8.6
全施設,2022,宮城県,全体,51.2
全施設,2022,宮城県,旅館,40.0
全施設,2022,宮城県,簡易宿所,37.2
全施設,2022,宮崎県,シティホテル,61.8
全施設,2022,宮崎県,ビジネスホテル,62.6
全施設,2022,宮崎県,リゾートホテル,30.1
全施設,2022,宮崎県,会社・団体の宿泊所,37.2
全施設,2022,宮崎県,全体,50.1
全施設,2022,宮崎県,旅館,41.0
全施設,2022,宮崎県,簡易宿所,10.2
全施設,2022,富山県,シティホテル,57.9
全施設,2022,富山県,ビジネスホテル,52.7
全施設,2022,富山県,リゾートホテル,36.9
全施設,2022,富山県,会社・団体の宿泊所,26.0
全施設,2022,富山県,全体,45.5
全施設,2022,富山県,旅館,32.1
全施設,2022,富山県,簡易宿所,13.9
全施設,2022,山口県,シティホテル,60.7
全施設,2022,山口県,ビジネスホテル,64.7
全施設,2022,山口県,リゾートホテル,45.3
全施設,2022,山口県,会社・団体の宿泊所,16.0
全施設,2022,山口県,全体,56.5
全施設,2022,山口県,旅館,36.2
全施設,2022,山口県,簡易宿所,15.3
全施設,2022,山形県,シティホテル,60.0
全施設,2022,山形県,ビジネスホテル,56.7
全施設,2022,山形県,リゾートホテル,36.1
全施設,2022,山形県,会社・団体の宿泊所,47.7
全施設,2022,山形県,全体,43.0
全施設,2022,山形県,旅館,30.9
全施設,2022,山形県,簡易宿所,14.3
全施設,2022,山梨県,シティホテル,43.4
全施設,2022,山梨県,ビジネスホテル,56.1
全施設,2022,山梨県,リゾートホテル,47.0
全施設,2022,山梨県,会社・団体の宿泊所,19.5
全施設,2022,山梨県,全体,36.5
全施設,2022,山梨県,旅館,26.3
全施設,2022,山梨県,簡易宿所,18.2
全施設,2022,岐阜県,シティホテル,39.1
全施設,2022,岐阜県,ビジネスホテル,56.5
全施設,2022,岐阜県,リゾートホテル,35.0
全施設,2022,岐阜県,会社・団体の宿泊所,19.3
全施設,2022,岐阜県,全体,40.8
全施設,2022,岐阜県,旅館,33.0
全施設,2022,岐阜県,簡易宿所,13.3
全施設,2022,岡山県,シティホテル,52.9
全施設,2022,岡山県,ビジネスホテル,59.8
全施設,2022,岡山県,リゾートホテル,33.8
全施設,2022,岡山県,会社・団体の宿泊所,6.3
全施設,2022,岡山県,全体,48.6
全施設,2022,岡山県,旅館,24.5
全施設,2022,岡山県,簡易宿所,18.9
全施設,2022,岩手県,シティホテル,65.3
全施設,2022,岩手県,ビジネスホテル,62.8
全施設,2022,岩手県,リゾートホテル,38.0
全施設,2022,岩手県,会社・団体の宿泊所,25.3
全施設,2022,岩手県,全体,49.4
全施設,2022,岩手県,旅館,32.9
全施設,2022,岩手県,簡易宿所,22.2
全施設,2022,島根県,シティホテル,59.9
全施設,2022,島根県,ビジネスホテル,67.5
全施設,2022,島根県,リゾートホテル,45.2
全施設,2022,島根県,全体,53.1
全施設,2022,島根県,旅館,41.6
全施設,2022,島根県,簡易宿所,10.8
全施設,2022,広島県,シティホテル,56.5
全施設,2022,広島県,ビジネスホテル,57.7
全施設,2022,広島県,リゾートホテル,47.7
全施設,2022,広島県,会社・団体の宿泊所,18.4
全施設,2022,広島県,全体,50.9
全施設,2022,広島県,旅館,32.8
全施設,2022,広島県,簡易宿所,17.6
全施設,2022,徳島県,シティホテル,49.8
全施設,2022,徳島県,ビジネスホテル,53.9
全施設,2022,徳島県,リゾートホテル,56.3
全施設,2022,徳島県,会社・団体の宿泊所,19.4
全施設,2022,徳島県,全体,43.9
全施設,2022,徳島県,旅館,32.4
全施設,2022,徳島県,簡易宿所,18.9
全施設,2022,愛媛県,シティホテル,54.6
全施設,2022,愛媛県,ビジネスホテル,57.8
全施設,2022,愛媛県,リゾートホテル,56.8
全施設,2022,愛媛県,会社・団体の宿泊所,19.6
全施設,2022,愛媛県,全体,47.3
全施設,2022,愛媛県,旅館,37.2
全施設,2022,愛媛県,簡易宿所,11.7
全施設,2022,愛知県,シティホテル,38.2
全施設,2022,愛知県,ビジネスホテル,59.8
全施設,2022,愛知県,リゾートホテル,34.2
全施設,2022,愛知県,会社・団体の宿泊所,8.0
全施設,2022,愛知県,全体,49.6
全施設,2022,愛知県,旅館,23.7
全施設,2022,愛知県,簡易宿所,27.6
全施設,2022,新潟県,シティホテル,54.8
全施設,2022,新潟県,ビジネスホテル,58.2
全施設,2022,新潟県,リゾートホテル,25.6
全施設,2022,新潟県,会社・団体の宿泊所,40.3
全施設,2022,新潟県,全体,40.5
全施設,2022,新潟県,旅館,28.7
全施設,2022,新潟県,簡易宿所,16.2
全施設,2022,東京都,シティホテル,48.2
全施設,2022,東京都,ビジネスホテル,58.6
全施設,2022,東京都,リゾートホテル,31.4
全施設,2022,東京都,会社・団体の宿泊所,25.9
全施設,2022,東京都,全体,52.8
全施設,2022,東京都,旅館,38.3
全施設,2022,東京都,簡易宿所,39.9
全施設,2022,栃木県,シティホテル,55.0
全施設,2022,栃木県,ビジネスホテル,66.2
全施設,2022,栃木県,リゾートホテル,48.6
全施設,2022,栃木県,会社・団体の宿泊所,19.1
全施設,2022,栃木県,全体,51.5
全施設,2022,栃木県,旅館,41.1
全施設,2022,栃木県,簡易宿所,14.1
全施設,2022,沖縄県,シティホテル,44.3
全施設,2022,沖縄県,ビジネスホテル,50.1
全施設,2022,沖縄県,リゾートホテル,48.2
全施設,2022,沖縄県,会社・団体の宿泊所,22.3
全施設,2022,沖縄県,全体,42.2
全施設,2022,沖縄県,旅館,23.8
全施設,2022,沖縄県,簡易宿所,23.9
全施設,2022,滋賀県,シティホテル,43.1
全施設,2022,滋賀県,ビジネスホテル,60.0
全施設,2022,滋賀県,リゾートホテル,45.4
全施設,2022,滋賀県,会社・団体の宿泊所,9.8
全施設,2022,滋賀県,全体,46.0
全施設,2022,滋賀県,旅館,31.4
全施設,2022,滋賀県,簡易宿所,18.8
全施設,2022,熊本県,シティホテル,52.6
全施設,2022,熊本県,ビジネスホテル,61.4
全施設,2022,熊本県,リゾートホテル,35.2
全施設,2022,熊本県,会社・団体の宿泊所,30.9
全施設,2022,熊本県,全体,48.5
全施設,2022,熊本県,旅館,37.0
全施設,2022,熊本県,簡易宿所,19.4
全施設,2022,石川県,シティホテル,54.2
全施設,2022,石川県,ビジネスホテル,49.2
全施設,2022,石川県,リゾートホテル,40.8
全施設,2022,石川県,会社・団体の宿泊所,19.3
全施設,2022,石川県,全体,42.7
全施設,2022,石川県,旅館,33.4
全施設,2022,石川県,簡易宿所,18.0
全施設,2022,神奈川県,シティホテル,60.2
全施設,2022,神奈川県,ビジネスホテル,65.9
全施設,2022,神奈川県,リゾートホテル,55.3
全施設,2022,神奈川県,会社・団体の宿泊所,17.5
全施設,2022,神奈川県,全体,50.8
全施設,2022,神奈川県,旅館,40.4
全施設,2022,神奈川県,簡易宿所,27.4
全施設,2022,福井県,シティホテル,46.2
全施設,2022,福井県,ビジネスホテル,65.3
全施設,2022,福井県,リゾートホテル,53.2
全施設,2022,福井県,会社・団体の宿泊所,4.6
全施設,2022,福井県,全体,42.5
全施設,2022,福井県,旅館,27.9
全施設,2022,福井県,簡易宿所,18.5
全施設,2022,福岡県,シティホテル,58.0
全施設,2022,福岡県,ビジネスホテル,50.4
全施設,2022,福岡県,リゾートホテル,28.4
全施設,2022,福岡県,会社・団体の宿泊所,13.1
全施設,2022,福岡県,全体,46.8
全施設,2022,福岡県,旅館,25.1
全施設,2022,福岡県,簡易宿所,22.5
全施設,2022,福島県,シティホテル,59.6
全施設,2022,福島県,ビジネスホテル,54.4
全施設,2022,福島県,リゾートホテル,42.4
全施設,2022,福島県,会社・団体の宿泊所,29.1
全施設,2022,福島県,全体,40.2
全施設,2022,福島県,旅館,27.3
全施設,2022,福島県,簡易宿所,14.7
全施設,2022,秋田県,シティホテル,51.6
全施設,2022,秋田県,ビジネスホテル,58.3
全施設,2022,秋田県,リゾートホテル,43.9
全施設,2022,秋田県,会社・団体の宿泊所,11.7
全施設,2022,秋田県,全体,44.8
全施設,2022,秋田県,旅館,37.3
全施設,2022,秋田県,簡易宿所,13.5
全施設,2022,群馬県,シティホテル,37.3
全施設,2022,群馬県,ビジネスホテル,58.9
全施設,2022,群馬県,リゾートホテル,41.7
全施設,2022,群馬県,会社・団体の宿泊所,10.0
全施設,2022,群馬県,全体,43.6
全施設,2022,群馬県,旅館,40.2
全施設,2022,群馬県,簡易宿所,14.3
全施設,2022,茨城県,シティホテル,57.4
全施設,2022,茨城県,ビジネスホテル,55.4
全施設,2022,茨城県,リゾートホテル,38.9
全施設,2022,茨城県,会社・団体の宿泊所,37.2
全施設,2022,茨城県,全体,49.5
全施設,2022,茨城県,旅館,28.1
全施設,2022,茨城県,簡易宿所,13.0
全施設,2022,長崎県,シティホテル,56.0
全施設,2022,長崎県,ビジネスホテル,61.9
全施設,2022,長崎県,リゾートホテル,46.8
全施設,2022,長崎県,会社・団体の宿泊所,9.8
全施設,2022,長崎県,全体,47.5
全施設,2022,長崎県,旅館,33.7
全施設,2022,長崎県,簡易宿所,10.0
全施設,2022,長野県,シティホテル,58.5
全施設,2022,長野県,ビジネスホテル,63.7
全施設,2022,長野県,リゾートホテル,30.3
全施設,2022,長野県,会社・団体の宿泊所,15.3
全施設,2022,長野県,全体,34.0
全施設,2022,長野県,旅館,25.5
全施設,2022,長野県,簡易宿所,11.8
全施設,2022,青森県,シティホテル,54.1
全施設,2022,青森県,ビジネスホテル,68.0
全施設,2022,青森県,リゾートホテル,32.6
全施設,2022,青森県,会社・団体の宿泊所,36.1
全施設,2022,青森県,全体,53.7
全施設,2022,青森県,旅館,30.7
全施設,2022,青森県,簡易宿所,17.8
全施設,2022,静岡県,シティホテル,52.8
全施設,2022,静岡県,ビジネスホテル,61.0
全施設,2022,静岡県,リゾートホテル,38.4
全施設,2022,静岡県,会社・団体の宿泊所,19.6
全施設,2022,静岡県,全体,45.2
全施設,2022,静岡県,旅館,39.9
全施設,2022,静岡県,簡易宿所,20.3
全施設,2022,香川県,シティホテル,51.3
全施設,2022,香川県,ビジネスホテル,51.8
全施設,2022,香川県,リゾートホテル,48.9
全施設,2022,香川県,会社・団体の宿泊所,9.9
全施設,2022,香川県,全体,46.3
全施設,2022,香川県,旅館,44.9
全施設,2022,香川県,簡易宿所,16.6
全施設,2022,高知県,シティホテル,58.1
全施設,2022,高知県,ビジネスホテル,60.7
全施設,2022,高知県,リゾートホテル,42.5
全施設,2022,高知県,会社・団体の宿泊所,0.6
全施設,2022,高知県,全体,47.1
全施設,2022,高知県,旅館,34.8
全施設,2022,高知県,簡易宿所,14.6
全施設,2022,鳥取県,シティホテル,68.7
全施設,2022,鳥取県,ビジネスホテル,41.4
全施設,2022,鳥取県,リゾートホテル,34.9
全施設,2022,鳥取県,会社・団体の宿泊所,1.4
全施設,2022,鳥取県,全体,36.2
全施設,2022,鳥取県,旅館,37.8
全施設,2022,鳥取県,簡易宿所,10.7
全施設,2022,鹿児島県,シティホテル,55.5
全施設,2022,鹿児島県,ビジネスホテル,53.7
全施設,2022,鹿児島県,リゾートホテル,35.6
全施設,2022,鹿児島県,会社・団体の宿泊所,7.9
全施設,2022,鹿児島県,全体,43.7
全施設,2022,鹿児島県,旅館,34.6
全施設,2022,鹿児島県,簡易宿所,24.1
全施設,2023,三重県,シティホテル,68.9
全施設,2023,三重県,ビジネスホテル,63.2
全施設,2023,三重県,リゾートホテル,46.8
全施設,2023,三重県,会社・団体の宿泊所,17.9
全施設,2023,三重県,全体,49.7
全施設,2023,三重県,旅館,36.0
全施設,2023,三重県,簡易宿所,23.2
全施設,2023,京都府,シティホテル,64.5
全施設,2023,京都府,ビジネスホテル,65.2
全施設,2023,京都府,リゾートホテル,52.0
全施設,2023,京都府,会社・団体の宿泊所,55.8
全施設,2023,京都府,全体,55.1
全施設,2023,京都府,旅館,45.6
全施設,2023,京都府,簡易宿所,28.3
全施設,2023,佐賀県,シティホテル,62.4
全施設,2023,佐賀県,ビジネスホテル,69.0
全施設,2023,佐賀県,リゾートホテル,56.8
全施設,2023,佐賀県,会社・団体の宿泊所,7.1
全施設,2023,佐賀県,全体,51.5
全施設,2023,佐賀県,旅館,37.3
全施設,2023,佐賀県,簡易宿所,8.1
全施設,2023,全国,シティホテル,68.8
全施設,2023,全国,ビジネスホテル,69.2
全施設,2023,全国,リゾートホテル,51.9
全施設,2023,全国,会社・団体の宿泊所,28.8
全施設,2023,全国,全体,57.0
全施設,2023,全国,旅館,36.7
全施設,2023,全国,簡易宿所,25.1
全施設,2023,兵庫県,シティホテル,68.9
全施設,2023,兵庫県,ビジネスホテル,70.9
全施設,2023,兵庫県,リゾートホテル,47.7
全施設,2023,兵庫県,会社・団体の宿泊所,20.9
全施設,2023,兵庫県,全体,55.2
全施設,2023,兵庫県,旅館,39.2
全施設,2023,兵庫県,簡易宿所,15.1
全施設,2023,北海道,シティホテル,68.0
全施設,2023,北海道,ビジネスホテル,70.5
全施設,2023,北海道,リゾートホテル,43.8
全施設,2023,北海道,会社・団体の宿泊所,22.2
全施設,2023,北海道,全体,57.5
全施設,2023,北海道,旅館,43.9
全施設,2023,北海道,簡易宿所,22.6
全施設,2023,千葉県,シティホテル,66.0
全施設,2023,千葉県,ビジネスホテル,63.8
全施設,2023,千葉県,リゾートホテル,75.9
全施設,2023,千葉県,会社・団体の宿泊所,25.0
全施設,2023,千葉県,全体,59.6
全施設,2023,千葉県,旅館,33.5
全施設,2023,千葉県,簡易宿所,22.0
全施設,2023,和歌山県,シティホテル,71.1
全施設,2023,和歌山県,ビジネスホテル,64.7
全施設,2023,和歌山県,リゾートホテル,48.3
全施設,2023,和歌山県,会社・団体の宿泊所,33.7
全施設,2023,和歌山県,全体,40.6
全施設,2023,和歌山県,旅館,28.5
全施設,2023,和歌山県,簡易宿所,25.2
全施設,2023,埼玉県,シティホテル,71.1
全施設,2023,埼玉県,ビジネスホテル,68.5
全施設,2023,埼玉県,リゾートホテル,31.8
全施設,2023,埼玉県,会社・団体の宿泊所,15.2
全施設,2023,埼玉県,全体,60.0
全施設,2023,埼玉県,旅館,29.5
全施設,2023,埼玉県,簡易宿所,16.8
全施設,2023,大分県,シティホテル,74.3
全施設,2023,大分県,ビジネスホテル,63.4
全施設,2023,大分県,リゾートホテル,56.0
全施設,2023,大分県,会社・団体の宿泊所,12.8
全施設,2023,大分県,全体,52.3
全施設,2023,大分県,旅館,47.1
全施設,2023,大分県,簡易宿所,20.8
全施設,2023,大阪府,シティホテル,73.8
全施設,2023,大阪府,ビジネスホテル,66.7
全施設,2023,大阪府,リゾートホテル,70.4
全施設,2023,大阪府,会社・団体の宿泊所,25.6
全施設,2023,大阪府,全体,67.2
全施設,2023,大阪府,旅館,43.8
全施設,2023,大阪府,簡易宿所,51.7
全施設,2023,奈良県,シティホテル,63.5
全施設,2023,奈良県,ビジネスホテル,55.2
全施設,2023,奈良県,リゾートホテル,61.4
全施設,2023,奈良県,会社・団体の宿泊所,5.3
全施設,2023,奈良県,全体,45.1
全施設,2023,奈良県,旅館,32.4
全施設,2023,奈良県,簡易宿所,25.8
全施設,2023,宮城県,シティホテル,66.3
全施設,2023,宮城県,ビジネスホテル,68.3
全施設,2023,宮城県,リゾートホテル,46.3
全施設,2023,宮城県,会社・団体の宿泊所,13.1
全施設,2023,宮城県,全体,58.3
全施設,2023,宮城県,旅館,44.5
全施設,2023,宮城県,簡易宿所,34.2
全施設,2023,宮崎県,シティホテル,54.9
全施設,2023,宮崎県,ビジネスホテル,62.7
全施設,2023,宮崎県,リゾートホテル,34.3
全施設,2023,宮崎県,会社・団体の宿泊所,1.8
全施設,2023,宮崎県,全体,48.7
全施設,2023,宮崎県,旅館,34.5
全施設,2023,宮崎県,簡易宿所,15.8
全施設,2023,富山県,シティホテル,70.7
全施設,2023,富山県,ビジネスホテル,61.6
全施設,2023,富山県,リゾートホテル,39.9
全施設,2023,富山県,会社・団体の宿泊所,35.7
全施設,2023,富山県,全体,53.6
全施設,2023,富山県,旅館,32.1
全施設,2023,富山県,簡易宿所,24.4
全施設,2023,山口県,シティホテル,65.9
全施設,2023,山口県,ビジネスホテル,61.1
全施設,2023,山口県,リゾートホテル,42.3
全施設,2023,山口県,会社・団体の宿泊所,7.7
全施設,2023,山口県,全体,53.1
全施設,2023,山口県,旅館,38.2
全施設,2023,山口県,簡易宿所,14.6
全施設,2023,山形県,シティホテル,64.6
全施設,2023,山形県,ビジネスホテル,64.6
全施設,2023,山形県,リゾートホテル,38.6
全施設,2023,山形県,会社・団体の宿泊所,37.2
全施設,2023,山形県,全体,48.2
全施設,2023,山形県,旅館,37.6
全施設,2023,山形県,簡易宿所,9.2
全施設,2023,山梨県,シティホテル,40.8
全施設,2023,山梨県,ビジネスホテル,58.8
全施設,2023,山梨県,リゾートホテル,54.3
全施設,2023,山梨県,会社・団体の宿泊所,16.1
全施設,2023,山梨県,全体,38.0
全施設,2023,山梨県,旅館,29.1
全施設,2023,山梨県,簡易宿所,22.1
全施設,2023,岐阜県,シティホテル,58.7
全施設,2023,岐阜県,ビジネスホテル,66.1
全施設,2023,岐阜県,リゾートホテル,41.5
全施設,2023,岐阜県,会社・団体の宿泊所,15.6
全施設,2023,岐阜県,全体,48.0
全施設,2023,岐阜県,旅館,37.6
全施設,2023,岐阜県,簡易宿所,28.5
全施設,2023,岡山県,シティホテル,65.9
全施設,2023,岡山県,ビジネスホテル,69.7
全施設,2023,岡山県,リゾートホテル,36.6
全施設,2023,岡山県,会社・団体の宿泊所,21.9
全施設,2023,岡山県,全体,57.2
全施設,2023,岡山県,旅館,26.4
全施設,2023,岡山県,簡易宿所,16.6
全施設,2023,岩手県,シティホテル,72.2
全施設,2023,岩手県,ビジネスホテル,70.2
全施設,2023,岩手県,リゾートホテル,42.0
全施設,2023,岩手県,会社・団体の宿泊所,35.9
全施設,2023,岩手県,全体,55.2
全施設,2023,岩手県,旅館,36.2
全施設,2023,岩手県,簡易宿所,22.2
全施設,2023,島根県,シティホテル,72.6
全施設,2023,島根県,ビジネスホテル,69.1
全施設,2023,島根県,リゾートホテル,29.4
全施設,2023,島根県,全体,54.0
全施設,2023,島根県,旅館,45.2
全施設,2023,島根県,簡易宿所,14.8
全施設,2023,広島県,シティホテル,68.5
全施設,2023,広島県,ビジネスホテル,70.7
全施設,2023,広島県,リゾートホテル,57.5
全施設,2023,広島県,会社・団体の宿泊所,35.8
全施設,2023,広島県,全体,62.2
全施設,2023,広島県,旅館,43.2
全施設,2023,広島県,簡易宿所,25.8
全施設,2023,徳島県,シティホテル,59.3
全施設,2023,徳島県,ビジネスホテル,65.7
全施設,2023,徳島県,リゾートホテル,59.8
全施設,2023,徳島県,会社・団体の宿泊所,22.4
全施設,2023,徳島県,全体,53.4
全施設,2023,徳島県,旅館,32.6
全施設,2023,徳島県,簡易宿所,20.6
全施設,2023,愛媛県,シティホテル,63.8
全施設,2023,愛媛県,ビジネスホテル,69.0
全施設,2023,愛媛県,リゾートホテル,56.7
全施設,2023,愛媛県,会社・団体の宿泊所,18.3
全施設,2023,愛媛県,全体,56.1
全施設,2023,愛媛県,旅館,39.5
全施設,2023,愛媛県,簡易宿所,16.2
全施設,2023,愛知県,シティホテル,65.1
全施設,2023,愛知県,ビジネスホテル,70.4
全施設,2023,愛知県,リゾートホテル,43.5
全施設,2023,愛知県,会社・団体の宿泊所,20.9
全施設,2023,愛知県,全体,61.4
全施設,2023,愛知県,旅館,24.7
全施設,2023,愛知県,簡易宿所,31.9
全施設,2023,新潟県,シティホテル,63.6
全施設,2023,新潟県,ビジネスホテル,63.3
全施設,2023,新潟県,リゾートホテル,31.1
全施設,2023,新潟県,会社・団体の宿泊所,45.3
全施設,2023,新潟県,全体,43.6
全施設,2023,新潟県,旅館,27.7
全施設,2023,新潟県,簡易宿所,12.9
全施設,2023,東京都,シティホテル,73.1
全施設,2023,東京都,ビジネスホテル,79.9
全施設,2023,東京都,リゾートホテル,48.4
全施設,2023,東京都,会社・団体の宿泊所,53.8
全施設,2023,東京都,全体,73.4
全施設,2023,東京都,旅館,38.4
全施設,2023,東京都,簡易宿所,41.3
全施設,2023,栃木県,シティホテル,53.8
全施設,2023,栃木県,ビジネスホテル,72.1
全施設,2023,栃木県,リゾートホテル,55.0
全施設,2023,栃木県,会社・団体の宿泊所,15.5
全施設,2023,栃木県,全体,52.9
全施設,2023,栃木県,旅館,46.5
全施設,2023,栃木県,簡易宿所,10.2
全施設,2023,沖縄県,シティホテル,59.9
全施設,2023,沖縄県,ビジネスホテル,60.8
全施設,2023,沖縄県,リゾートホテル,59.4
全施設,2023,沖縄県,会社・団体の宿泊所,21.0
全施設,2023,沖縄県,全体,53.9
全施設,2023,沖縄県,旅館,34.1
全施設,2023,沖縄県,簡易宿所,29.6
全施設,2023,滋賀県,シティホテル,56.1
全施設,2023,滋賀県,ビジネスホテル,67.1
全施設,2023,滋賀県,リゾートホテル,53.9
全施設,2023,滋賀県,会社・団体の宿泊所,15.7
全施設,2023,滋賀県,全体,56.2
全施設,2023,滋賀県,旅館,42.9
全施設,2023,滋賀県,簡易宿所,20.0
全施設,2023,熊本県,シティホテル,71.6
全施設,2023,熊本県,ビジネスホテル,77.2
全施設,2023,熊本県,リゾートホテル,49.4
全施設,2023,熊本県,会社・団体の宿泊所,29.4
全施設,2023,熊本県,全体,59.5
全施設,2023,熊本県,旅館,44.5
全施設,2023,熊本県,簡易宿所,22.9
全施設,2023,石川県,シティホテル,65.7
全施設,2023,石川県,ビジネスホテル,63.8
全施設,2023,石川県,リゾートホテル,47.6
全施設,2023,石川県,会社・団体の宿泊所,15.8
全施設,2023,石川県,全体,55.2
全施設,2023,石川県,旅館,42.3
全施設,2023,石川県,簡易宿所,25.8
全施設,2023,神奈川県,シティホテル,70.8
全施設,2023,神奈川県,ビジネスホテル,75.5
全施設,2023,神奈川県,リゾートホテル,61.9
全施設,2023,神奈川県,会社・団体の宿泊所,24.7
全施設,2023,神奈川県,全体,58.6
全施設,2023,神奈川県,旅館,47.7
全施設,2023,神奈川県,簡易宿所,24.4
全施設,2023,福井県,シティホテル,49.6
全施設,2023,福井県,ビジネスホテル,70.4
全施設,2023,福井県,リゾートホテル,50.3
全施設,2023,福井県,会社・団体の宿泊所,6.2
全施設,2023,福井県,全体,44.6
全施設,2023,福井県,旅館,29.5
全施設,2023,福井県,簡易宿所,15.7
全施設,2023,福岡県,シティホテル,72.4
全施設,2023,福岡県,ビジネスホテル,69.3
全施設,2023,福岡県,リゾートホテル,55.2
全施設,2023,福岡県,会社・団体の宿泊所,22.4
全施設,2023,福岡県,全体,64.8
全施設,2023,福岡県,旅館,25.8
全施設,2023,福岡県,簡易宿所,44.1
全施設,2023,福島県,シティホテル,54.2
全施設,2023,福島県,ビジネスホテル,58.1
全施設,2023,福島県,リゾートホテル,51.0
全施設,2023,福島県,会社・団体の宿泊所,43.9
全施設,2023,福島県,全体,44.1
全施設,2023,福島県,旅館,30.4
全施設,2023,福島県,簡易宿所,11.6
全施設,2023,秋田県,シティホテル,50.7
全施設,2023,秋田県,ビジネスホテル,64.5
全施設,2023,秋田県,リゾートホテル,44.6
全施設,2023,秋田県,会社・団体の宿泊所,10.4
全施設,2023,秋田県,全体,46.2
全施設,2023,秋田県,旅館,35.6
全施設,2023,秋田県,簡易宿所,18.9
全施設,2023,群馬県,シティホテル,59.6
全施設,2023,群馬県,ビジネスホテル,68.3
全施設,2023,群馬県,リゾートホテル,45.4
全施設,2023,群馬県,会社・団体の宿泊所,14.8
全施設,2023,群馬県,全体,49.9
全施設,2023,群馬県,旅館,42.6
全施設,2023,群馬県,簡易宿所,21.4
全施設,2023,茨城県,シティホテル,62.2
全施設,2023,茨城県,ビジネスホテル,65.0
全施設,2023,茨城県,リゾートホテル,55.6
全施設,2023,茨城県,会社・団体の宿泊所,31.3
全施設,2023,茨城県,全体,54.5
全施設,2023,茨城県,旅館,24.2
全施設,2023,茨城県,簡易宿所,15.1
全施設,2023,長崎県,シティホテル,65.2
全施設,2023,長崎県,ビジネスホテル,69.5
全施設,2023,長崎県,リゾートホテル,54.8
全施設,2023,長崎県,会社・団体の宿泊所,22.2
全施設,2023,長崎県,全体,55.1
全施設,2023,長崎県,旅館,37.3
全施設,2023,長崎県,簡易宿所,15.7
全施設,2023,長野県,シティホテル,68.9
全施設,2023,長野県,ビジネスホテル,69.9
全施設,2023,長野県,リゾートホテル,36.8
全施設,2023,長野県,会社・団体の宿泊所,23.3
全施設,2023,長野県,全体,38.8
全施設,2023,長野県,旅館,28.4
全施設,2023,長野県,簡易宿所,14.0
全施設,2023,青森県,シティホテル,59.0
全施設,2023,青森県,ビジネスホテル,69.9
全施設,2023,青森県,リゾートホテル,40.0
全施設,2023,青森県,会社・団体の宿泊所,27.2
全施設,2023,青森県,全体,57.0
全施設,2023,青森県,旅館,36.7
全施設,2023,青森県,簡易宿所,34.1
全施設,2023,静岡県,シティホテル,66.3
全施設,2023,静岡県,ビジネスホテル,67.4
全施設,2023,静岡県,リゾートホテル,40.8
全施設,2023,静岡県,会社・団体の宿泊所,20.2
全施設,2023,静岡県,全体,49.9
全施設,2023,静岡県,旅館,41.2
全施設,2023,静岡県,簡易宿所,20.5
全施設,2023,香川県,シティホテル,73.8
全施設,2023,香川県,ビジネスホテル,56.9
全施設,2023,香川県,リゾートホテル,57.8
全施設,2023,香川県,会社・団体の宿泊所,17.3
全施設,2023,香川県,全体,52.6
全施設,2023,香川県,旅館,47.3
全施設,2023,香川県,簡易宿所,23.4
全施設,2023,高知県,シティホテル,67.3
全施設,2023,高知県,ビジネスホテル,64.3
全施設,2023,高知県,リゾートホテル,49.2
全施設,2023,高知県,会社・団体の宿泊所,9.8
全施設,2023,高知県,全体,53.7
全施設,2023,高知県,旅館,39.4
全施設,2023,高知県,簡易宿所,20.1
全施設,2023,鳥取県,シティホテル,70.6
全施設,2023,鳥取県,ビジネスホテル,57.9
全施設,2023,鳥取県,リゾートホテル,39.2
全施設,2023,鳥取県,会社・団体の宿泊所,0.2
全施設,2023,鳥取県,全体,43.3
全施設,2023,鳥取県,旅館,39.1
全施設,2023,鳥取県,簡易宿所,12.7
全施設,2023,鹿児島県,シティホテル,67.7
全施設,2023,鹿児島県,ビジネスホテル,63.5
全施設,2023,鹿児島県,リゾートホテル,41.3
全施設,2023,鹿児島県,会社・団体の宿泊所,20.0
全施設,2023,鹿児島県,全体,52.6
全施設,2023,鹿児島県,旅館,41.4
全施設,2023,鹿児島県,簡易宿所,29.3
全施設,2024,三重県,シティホテル,66.7
全施設,2024,三重県,ビジネスホテル,67.3
全施設,2024,三重県,リゾートホテル,52.2
全施設,2024,三重県,会社・団体の宿泊所,12.3
全施設,2024,三重県,全体,52.4
全施設,2024,三重県,旅館,36.0
全施設,2024,三重県,簡易宿所,28.5
全施設,2024,京都府,シティホテル,71.3
全施設,2024,京都府,ビジネスホテル,75.6
全施設,2024,京都府,リゾートホテル,49.0
全施設,2024,京都府,会社・団体の宿泊所,49.0
全施設,2024,京都府,全体,62.8
全施設,2024,京都府,旅館,39.4
全施設,2024,京都府,簡易宿所,42.8
全施設,2024,佐賀県,シティホテル,65.7
全施設,2024,佐賀県,ビジネスホテル,77.8
全施設,2024,佐賀県,リゾートホテル,52.5
全施設,2024,佐賀県,会社・団体の宿泊所,29.4
全施設,2024,佐賀県,全体,51.4
全施設,2024,佐賀県,旅館,36.7
全施設,2024,佐賀県,簡易宿所,7.2
全施設,2024,全国,シティホテル,72.3
全施設,2024,全国,ビジネスホテル,73.7
全施設,2024,全国,リゾートホテル,54.1
全施設,2024,全国,会社・団体の宿泊所,25.7
全施設,2024,全国,全体,59.6
全施設,2024,全国,旅館,36.1
全施設,2024,全国,簡易宿所,29.0
全施設,2024,兵庫県,シティホテル,71.0
全施設,2024,兵庫県,ビジネスホテル,74.4
全施設,2024,兵庫県,リゾートホテル,56.4
全施設,2024,兵庫県,会社・団体の宿泊所,26.2
全施設,2024,兵庫県,全体,56.9
全施設,2024,兵庫県,旅館,33.6
全施設,2024,兵庫県,簡易宿所,20.6
全施設,2024,北海道,シティホテル,72.0
全施設,2024,北海道,ビジネスホテル,71.5
全施設,2024,北海道,リゾートホテル,50.5
全施設,2024,北海道,会社・団体の宿泊所,28.3
全施設,2024,北海道,全体,59.8
全施設,2024,北海道,旅館,43.5
全施設,2024,北海道,簡易宿所,25.4
全施設,2024,千葉県,シティホテル,75.0
全施設,2024,千葉県,ビジネスホテル,67.1
全施設,2024,千葉県,リゾートホテル,77.7
全施設,2024,千葉県,会社・団体の宿泊所,16.5
全施設,2024,千葉県,全体,61.5
全施設,2024,千葉県,旅館,35.1
全施設,2024,千葉県,簡易宿所,22.1
全施設,2024,和歌山県,シティホテル,67.4
全施設,2024,和歌山県,ビジネスホテル,62.4
全施設,2024,和歌山県,リゾートホテル,48.1
全施設,2024,和歌山県,会社・団体の宿泊所,24.4
全施設,2024,和歌山県,全体,42.6
全施設,2024,和歌山県,旅館,32.3
全施設,2024,和歌山県,簡易宿所,22.3
全施設,2024,埼玉県,シティホテル,73.5
全施設,2024,埼玉県,ビジネスホテル,73.4
全施設,2024,埼玉県,リゾートホテル,34.1
全施設,2024,埼玉県,会社・団体の宿泊所,12.5
全施設,2024,埼玉県,全体,62.6
全施設,2024,埼玉県,旅館,26.9
全施設,2024,埼玉県,簡易宿所,6.2
全施設,2024,大分県,シティホテル,71.8
全施設,2024,大分県,ビジネスホテル,66.5
全施設,2024,大分県,リゾートホテル,54.2
全施設,2024,大分県,会社・団体の宿泊所,14.5
全施設,2024,大分県,全体,53.6
全施設,2024,大分県,旅館,44.1
全施設,2024,大分県,簡易宿所,14.4
全施設,2024,大阪府,シティホテル,76.6
全施設,2024,大阪府,ビジネスホテル,77.7
全施設,2024,大阪府,リゾートホテル,72.9
全施設,2024,大阪府,会社・団体の宿泊所,22.4
全施設,2024,大阪府,全体,75.4
全施設,2024,大阪府,旅館,40.2
全施設,2024,大阪府,簡易宿所,59.9
全施設,2024,奈良県,シティホテル,65.4
全施設,2024,奈良県,ビジネスホテル,64.9
全施設,2024,奈良県,リゾートホテル,54.2
全施設,2024,奈良県,全体,46.2
全施設,2024,奈良県,旅館,30.4
全施設,2024,奈良県,簡易宿所,17.2
全施設,2024,宮城県,シティホテル,64.8
全施設,2024,宮城県,ビジネスホテル,67.8
全施設,2024,宮城県,リゾートホテル,45.4
全施設,2024,宮城県,会社・団体の宿泊所,8.7
全施設,2024,宮城県,全体,57.6
全施設,2024,宮城県,旅館,42.5
全施設,2024,宮城県,簡易宿所,29.7
全施設,2024,宮崎県,シティホテル,62.6
全施設,2024,宮崎県,ビジネスホテル,68.0
全施設,2024,宮崎県,リゾートホテル,39.8
全施設,2024,宮崎県,会社・団体の宿泊所,2.7
全施設,2024,宮崎県,全体,51.1
全施設,2024,宮崎県,旅館,30.7
全施設,2024,宮崎県,簡易宿所,20.8
全施設,2024,富山県,シティホテル,72.7
全施設,2024,富山県,ビジネスホテル,67.5
全施設,2024,富山県,リゾートホテル,26.8
全施設,2024,富山県,会社・団体の宿泊所,16.7
全施設,2024,富山県,全体,54.5
全施設,2024,富山県,旅館,31.7
全施設,2024,富山県,簡易宿所,11.1
全施設,2024,山口県,シティホテル,62.6
全施設,2024,山口県,ビジネスホテル,69.4
全施設,2024,山口県,リゾートホテル,52.5
全施設,2024,山口県,会社・団体の宿泊所,6.2
全施設,2024,山口県,全体,58.1
全施設,2024,山口県,旅館,37.9
全施設,2024,山口県,簡易宿所,16.7
全施設,2024,山形県,シティホテル,66.0
全施設,2024,山形県,ビジネスホテル,63.7
全施設,2024,山形県,リゾートホテル,36.5
全施設,2024,山形県,会社・団体の宿泊所,46.2
全施設,2024,山形県,全体,49.3
全施設,2024,山形県,旅館,37.9
全施設,2024,山形県,簡易宿所,12.5
全施設,2024,山梨県,シティホテル,38.2
全施設,2024,山梨県,ビジネスホテル,71.4
全施設,2024,山梨県,リゾートホテル,55.0
全施設,2024,山梨県,会社・団体の宿泊所,22.7
全施設,2024,山梨県,全体,42.8
全施設,2024,山梨県,旅館,32.6
全施設,2024,山梨県,簡易宿所,26.7
全施設,2024,岐阜県,シティホテル,49.4
全施設,2024,岐阜県,ビジネスホテル,73.0
全施設,2024,岐阜県,リゾートホテル,48.7
全施設,2024,岐阜県,会社・団体の宿泊所,18.6
全施設,2024,岐阜県,全体,51.2
全施設,2024,岐阜県,旅館,36.2
全施設,2024,岐阜県,簡易宿所,29.6
全施設,2024,岡山県,シティホテル,60.0
全施設,2024,岡山県,ビジネスホテル,69.7
全施設,2024,岡山県,リゾートホテル,41.7
全施設,2024,岡山県,会社・団体の宿泊所,16.9
全施設,2024,岡山県,全体,58.2
全施設,2024,岡山県,旅館,23.7
全施設,2024,岡山県,簡易宿所,17.1
全施設,2024,岩手県,シティホテル,69.9
全施設,2024,岩手県,ビジネスホテル,66.5
全施設,2024,岩手県,リゾートホテル,42.5
全施設,2024,岩手県,全体,53.5
全施設,2024,岩手県,旅館,38.7
全施設,2024,岩手県,簡易宿所,23.8
全施設,2024,島根県,シティホテル,73.0
全施設,2024,島根県,ビジネスホテル,71.0
全施設,2024,島根県,リゾートホテル,42.5
全施設,2024,島根県,全体,55.5
全施設,2024,島根県,旅館,44.5
全施設,2024,島根県,簡易宿所,16.7
全施設,2024,広島県,シティホテル,73.7
全施設,2024,広島県,ビジネスホテル,71.7
全施設,2024,広島県,リゾートホテル,60.6
全施設,2024,広島県,会社・団体の宿泊所,33.4
全施設,2024,広島県,全体,62.6
全施設,2024,広島県,旅館,42.5
全施設,2024,広島県,簡易宿所,21.1
全施設,2024,徳島県,シティホテル,54.8
全施設,2024,徳島県,ビジネスホテル,61.4
全施設,2024,徳島県,リゾートホテル,60.7
全施設,2024,徳島県,会社・団体の宿泊所,19.5
全施設,2024,徳島県,全体,48.6
全施設,2024,徳島県,旅館,26.3
全施設,2024,徳島県,簡易宿所,22.1
全施設,2024,愛媛県,シティホテル,60.8
全施設,2024,愛媛県,ビジネスホテル,65.9
全施設,2024,愛媛県,リゾートホテル,58.3
全施設,2024,愛媛県,会社・団体の宿泊所,18.3
全施設,2024,愛媛県,全体,55.2
全施設,2024,愛媛県,旅館,40.6
全施設,2024,愛媛県,簡易宿所,18.0
全施設,2024,愛知県,シティホテル,67.7
全施設,2024,愛知県,ビジネスホテル,75.3
全施設,2024,愛知県,リゾートホテル,47.3
全施設,2024,愛知県,会社・団体の宿泊所,32.2
全施設,2024,愛知県,全体,66.6
全施設,2024,愛知県,旅館,24.9
全施設,2024,愛知県,簡易宿所,40.7
全施設,2024,新潟県,シティホテル,65.4
全施設,2024,新潟県,ビジネスホテル,68.1
全施設,2024,新潟県,リゾートホテル,34.0
全施設,2024,新潟県,会社・団体の宿泊所,33.2
全施設,2024,新潟県,全体,45.5
全施設,2024,新潟県,旅館,26.6
全施設,2024,新潟県,簡易宿所,11.5
全施設,2024,東京都,シティホテル,76.8
全施設,2024,東京都,ビジネスホテル,83.4
全施設,2024,東京都,リゾートホテル,41.0
全施設,2024,東京都,会社・団体の宿泊所,37.9
全施設,2024,東京都,全体,75.1
全施設,2024,東京都,旅館,37.2
全施設,2024,東京都,簡易宿所,43.5
全施設,2024,栃木県,シティホテル,60.7
全施設,2024,栃木県,ビジネスホテル,70.3
全施設,2024,栃木県,リゾートホテル,51.3
全施設,2024,栃木県,会社・団体の宿泊所,26.0
全施設,2024,栃木県,全体,53.0
全施設,2024,栃木県,旅館,43.7
全施設,2024,栃木県,簡易宿所,10.3
全施設,2024,沖縄県,シティホテル,62.5
全施設,2024,沖縄県,ビジネスホテル,65.8
全施設,2024,沖縄県,リゾートホテル,60.5
全施設,2024,沖縄県,会社・団体の宿泊所,16.3
全施設,2024,沖縄県,全体,54.9
全施設,2024,沖縄県,旅館,35.7
全施設,2024,沖縄県,簡易宿所,33.2
全施設,2024,滋賀県,シティホテル,68.5
全施設,2024,滋賀県,ビジネスホテル,72.6
全施設,2024,滋賀県,リゾートホテル,54.1
全施設,2024,滋賀県,会社・団体の宿泊所,15.0
全施設,2024,滋賀県,全体,55.1
全施設,2024,滋賀県,旅館,41.7
全施設,2024,滋賀県,簡易宿所,14.8
全施設,2024,熊本県,シティホテル,74.7
全施設,2024,熊本県,ビジネスホテル,69.4
全施設,2024,熊本県,リゾートホテル,49.6
全施設,2024,熊本県,会社・団体の宿泊所,23.5
全施設,2024,熊本県,全体,56.0
全施設,2024,熊本県,旅館,40.1
全施設,2024,熊本県,簡易宿所,29.2
全施設,2024,石川県,シティホテル,72.0
全施設,2024,石川県,ビジネスホテル,77.7
全施設,2024,石川県,リゾートホテル,44.2
全施設,2024,石川県,会社・団体の宿泊所,28.5
全施設,2024,石川県,全体,66.8
全施設,2024,石川県,旅館,39.8
全施設,2024,石川県,簡易宿所,37.5
全施設,2024,神奈川県,シティホテル,72.7
全施設,2024,神奈川県,ビジネスホテル,80.1
全施設,2024,神奈川県,リゾートホテル,66.0
全施設,2024,神奈川県,会社・団体の宿泊所,23.5
全施設,2024,神奈川県,全体,61.8
全施設,2024,神奈川県,旅館,51.0
全施設,2024,神奈川県,簡易宿所,32.2
全施設,2024,福井県,シティホテル,59.9
全施設,2024,福井県,ビジネスホテル,72.8
全施設,2024,福井県,リゾートホテル,47.1
全施設,2024,福井県,会社・団体の宿泊所,11.6
全施設,2024,福井県,全体,47.9
全施設,2024,福井県,旅館,27.4
全施設,2024,福井県,簡易宿所,14.4
全施設,2024,福岡県,シティホテル,75.6
全施設,2024,福岡県,ビジネスホテル,77.6
全施設,2024,福岡県,リゾートホテル,52.9
全施設,2024,福岡県,会社・団体の宿泊所,41.5
全施設,2024,福岡県,全体,72.1
全施設,2024,福岡県,旅館,28.7
全施設,2024,福岡県,簡易宿所,40.9
全施設,2024,福島県,シティホテル,45.0
全施設,2024,福島県,ビジネスホテル,59.3
全施設,2024,福島県,リゾートホテル,57.0
全施設,2024,福島県,会社・団体の宿泊所,13.3
全施設,2024,福島県,全体,44.4
全施設,2024,福島県,旅館,30.3
全施設,2024,福島県,簡易宿所,12.8
全施設,2024,秋田県,シティホテル,48.8
全施設,2024,秋田県,ビジネスホテル,71.2
全施設,2024,秋田県,リゾートホテル,45.3
全施設,2024,秋田県,会社・団体の宿泊所,8.2
全施設,2024,秋田県,全体,48.7
全施設,2024,秋田県,旅館,37.4
全施設,2024,秋田県,簡易宿所,14.3
全施設,2024,群馬県,シティホテル,52.3
全施設,2024,群馬県,ビジネスホテル,70.4
全施設,2024,群馬県,リゾートホテル,49.1
全施設,2024,群馬県,会社・団体の宿泊所,31.5
全施設,2024,群馬県,全体,44.1
全施設,2024,群馬県,旅館,41.2
全施設,2024,群馬県,簡易宿所,16.0
全施設,2024,茨城県,シティホテル,64.9
全施設,2024,茨城県,ビジネスホテル,69.7
全施設,2024,茨城県,リゾートホテル,55.5
全施設,2024,茨城県,会社・団体の宿泊所,40.5
全施設,2024,茨城県,全体,55.1
全施設,2024,茨城県,旅館,34.1
全施設,2024,茨城県,簡易宿所,10.9
全施設,2024,長崎県,シティホテル,66.8
全施設,2024,長崎県,ビジネスホテル,69.3
全施設,2024,長崎県,リゾートホテル,53.9
全施設,2024,長崎県,会社・団体の宿泊所,24.3
全施設,2024,長崎県,全体,53.4
全施設,2024,長崎県,旅館,31.1
全施設,2024,長崎県,簡易宿所,19.9
全施設,2024,長野県,シティホテル,73.0
全施設,2024,長野県,ビジネスホテル,74.6
全施設,2024,長野県,リゾートホテル,35.4
全施設,2024,長野県,会社・団体の宿泊所,20.5
全施設,2024,長野県,全体,39.6
全施設,2024,長野県,旅館,27.9
全施設,2024,長野県,簡易宿所,15.3
全施設,2024,青森県,シティホテル,58.7
全施設,2024,青森県,ビジネスホテル,70.9
全施設,2024,青森県,リゾートホテル,44.4
全施設,2024,青森県,全体,58.0
全施設,2024,青森県,旅館,37.4
全施設,2024,青森県,簡易宿所,31.2
全施設,2024,静岡県,シティホテル,68.1
全施設,2024,静岡県,ビジネスホテル,71.6
全施設,2024,静岡県,リゾートホテル,52.9
全施設,2024,静岡県,会社・団体の宿泊所,19.3
全施設,2024,静岡県,全体,54.6
全施設,2024,静岡県,旅館,40.9
全施設,2024,静岡県,簡易宿所,21.7
全施設,2024,香川県,シティホテル,77.1
全施設,2024,香川県,ビジネスホテル,62.5
全施設,2024,香川県,リゾートホテル,58.6
全施設,2024,香川県,会社・団体の宿泊所,20.6
全施設,2024,香川県,全体,52.9
全施設,2024,香川県,旅館,45.0
全施設,2024,香川県,簡易宿所,21.9
全施設,2024,高知県,シティホテル,76.3
全施設,2024,高知県,ビジネスホテル,69.7
全施設,2024,高知県,リゾートホテル,43.5
全施設,2024,高知県,全体,46.4
全施設,2024,高知県,旅館,33.5
全施設,2024,高知県,簡易宿所,18.4
全施設,2024,鳥取県,シティホテル,70.8
全施設,2024,鳥取県,ビジネスホテル,71.7
全施設,2024,鳥取県,リゾートホテル,14.1
全施設,2024,鳥取県,会社・団体の宿泊所,0.1
全施設,2024,鳥取県,全体,50.3
全施設,2024,鳥取県,旅館,38.6
全施設,2024,鳥取県,簡易宿所,14.2
全施設,2024,鹿児島県,シティホテル,67.3
全施設,2024,鹿児島県,ビジネスホテル,67.3
全施設,2024,鹿児島県,リゾートホテル,42.8
全施設,2024,鹿児島県,会社・団体の宿泊所,6.2
全施設,2024,鹿児島県,全体,52.2
全施設,2024,鹿児島県,旅館,39.8
全施設,2024,鹿児島県,簡易宿所,28.9
全施設,2025,三重県,シティホテル,73.1
全施設,2025,三重県,ビジネスホテル,73.4
全施設,2025,三重県,リゾートホテル,55.9
全施設,2025,三重県,会社・団体の宿泊所,12.5
全施設,2025,三重県,全体,57.6
全施設,2025,三重県,旅館,39.8
全施設,2025,三重県,簡易宿所,33.2
全施設,2025,京都府,シティホテル,77.5
全施設,2025,京都府,ビジネスホテル,77.4
全施設,2025,京都府,リゾートホテル,56.1
全施設,2025,京都府,会社・団体の宿泊所,41.2
全施設,2025,京都府,全体,66.8
全施設,2025,京都府,旅館,41.7
全施設,2025,京都府,簡易宿所,52.0
全施設,2025,佐賀県,シティホテル,69.4
全施設,2025,佐賀県,ビジネスホテル,73.9
全施設,2025,佐賀県,リゾートホテル,61.4
全施設,2025,佐賀県,会社・団体の宿泊所,0.0
全施設,2025,佐賀県,全体,52.4
全施設,2025,佐賀県,旅館,37.7
全施設,2025,佐賀県,簡易宿所,9.6
全施設,2025,全国,シティホテル,74.1
全施設,2025,全国,ビジネスホテル,75.3
全施設,2025,全国,リゾートホテル,56.9
全施設,2025,全国,会社・団体の宿泊所,24.2
全施設,2025,全国,全体,61.6
全施設,2025,全国,旅館,38.2
全施設,2025,全国,簡易宿所,29.6
全施設,2025,兵庫県,シティホテル,72.2
全施設,2025,兵庫県,ビジネスホテル,79.3
全施設,2025,兵庫県,リゾートホテル,55.6
全施設,2025,兵庫県,会社・団体の宿泊所,31.2
全施設,2025,兵庫県,全体,61.1
全施設,2025,兵庫県,旅館,40.0
全施設,2025,兵庫県,簡易宿所,13.4
全施設,2025,北海道,シティホテル,74.5
全施設,2025,北海道,ビジネスホテル,76.1
全施設,2025,北海道,リゾートホテル,51.1
全施設,2025,北海道,会社・団体の宿泊所,14.5
全施設,2025,北海道,全体,61.2
全施設,2025,北海道,旅館,43.9
全施設,2025,北海道,簡易宿所,25.2
全施設,2025,千葉県,シティホテル,77.0
全施設,2025,千葉県,ビジネスホテル,73.5
全施設,2025,千葉県,リゾートホテル,78.2
全施設,2025,千葉県,会社・団体の宿泊所,16.0
全施設,2025,千葉県,全体,64.0
全施設,2025,千葉県,旅館,42.6
全施設,2025,千葉県,簡易宿所,23.7
全施設,2025,和歌山県,シティホテル,68.4
全施設,2025,和歌山県,ビジネスホテル,62.7
全施設,2025,和歌山県,リゾートホテル,50.9
全施設,2025,和歌山県,会社・団体の宿泊所,14.4
全施設,2025,和歌山県,全体,48.4
全施設,2025,和歌山県,旅館,36.7
全施設,2025,和歌山県,簡易宿所,23.7
全施設,2025,埼玉県,シティホテル,78.2
全施設,2025,埼玉県,ビジネスホテル,75.2
全施設,2025,埼玉県,リゾートホテル,32.0
全施設,2025,埼玉県,会社・団体の宿泊所,13.9
全施設,2025,埼玉県,全体,66.7
全施設,2025,埼玉県,旅館,21.1
全施設,2025,埼玉県,簡易宿所,21.3
全施設,2025,大分県,シティホテル,71.0
全施設,2025,大分県,ビジネスホテル,64.9
全施設,2025,大分県,リゾートホテル,59.5
全施設,2025,大分県,会社・団体の宿泊所,22.1
全施設,2025,大分県,全体,54.4
全施設,2025,大分県,旅館,43.3
全施設,2025,大分県,簡易宿所,17.2
全施設,2025,大阪府,シティホテル,79.4
全施設,2025,大阪府,ビジネスホテル,82.9
全施設,2025,大阪府,リゾートホテル,72.5
全施設,2025,大阪府,会社・団体の宿泊所,17.9
全施設,2025,大阪府,全体,78.6
全施設,2025,大阪府,旅館,49.0
全施設,2025,大阪府,簡易宿所,73.6
全施設,2025,奈良県,シティホテル,69.0
全施設,2025,奈良県,ビジネスホテル,69.3
全施設,2025,奈良県,リゾートホテル,65.7
全施設,2025,奈良県,全体,50.9
全施設,2025,奈良県,旅館,33.4
全施設,2025,奈良県,簡易宿所,18.9
全施設,2025,宮城県,シティホテル,68.9
全施設,2025,宮城県,ビジネスホテル,69.5
全施設,2025,宮城県,リゾートホテル,50.5
全施設,2025,宮城県,会社・団体の宿泊所,13.5
全施設,2025,宮城県,全体,60.2
全施設,2025,宮城県,旅館,46.7
全施設,2025,宮城県,簡易宿所,31.0
全施設,2025,宮崎県,シティホテル,58.6
全施設,2025,宮崎県,ビジネスホテル,63.8
全施設,2025,宮崎県,リゾートホテル,41.1
全施設,2025,宮崎県,全体,54.1
全施設,2025,宮崎県,旅館,43.1
全施設,2025,宮崎県,簡易宿所,24.3
全施設,2025,富山県,シティホテル,71.0
全施設,2025,富山県,ビジネスホテル,68.1
全施設,2025,富山県,リゾートホテル,37.6
全施設,2025,富山県,会社・団体の宿泊所,21.2
全施設,2025,富山県,全体,55.5
全施設,2025,富山県,旅館,33.6
全施設,2025,富山県,簡易宿所,14.7
全施設,2025,山口県,シティホテル,60.2
全施設,2025,山口県,ビジネスホテル,66.7
全施設,2025,山口県,リゾートホテル,60.2
全施設,2025,山口県,会社・団体の宿泊所,6.4
全施設,2025,山口県,全体,57.0
全施設,2025,山口県,旅館,42.1
全施設,2025,山口県,簡易宿所,17.9
全施設,2025,山形県,シティホテル,58.2
全施設,2025,山形県,ビジネスホテル,69.0
全施設,2025,山形県,リゾートホテル,34.2
全施設,2025,山形県,会社・団体の宿泊所,33.8
全施設,2025,山形県,全体,50.3
全施設,2025,山形県,旅館,40.2
全施設,2025,山形県,簡易宿所,18.7
全施設,2025,山梨県,シティホテル,50.2
全施設,2025,山梨県,ビジネスホテル,73.2
全施設,2025,山梨県,リゾートホテル,63.5
全施設,2025,山梨県,会社・団体の宿泊所,24.8
全施設,2025,山梨県,全体,43.8
全施設,2025,山梨県,旅館,34.4
全施設,2025,山梨県,簡易宿所,17.4
全施設,2025,岐阜県,シティホテル,66.7
全施設,2025,岐阜県,ビジネスホテル,71.7
全施設,2025,岐阜県,リゾートホテル,46.9
全施設,2025,岐阜県,会社・団体の宿泊所,39.8
全施設,2025,岐阜県,全体,56.0
全施設,2025,岐阜県,旅館,41.5
全施設,2025,岐阜県,簡易宿所,26.1
全施設,2025,岡山県,シティホテル,60.5
全施設,2025,岡山県,ビジネスホテル,74.9
全施設,2025,岡山県,リゾートホテル,41.9
全施設,2025,岡山県,会社・団体の宿泊所,15.2
全施設,2025,岡山県,全体,59.2
全施設,2025,岡山県,旅館,21.2
全施設,2025,岡山県,簡易宿所,33.8
全施設,2025,岩手県,シティホテル,68.9
全施設,2025,岩手県,ビジネスホテル,71.3
全施設,2025,岩手県,リゾートホテル,41.5
全施設,2025,岩手県,会社・団体の宿泊所,2.1
全施設,2025,岩手県,全体,54.9
全施設,2025,岩手県,旅館,36.8
全施設,2025,岩手県,簡易宿所,16.7
全施設,2025,島根県,シティホテル,68.8
全施設,2025,島根県,ビジネスホテル,67.7
全施設,2025,島根県,リゾートホテル,48.1
全施設,2025,島根県,全体,54.2
全施設,2025,島根県,旅館,41.2
全施設,2025,島根県,簡易宿所,17.9
全施設,2025,広島県,シティホテル,73.8
全施設,2025,広島県,ビジネスホテル,76.3
全施設,2025,広島県,リゾートホテル,59.0
全施設,2025,広島県,会社・団体の宿泊所,27.1
全施設,2025,広島県,全体,64.4
全施設,2025,広島県,旅館,35.0
全施設,2025,広島県,簡易宿所,19.1
全施設,2025,徳島県,シティホテル,55.9
全施設,2025,徳島県,ビジネスホテル,66.4
全施設,2025,徳島県,リゾートホテル,55.1
全施設,2025,徳島県,会社・団体の宿泊所,23.1
全施設,2025,徳島県,全体,52.6
全施設,2025,徳島県,旅館,26.9
全施設,2025,徳島県,簡易宿所,28.5
全施設,2025,愛媛県,シティホテル,62.8
全施設,2025,愛媛県,ビジネスホテル,68.4
全施設,2025,愛媛県,リゾートホテル,41.7
全施設,2025,愛媛県,会社・団体の宿泊所,10.1
全施設,2025,愛媛県,全体,57.2
全施設,2025,愛媛県,旅館,48.0
全施設,2025,愛媛県,簡易宿所,10.3
全施設,2025,愛知県,シティホテル,72.4
全施設,2025,愛知県,ビジネスホテル,75.4
全施設,2025,愛知県,リゾートホテル,54.0
全施設,2025,愛知県,会社・団体の宿泊所,35.1
全施設,2025,愛知県,全体,69.2
全施設,2025,愛知県,旅館,30.8
全施設,2025,愛知県,簡易宿所,38.2
全施設,2025,新潟県,シティホテル,62.3
全施設,2025,新潟県,ビジネスホテル,64.9
全施設,2025,新潟県,リゾートホテル,36.3
全施設,2025,新潟県,会社・団体の宿泊所,28.7
全施設,2025,新潟県,全体,46.1
全施設,2025,新潟県,旅館,28.4
全施設,2025,新潟県,簡易宿所,22.9
全施設,2025,東京都,シティホテル,77.2
全施設,2025,東京都,ビジネスホテル,81.5
全施設,2025,東京都,リゾートホテル,56.5
全施設,2025,東京都,会社・団体の宿泊所,43.7
全施設,2025,東京都,全体,76.3
全施設,2025,東京都,旅館,41.7
全施設,2025,東京都,簡易宿所,48.6
全施設,2025,栃木県,シティホテル,67.5
全施設,2025,栃木県,ビジネスホテル,74.7
全施設,2025,栃木県,リゾートホテル,53.0
全施設,2025,栃木県,会社・団体の宿泊所,38.3
全施設,2025,栃木県,全体,55.2
全施設,2025,栃木県,旅館,44.9
全施設,2025,栃木県,簡易宿所,16.8
全施設,2025,沖縄県,シティホテル,68.2
全施設,2025,沖縄県,ビジネスホテル,77.2
全施設,2025,沖縄県,リゾートホテル,66.6
全施設,2025,沖縄県,会社・団体の宿泊所,7.6
全施設,2025,沖縄県,全体,60.3
全施設,2025,沖縄県,旅館,43.6
全施設,2025,沖縄県,簡易宿所,34.7
全施設,2025,滋賀県,シティホテル,72.4
全施設,2025,滋賀県,ビジネスホテル,67.6
全施設,2025,滋賀県,リゾートホテル,61.7
全施設,2025,滋賀県,会社・団体の宿泊所,22.1
全施設,2025,滋賀県,全体,53.2
全施設,2025,滋賀県,旅館,36.5
全施設,2025,滋賀県,簡易宿所,11.7
全施設,2025,熊本県,シティホテル,77.2
全施設,2025,熊本県,ビジネスホテル,73.8
全施設,2025,熊本県,リゾートホテル,52.9
全施設,2025,熊本県,会社・団体の宿泊所,23.4
全施設,2025,熊本県,全体,58.9
全施設,2025,熊本県,旅館,41.9
全施設,2025,熊本県,簡易宿所,25.3
全施設,2025,石川県,シティホテル,69.7
全施設,2025,石川県,ビジネスホテル,72.0
全施設,2025,石川県,リゾートホテル,17.1
全施設,2025,石川県,会社・団体の宿泊所,28.4
全施設,2025,石川県,全体,57.1
全施設,2025,石川県,旅館,35.2
全施設,2025,石川県,簡易宿所,15.7
全施設,2025,神奈川県,シティホテル,73.0
全施設,2025,神奈川県,ビジネスホテル,80.5
全施設,2025,神奈川県,リゾートホテル,66.5
全施設,2025,神奈川県,会社・団体の宿泊所,22.8
全施設,2025,神奈川県,全体,66.2
全施設,2025,神奈川県,旅館,49.0
全施設,2025,神奈川県,簡易宿所,20.8
全施設,2025,福井県,シティホテル,56.0
全施設,2025,福井県,ビジネスホテル,74.0
全施設,2025,福井県,リゾートホテル,49.3
全施設,2025,福井県,会社・団体の宿泊所,13.6
全施設,2025,福井県,全体,46.2
全施設,2025,福井県,旅館,26.8
全施設,2025,福井県,簡易宿所,10.6
全施設,2025,福岡県,シティホテル,72.4
全施設,2025,福岡県,ビジネスホテル,77.8
全施設,2025,福岡県,リゾートホテル,60.6
全施設,2025,福岡県,会社・団体の宿泊所,34.0
全施設,2025,福岡県,全体,72.1
全施設,2025,福岡県,旅館,31.3
全施設,2025,福岡県,簡易宿所,44.8
全施設,2025,福島県,シティホテル,46.8
全施設,2025,福島県,ビジネスホテル,61.3
全施設,2025,福島県,リゾートホテル,62.5
全施設,2025,福島県,会社・団体の宿泊所,18.2
全施設,2025,福島県,全体,49.2
全施設,2025,福島県,旅館,37.1
全施設,2025,福島県,簡易宿所,10.5
全施設,2025,秋田県,シティホテル,49.7
全施設,2025,秋田県,ビジネスホテル,67.8
全施設,2025,秋田県,リゾートホテル,39.6
全施設,2025,秋田県,会社・団体の宿泊所,11.7
全施設,2025,秋田県,全体,48.3
全施設,2025,秋田県,旅館,36.2
全施設,2025,秋田県,簡易宿所,8.9
全施設,2025,群馬県,シティホテル,53.6
全施設,2025,群馬県,ビジネスホテル,71.8
全施設,2025,群馬県,リゾートホテル,47.1
全施設,2025,群馬県,会社・団体の宿泊所,32.1
全施設,2025,群馬県,全体,46.8
全施設,2025,群馬県,旅館,45.9
全施設,2025,群馬県,簡易宿所,16.7
全施設,2025,茨城県,シティホテル,66.6
全施設,2025,茨城県,ビジネスホテル,70.4
全施設,2025,茨城県,リゾートホテル,51.9
全施設,2025,茨城県,会社・団体の宿泊所,23.4
全施設,2025,茨城県,全体,54.1
全施設,2025,茨城県,旅館,33.2
全施設,2025,茨城県,簡易宿所,12.8
全施設,2025,長崎県,シティホテル,72.1
全施設,2025,長崎県,ビジネスホテル,70.5
全施設,2025,長崎県,リゾートホテル,56.0
全施設,2025,長崎県,会社・団体の宿泊所,25.3
全施設,2025,長崎県,全体,56.3
全施設,2025,長崎県,旅館,39.8
全施設,2025,長崎県,簡易宿所,22.3
全施設,2025,長野県,シティホテル,76.1
全施設,2025,長野県,ビジネスホテル,75.7
全施設,2025,長野県,リゾートホテル,37.7
全施設,2025,長野県,会社・団体の宿泊所,16.0
全施設,2025,長野県,全体,39.0
全施設,2025,長野県,旅館,27.2
全施設,2025,長野県,簡易宿所,13.6
全施設,2025,青森県,シティホテル,60.4
全施設,2025,青森県,ビジネスホテル,73.1
全施設,2025,青森県,リゾートホテル,45.8
全施設,2025,青森県,全体,61.1
全施設,2025,青森県,旅館,41.8
全施設,2025,青森県,簡易宿所,16.9
全施設,2025,静岡県,シティホテル,68.3
全施設,2025,静岡県,ビジネスホテル,72.6
全施設,2025,静岡県,リゾートホテル,55.7
全施設,2025,静岡県,会社・団体の宿泊所,24.0
全施設,2025,静岡県,全体,56.0
全施設,2025,静岡県,旅館,42.4
全施設,2025,静岡県,簡易宿所,24.6
全施設,2025,香川県,シティホテル,78.0
全施設,2025,香川県,ビジネスホテル,69.7
全施設,2025,香川県,リゾートホテル,64.2
全施設,2025,香川県,会社・団体の宿泊所,17.4
全施設,2025,香川県,全体,58.4
全施設,2025,香川県,旅館,54.0
全施設,2025,香川県,簡易宿所,29.6
全施設,2025,高知県,シティホテル,70.8
全施設,2025,高知県,ビジネスホテル,68.1
全施設,2025,高知県,リゾートホテル,34.8
全施設,2025,高知県,全体,48.6
全施設,2025,高知県,旅館,36.0
全施設,2025,高知県,簡易宿所,17.7
全施設,2025,鳥取県,シティホテル,67.1
全施設,2025,鳥取県,ビジネスホテル,68.5
全施設,2025,鳥取県,リゾートホテル,26.2
全施設,2025,鳥取県,会社・団体の宿泊所,2.8
全施設,2025,鳥取県,全体,52.2
全施設,2025,鳥取県,旅館,45.3
全施設,2025,鳥取県,簡易宿所,10.0
全施設,2025,鹿児島県,シティホテル,60.1
全施設,2025,鹿児島県,ビジネスホテル,68.9
全施設,2025,鹿児島県,リゾートホテル,40.8
全施設,2025,鹿児島県,会社・団体の宿泊所,6.3
全施設,2025,鹿児島県,全体,51.6
全施設,2025,鹿児島県,旅館,35.7
全施設,2025,鹿児島県,簡易宿所,26.5
従業者10人以上,2009,三重県,シティホテル,51.0
従業者10人以上,2009,三重県,ビジネスホテル,64.7
従業者10人以上,2009,三重県,リゾートホテル,46.8
従業者10人以上,2009,三重県,全体,50.6
従業者10人以上,2009,三重県,旅館,47.5
従業者10人以上,2009,京都府,シティホテル,85.1
従業者10人以上,2009,京都府,ビジネスホテル,79.4
従業者10人以上,2009,京都府,リゾートホテル,53.7
従業者10人以上,2009,京都府,全体,73.8
従業者10人以上,2009,京都府,旅館,53.5
従業者10人以上,2009,佐賀県,シティホテル,58.1
従業者10人以上,2009,佐賀県,ビジネスホテル,70.5
従業者10人以上,2009,佐賀県,リゾートホテル,40.8
従業者10人以上,2009,佐賀県,全体,55.9
従業者10人以上,2009,佐賀県,旅館,45.4
従業者10人以上,2009,全国,シティホテル,71.1
従業者10人以上,2009,全国,ビジネスホテル,67.2
従業者10人以上,2009,全国,リゾートホテル,53.3
従業者10人以上,2009,全国,全体,59.7
従業者10人以上,2009,全国,旅館,49.4
従業者10人以上,2009,兵庫県,シティホテル,72.3
従業者10人以上,2009,兵庫県,ビジネスホテル,66.3
従業者10人以上,2009,兵庫県,リゾートホテル,51.5
従業者10人以上,2009,兵庫県,全体,59.7
従業者10人以上,2009,兵庫県,旅館,51.3
従業者10人以上,2009,北海道,シティホテル,71.0
従業者10人以上,2009,北海道,ビジネスホテル,64.7
従業者10人以上,2009,北海道,リゾートホテル,44.5
従業者10人以上,2009,北海道,全体,57.3
従業者10人以上,2009,北海道,旅館,49.8
従業者10人以上,2009,千葉県,シティホテル,71.0
従業者10人以上,2009,千葉県,ビジネスホテル,69.6
従業者10人以上,2009,千葉県,リゾートホテル,82.1
従業者10人以上,2009,千葉県,全体,72.1
従業者10人以上,2009,千葉県,旅館,52.7
従業者10人以上,2009,和歌山県,シティホテル,70.4
従業者10人以上,2009,和歌山県,ビジネスホテル,43.1
従業者10人以上,2009,和歌山県,リゾートホテル,56.5
従業者10人以上,2009,和歌山県,全体,51.4
従業者10人以上,2009,和歌山県,旅館,52.7
従業者10人以上,2009,埼玉県,シティホテル,70.6
従業者10人以上,2009,埼玉県,ビジネスホテル,68.4
従業者10人以上,2009,埼玉県,リゾートホテル,30.3
従業者10人以上,2009,埼玉県,全体,61.0
従業者10人以上,2009,埼玉県,旅館,39.4
従業者10人以上,2009,大分県,シティホテル,66.1
従業者10人以上,2009,大分県,ビジネスホテル,57.6
従業者10人以上,2009,大分県,リゾートホテル,49.8
従業者10人以上,2009,大分県,全体,54.1
従業者10人以上,2009,大分県,旅館,50.9
従業者10人以上,2009,大阪府,シティホテル,79.0
従業者10人以上,2009,大阪府,ビジネスホテル,69.4
従業者10人以上,2009,大阪府,リゾートホテル,43.3
従業者10人以上,2009,大阪府,全体,68.1
従業者10人以上,2009,大阪府,旅館,46.0
従業者10人以上,2009,奈良県,シティホテル,72.1
従業者10人以上,2009,奈良県,ビジネスホテル,66.8
従業者10人以上,2009,奈良県,リゾートホテル,55.6
従業者10人以上,2009,奈良県,全体,52.0
従業者10人以上,2009,奈良県,旅館,33.7
従業者10人以上,2009,宮城県,シティホテル,66.5
従業者10人以上,2009,宮城県,ビジネスホテル,69.5
従業者10人以上,2009,宮城県,リゾートホテル,50.2
従業者10人以上,2009,宮城県,全体,56.5
従業者10人以上,2009,宮城県,旅館,52.3
従業者10人以上,2009,宮崎県,シティホテル,53.3
従業者10人以上,2009,宮崎県,ビジネスホテル,57.0
従業者10人以上,2009,宮崎県,リゾートホテル,43.4
従業者10人以上,2009,宮崎県,全体,51.4
従業者10人以上,2009,宮崎県,旅館,40.1
従業者10人以上,2009,富山県,シティホテル,59.3
従業者10人以上,2009,富山県,ビジネスホテル,52.1
従業者10人以上,2009,富山県,リゾートホテル,42.9
従業者10人以上,2009,富山県,全体,47.7
従業者10人以上,2009,富山県,旅館,47.4
従業者10人以上,2009,山口県,シティホテル,52.8
従業者10人以上,2009,山口県,ビジネスホテル,54.1
従業者10人以上,2009,山口県,リゾートホテル,25.0
従業者10人以上,2009,山口県,全体,48.7
従業者10人以上,2009,山口県,旅館,46.0
従業者10人以上,2009,山形県,シティホテル,56.4
従業者10人以上,2009,山形県,ビジネスホテル,62.0
従業者10人以上,2009,山形県,リゾートホテル,53.5
従業者10人以上,2009,山形県,全体,49.8
従業者10人以上,2009,山形県,旅館,49.4
従業者10人以上,2009,山梨県,シティホテル,46.2
従業者10人以上,2009,山梨県,ビジネスホテル,53.8
従業者10人以上,2009,山梨県,リゾートホテル,63.2
従業者10人以上,2009,山梨県,全体,55.3
従業者10人以上,2009,山梨県,旅館,54.5
従業者10人以上,2009,岐阜県,シティホテル,41.6
従業者10人以上,2009,岐阜県,ビジネスホテル,66.2
従業者10人以上,2009,岐阜県,リゾートホテル,58.1
従業者10人以上,2009,岐阜県,全体,57.4
従業者10人以上,2009,岐阜県,旅館,55.4
従業者10人以上,2009,岡山県,シティホテル,54.5
従業者10人以上,2009,岡山県,ビジネスホテル,65.5
従業者10人以上,2009,岡山県,リゾートホテル,46.9
従業者10人以上,2009,岡山県,全体,56.1
従業者10人以上,2009,岡山県,旅館,43.0
従業者10人以上,2009,岩手県,シティホテル,72.5
従業者10人以上,2009,岩手県,ビジネスホテル,54.7
従業者10人以上,2009,岩手県,リゾートホテル,44.2
従業者10人以上,2009,岩手県,全体,51.7
従業者10人以上,2009,岩手県,旅館,53.3
従業者10人以上,2009,島根県,シティホテル,61.3
従業者10人以上,2009,島根県,ビジネスホテル,81.9
従業者10人以上,2009,島根県,リゾートホテル,43.2
従業者10人以上,2009,島根県,全体,54.9
従業者10人以上,2009,島根県,旅館,49.0
従業者10人以上,2009,広島県,シティホテル,62.6
従業者10人以上,2009,広島県,ビジネスホテル,73.3
従業者10人以上,2009,広島県,リゾートホテル,57.0
従業者10人以上,2009,広島県,全体,61.1
従業者10人以上,2009,広島県,旅館,47.3
従業者10人以上,2009,徳島県,シティホテル,59.2
従業者10人以上,2009,徳島県,ビジネスホテル,72.8
従業者10人以上,2009,徳島県,リゾートホテル,53.8
従業者10人以上,2009,徳島県,全体,59.5
従業者10人以上,2009,徳島県,旅館,34.2
従業者10人以上,2009,愛媛県,シティホテル,67.5
従業者10人以上,2009,愛媛県,ビジネスホテル,75.3
従業者10人以上,2009,愛媛県,リゾートホテル,58.6
従業者10人以上,2009,愛媛県,全体,63.9
従業者10人以上,2009,愛媛県,旅館,48.6
従業者10人以上,2009,愛知県,シティホテル,72.2
従業者10人以上,2009,愛知県,ビジネスホテル,61.9
従業者10人以上,2009,愛知県,リゾートホテル,50.2
従業者10人以上,2009,愛知県,全体,59.8
従業者10人以上,2009,愛知県,旅館,48.7
従業者10人以上,2009,新潟県,シティホテル,64.8
従業者10人以上,2009,新潟県,ビジネスホテル,67.3
従業者10人以上,2009,新潟県,リゾートホテル,28.0
従業者10人以上,2009,新潟県,全体,50.6
従業者10人以上,2009,新潟県,旅館,48.4
従業者10人以上,2009,東京都,シティホテル,75.5
従業者10人以上,2009,東京都,ビジネスホテル,82.4
従業者10人以上,2009,東京都,リゾートホテル,62.1
従業者10人以上,2009,東京都,全体,76.0
従業者10人以上,2009,東京都,旅館,55.5
従業者10人以上,2009,栃木県,シティホテル,68.0
従業者10人以上,2009,栃木県,ビジネスホテル,67.8
従業者10人以上,2009,栃木県,リゾートホテル,59.9
従業者10人以上,2009,栃木県,全体,53.6
従業者10人以上,2009,栃木県,旅館,45.1
従業者10人以上,2009,沖縄県,シティホテル,59.6
従業者10人以上,2009,沖縄県,ビジネスホテル,68.7
従業者10人以上,2009,沖縄県,リゾートホテル,66.9
従業者10人以上,2009,沖縄県,全体,63.5
従業者10人以上,2009,沖縄県,旅館,42.6
従業者10人以上,2009,滋賀県,シティホテル,59.9
従業者10人以上,2009,滋賀県,ビジネスホテル,50.6
従業者10人以上,2009,滋賀県,リゾートホテル,50.6
従業者10人以上,2009,滋賀県,全体,50.7
従業者10人以上,2009,滋賀県,旅館,53.6
従業者10人以上,2009,熊本県,シティホテル,74.3
従業者10人以上,2009,熊本県,ビジネスホテル,56.4
従業者10人以上,2009,熊本県,リゾートホテル,43.7
従業者10人以上,2009,熊本県,全体,52.1
従業者10人以上,2009,熊本県,旅館,48.4
従業者10人以上,2009,石川県,シティホテル,67.9
従業者10人以上,2009,石川県,ビジネスホテル,67.1
従業者10人以上,2009,石川県,リゾートホテル,45.9
従業者10人以上,2009,石川県,全体,53.6
従業者10人以上,2009,石川県,旅館,42.7
従業者10人以上,2009,神奈川県,シティホテル,79.2
従業者10人以上,2009,神奈川県,ビジネスホテル,72.7
従業者10人以上,2009,神奈川県,リゾートホテル,70.6
従業者10人以上,2009,神奈川県,全体,69.4
従業者10人以上,2009,神奈川県,旅館,60.2
従業者10人以上,2009,福井県,シティホテル,50.6
従業者10人以上,2009,福井県,ビジネスホテル,67.2
従業者10人以上,2009,福井県,リゾートホテル,51.1
従業者10人以上,2009,福井県,全体,53.2
従業者10人以上,2009,福井県,旅館,48.6
従業者10人以上,2009,福岡県,シティホテル,68.2
従業者10人以上,2009,福岡県,ビジネスホテル,68.7
従業者10人以上,2009,福岡県,リゾートホテル,45.5
従業者10人以上,2009,福岡県,全体,63.1
従業者10人以上,2009,福岡県,旅館,40.9
従業者10人以上,2009,福島県,シティホテル,56.0
従業者10人以上,2009,福島県,ビジネスホテル,60.5
従業者10人以上,2009,福島県,リゾートホテル,43.2
従業者10人以上,2009,福島県,全体,51.8
従業者10人以上,2009,福島県,旅館,54.5
従業者10人以上,2009,秋田県,シティホテル,59.7
従業者10人以上,2009,秋田県,ビジネスホテル,51.8
従業者10人以上,2009,秋田県,リゾートホテル,42.5
従業者10人以上,2009,秋田県,全体,47.7
従業者10人以上,2009,秋田県,旅館,45.3
従業者10人以上,2009,群馬県,シティホテル,61.0
従業者10人以上,2009,群馬県,ビジネスホテル,53.6
従業者10人以上,2009,群馬県,リゾートホテル,53.7
従業者10人以上,2009,群馬県,全体,52.6
従業者10人以上,2009,群馬県,旅館,53.5
従業者10人以上,2009,茨城県,シティホテル,51.6
従業者10人以上,2009,茨城県,ビジネスホテル,47.0
従業者10人以上,2009,茨城県,リゾートホテル,79.7
従業者10人以上,2009,茨城県,全体,48.3
従業者10人以上,2009,茨城県,旅館,48.1
従業者10人以上,2009,長崎県,シティホテル,66.7
従業者10人以上,2009,長崎県,ビジネスホテル,64.6
従業者10人以上,2009,長崎県,リゾートホテル,49.8
従業者10人以上,2009,長崎県,全体,54.2
従業者10人以上,2009,長崎県,旅館,42.2
従業者10人以上,2009,長野県,シティホテル,70.4
従業者10人以上,2009,長野県,ビジネスホテル,68.7
従業者10人以上,2009,長野県,リゾートホテル,41.0
従業者10人以上,2009,長野県,全体,49.2
従業者10人以上,2009,長野県,旅館,42.9
従業者10人以上,2009,青森県,シティホテル,50.3
従業者10人以上,2009,青森県,ビジネスホテル,58.0
従業者10人以上,2009,青森県,リゾートホテル,54.6
従業者10人以上,2009,青森県,全体,52.8
従業者10人以上,2009,青森県,旅館,57.1
従業者10人以上,2009,静岡県,シティホテル,77.1
従業者10人以上,2009,静岡県,ビジネスホテル,69.8
従業者10人以上,2009,静岡県,リゾートホテル,53.7
従業者10人以上,2009,静岡県,全体,56.5
従業者10人以上,2009,静岡県,旅館,48.7
従業者10人以上,2009,香川県,シティホテル,67.5
従業者10人以上,2009,香川県,ビジネスホテル,55.0
従業者10人以上,2009,香川県,リゾートホテル,46.0
従業者10人以上,2009,香川県,全体,53.1
従業者10人以上,2009,香川県,旅館,48.2
従業者10人以上,2009,高知県,シティホテル,60.9
従業者10人以上,2009,高知県,ビジネスホテル,55.4
従業者10人以上,2009,高知県,リゾートホテル,38.0
従業者10人以上,2009,高知県,全体,52.3
従業者10人以上,2009,高知県,旅館,48.2
従業者10人以上,2009,鳥取県,シティホテル,77.3
従業者10人以上,2009,鳥取県,ビジネスホテル,67.3
従業者10人以上,2009,鳥取県,リゾートホテル,3.8
従業者10人以上,2009,鳥取県,全体,53.4
従業者10人以上,2009,鳥取県,旅館,63.5
従業者10人以上,2009,鹿児島県,シティホテル,57.8
従業者10人以上,2009,鹿児島県,ビジネスホテル,62.7
従業者10人以上,2009,鹿児島県,リゾートホテル,42.1
従業者10人以上,2009,鹿児島県,全体,55.9
従業者10人以上,2009,鹿児島県,旅館,55.0
従業者10人以上,2010,三重県,シティホテル,57.2
従業者10人以上,2010,三重県,ビジネスホテル,58.9
従業者10人以上,2010,三重県,リゾートホテル,46.7
従業者10人以上,2010,三重県,会社・団体の宿泊所,43.5
従業者10人以上,2010,三重県,全体,52.4
従業者10人以上,2010,三重県,旅館,48.3
従業者10人以上,2010,京都府,シティホテル,90.3
従業者10人以上,2010,京都府,ビジネスホテル,80.9
従業者10人以上,2010,京都府,リゾートホテル,68.4
従業者10人以上,2010,京都府,会社・団体の宿泊所,72.4
従業者10人以上,2010,京都府,全体,79.9
従業者10人以上,2010,京都府,旅館,63.3
従業者10人以上,2010,佐賀県,シティホテル,49.8
従業者10人以上,2010,佐賀県,ビジネスホテル,62.9
従業者10人以上,2010,佐賀県,リゾートホテル,49.3
従業者10人以上,2010,佐賀県,全体,55.9
従業者10人以上,2010,佐賀県,旅館,50.5
従業者10人以上,2010,全国,シティホテル,75.7
従業者10人以上,2010,全国,ビジネスホテル,68.3
従業者10人以上,2010,全国,リゾートホテル,52.6
従業者10人以上,2010,全国,会社・団体の宿泊所,41.6
従業者10人以上,2010,全国,全体,64.0
従業者10人以上,2010,全国,旅館,52.9
従業者10人以上,2010,兵庫県,シティホテル,74.8
従業者10人以上,2010,兵庫県,ビジネスホテル,68.9
従業者10人以上,2010,兵庫県,リゾートホテル,47.3
従業者10人以上,2010,兵庫県,会社・団体の宿泊所,33.0
従業者10人以上,2010,兵庫県,全体,61.4
従業者10人以上,2010,兵庫県,旅館,55.9
従業者10人以上,2010,北海道,シティホテル,62.7
従業者10人以上,2010,北海道,ビジネスホテル,63.0
従業者10人以上,2010,北海道,リゾートホテル,35.6
従業者10人以上,2010,北海道,会社・団体の宿泊所,43.2
従業者10人以上,2010,北海道,全体,56.6
従業者10人以上,2010,北海道,旅館,54.6
従業者10人以上,2010,千葉県,シティホテル,71.3
従業者10人以上,2010,千葉県,ビジネスホテル,64.2
従業者10人以上,2010,千葉県,リゾートホテル,75.7
従業者10人以上,2010,千葉県,会社・団体の宿泊所,34.5
従業者10人以上,2010,千葉県,全体,68.3
従業者10人以上,2010,千葉県,旅館,50.8
従業者10人以上,2010,和歌山県,シティホテル,59.3
従業者10人以上,2010,和歌山県,ビジネスホテル,55.7
従業者10人以上,2010,和歌山県,リゾートホテル,51.7
従業者10人以上,2010,和歌山県,会社・団体の宿泊所,46.6
従業者10人以上,2010,和歌山県,全体,52.3
従業者10人以上,2010,和歌山県,旅館,51.9
従業者10人以上,2010,埼玉県,シティホテル,75.7
従業者10人以上,2010,埼玉県,ビジネスホテル,71.0
従業者10人以上,2010,埼玉県,リゾートホテル,30.5
従業者10人以上,2010,埼玉県,会社・団体の宿泊所,37.3
従業者10人以上,2010,埼玉県,全体,67.7
従業者10人以上,2010,埼玉県,旅館,44.9
従業者10人以上,2010,大分県,シティホテル,67.8
従業者10人以上,2010,大分県,ビジネスホテル,62.3
従業者10人以上,2010,大分県,リゾートホテル,57.9
従業者10人以上,2010,大分県,会社・団体の宿泊所,37.1
従業者10人以上,2010,大分県,全体,57.9
従業者10人以上,2010,大分県,旅館,50.5
従業者10人以上,2010,大阪府,シティホテル,82.1
従業者10人以上,2010,大阪府,ビジネスホテル,72.7
従業者10人以上,2010,大阪府,リゾートホテル,72.2
従業者10人以上,2010,大阪府,会社・団体の宿泊所,49.3
従業者10人以上,2010,大阪府,全体,75.0
従業者10人以上,2010,大阪府,旅館,56.9
従業者10人以上,2010,奈良県,シティホテル,92.4
従業者10人以上,2010,奈良県,ビジネスホテル,91.9
従業者10人以上,2010,奈良県,リゾートホテル,85.7
従業者10人以上,2010,奈良県,会社・団体の宿泊所,38.5
従業者10人以上,2010,奈良県,全体,76.6
従業者10人以上,2010,奈良県,旅館,58.2
従業者10人以上,2010,宮城県,シティホテル,62.5
従業者10人以上,2010,宮城県,ビジネスホテル,63.9
従業者10人以上,2010,宮城県,リゾートホテル,58.0
従業者10人以上,2010,宮城県,会社・団体の宿泊所,48.7
従業者10人以上,2010,宮城県,全体,60.3
従業者10人以上,2010,宮城県,旅館,53.4
従業者10人以上,2010,宮崎県,シティホテル,72.2
従業者10人以上,2010,宮崎県,ビジネスホテル,66.4
従業者10人以上,2010,宮崎県,リゾートホテル,47.5
従業者10人以上,2010,宮崎県,全体,61.0
従業者10人以上,2010,宮崎県,旅館,44.3
従業者10人以上,2010,富山県,シティホテル,69.4
従業者10人以上,2010,富山県,ビジネスホテル,65.5
従業者10人以上,2010,富山県,リゾートホテル,49.1
従業者10人以上,2010,富山県,会社・団体の宿泊所,53.9
従業者10人以上,2010,富山県,全体,59.3
従業者10人以上,2010,富山県,旅館,51.4
従業者10人以上,2010,山口県,シティホテル,57.3
従業者10人以上,2010,山口県,ビジネスホテル,58.4
従業者10人以上,2010,山口県,リゾートホテル,47.4
従業者10人以上,2010,山口県,会社・団体の宿泊所,8.7
従業者10人以上,2010,山口県,全体,55.1
従業者10人以上,2010,山口県,旅館,49.1
従業者10人以上,2010,山形県,シティホテル,57.7
従業者10人以上,2010,山形県,ビジネスホテル,62.1
従業者10人以上,2010,山形県,リゾートホテル,32.8
従業者10人以上,2010,山形県,会社・団体の宿泊所,38.3
従業者10人以上,2010,山形県,全体,52.8
従業者10人以上,2010,山形県,旅館,47.5
従業者10人以上,2010,山梨県,シティホテル,53.3
従業者10人以上,2010,山梨県,ビジネスホテル,67.4
従業者10人以上,2010,山梨県,リゾートホテル,56.0
従業者10人以上,2010,山梨県,会社・団体の宿泊所,3.8
従業者10人以上,2010,山梨県,全体,55.7
従業者10人以上,2010,山梨県,旅館,52.5
従業者10人以上,2010,岐阜県,シティホテル,56.2
従業者10人以上,2010,岐阜県,ビジネスホテル,62.5
従業者10人以上,2010,岐阜県,リゾートホテル,58.0
従業者10人以上,2010,岐阜県,会社・団体の宿泊所,59.0
従業者10人以上,2010,岐阜県,全体,60.3
従業者10人以上,2010,岐阜県,旅館,60.1
従業者10人以上,2010,岡山県,シティホテル,63.4
従業者10人以上,2010,岡山県,ビジネスホテル,64.4
従業者10人以上,2010,岡山県,リゾートホテル,46.0
従業者10人以上,2010,岡山県,会社・団体の宿泊所,13.4
従業者10人以上,2010,岡山県,全体,59.7
従業者10人以上,2010,岡山県,旅館,45.6
従業者10人以上,2010,岩手県,シティホテル,62.3
従業者10人以上,2010,岩手県,ビジネスホテル,59.2
従業者10人以上,2010,岩手県,リゾートホテル,42.8
従業者10人以上,2010,岩手県,全体,53.7
従業者10人以上,2010,岩手県,旅館,52.3
従業者10人以上,2010,島根県,シティホテル,64.4
従業者10人以上,2010,島根県,ビジネスホテル,78.0
従業者10人以上,2010,島根県,リゾートホテル,37.7
従業者10人以上,2010,島根県,会社・団体の宿泊所,47.2
従業者10人以上,2010,島根県,全体,69.2
従業者10人以上,2010,島根県,旅館,59.8
従業者10人以上,2010,広島県,シティホテル,79.4
従業者10人以上,2010,広島県,ビジネスホテル,72.0
従業者10人以上,2010,広島県,リゾートホテル,58.8
従業者10人以上,2010,広島県,会社・団体の宿泊所,16.5
従業者10人以上,2010,広島県,全体,68.4
従業者10人以上,2010,広島県,旅館,59.9
従業者10人以上,2010,徳島県,シティホテル,68.9
従業者10人以上,2010,徳島県,ビジネスホテル,69.8
従業者10人以上,2010,徳島県,リゾートホテル,47.2
従業者10人以上,2010,徳島県,会社・団体の宿泊所,67.1
従業者10人以上,2010,徳島県,全体,64.0
従業者10人以上,2010,徳島県,旅館,44.5
従業者10人以上,2010,愛媛県,シティホテル,66.8
従業者10人以上,2010,愛媛県,ビジネスホテル,69.3
従業者10人以上,2010,愛媛県,リゾートホテル,55.7
従業者10人以上,2010,愛媛県,会社・団体の宿泊所,60.7
従業者10人以上,2010,愛媛県,全体,66.3
従業者10人以上,2010,愛媛県,旅館,61.3
従業者10人以上,2010,愛知県,シティホテル,75.1
従業者10人以上,2010,愛知県,ビジネスホテル,65.0
従業者10人以上,2010,愛知県,リゾートホテル,48.8
従業者10人以上,2010,愛知県,会社・団体の宿泊所,49.8
従業者10人以上,2010,愛知県,全体,63.7
従業者10人以上,2010,愛知県,旅館,44.3
従業者10人以上,2010,新潟県,シティホテル,65.5
従業者10人以上,2010,新潟県,ビジネスホテル,61.7
従業者10人以上,2010,新潟県,リゾートホテル,20.5
従業者10人以上,2010,新潟県,会社・団体の宿泊所,47.8
従業者10人以上,2010,新潟県,全体,51.6
従業者10人以上,2010,新潟県,旅館,49.3
従業者10人以上,2010,東京都,シティホテル,85.0
従業者10人以上,2010,東京都,ビジネスホテル,80.6
従業者10人以上,2010,東京都,リゾートホテル,69.2
従業者10人以上,2010,東京都,会社・団体の宿泊所,64.0
従業者10人以上,2010,東京都,全体,80.5
従業者10人以上,2010,東京都,旅館,54.2
従業者10人以上,2010,栃木県,シティホテル,63.4
従業者10人以上,2010,栃木県,ビジネスホテル,65.8
従業者10人以上,2010,栃木県,リゾートホテル,61.2
従業者10人以上,2010,栃木県,会社・団体の宿泊所,38.0
従業者10人以上,2010,栃木県,全体,63.0
従業者10人以上,2010,栃木県,旅館,63.3
従業者10人以上,2010,沖縄県,シティホテル,62.3
従業者10人以上,2010,沖縄県,ビジネスホテル,60.4
従業者10人以上,2010,沖縄県,リゾートホテル,64.3
従業者10人以上,2010,沖縄県,会社・団体の宿泊所,8.0
従業者10人以上,2010,沖縄県,全体,62.1
従業者10人以上,2010,沖縄県,旅館,32.4
従業者10人以上,2010,滋賀県,シティホテル,75.7
従業者10人以上,2010,滋賀県,ビジネスホテル,62.1
従業者10人以上,2010,滋賀県,リゾートホテル,64.0
従業者10人以上,2010,滋賀県,会社・団体の宿泊所,21.8
従業者10人以上,2010,滋賀県,全体,61.3
従業者10人以上,2010,滋賀県,旅館,56.7
従業者10人以上,2010,熊本県,シティホテル,73.4
従業者10人以上,2010,熊本県,ビジネスホテル,62.5
従業者10人以上,2010,熊本県,リゾートホテル,52.2
従業者10人以上,2010,熊本県,会社・団体の宿泊所,37.3
従業者10人以上,2010,熊本県,全体,59.2
従業者10人以上,2010,熊本県,旅館,53.3
従業者10人以上,2010,石川県,シティホテル,68.3
従業者10人以上,2010,石川県,ビジネスホテル,61.8
従業者10人以上,2010,石川県,リゾートホテル,53.3
従業者10人以上,2010,石川県,会社・団体の宿泊所,53.6
従業者10人以上,2010,石川県,全体,61.8
従業者10人以上,2010,石川県,旅館,63.2
従業者10人以上,2010,神奈川県,シティホテル,79.7
従業者10人以上,2010,神奈川県,ビジネスホテル,81.4
従業者10人以上,2010,神奈川県,リゾートホテル,70.9
従業者10人以上,2010,神奈川県,会社・団体の宿泊所,61.8
従業者10人以上,2010,神奈川県,全体,77.1
従業者10人以上,2010,神奈川県,旅館,63.0
従業者10人以上,2010,福井県,シティホテル,55.7
従業者10人以上,2010,福井県,ビジネスホテル,64.0
従業者10人以上,2010,福井県,リゾートホテル,41.4
従業者10人以上,2010,福井県,会社・団体の宿泊所,36.0
従業者10人以上,2010,福井県,全体,55.5
従業者10人以上,2010,福井県,旅館,48.5
従業者10人以上,2010,福岡県,シティホテル,76.4
従業者10人以上,2010,福岡県,ビジネスホテル,67.6
従業者10人以上,2010,福岡県,リゾートホテル,53.2
従業者10人以上,2010,福岡県,会社・団体の宿泊所,32.0
従業者10人以上,2010,福岡県,全体,65.7
従業者10人以上,2010,福岡県,旅館,35.0
従業者10人以上,2010,福島県,シティホテル,73.3
従業者10人以上,2010,福島県,ビジネスホテル,65.1
従業者10人以上,2010,福島県,リゾートホテル,46.8
従業者10人以上,2010,福島県,会社・団体の宿泊所,29.8
従業者10人以上,2010,福島県,全体,57.7
従業者10人以上,2010,福島県,旅館,53.8
従業者10人以上,2010,秋田県,シティホテル,63.8
従業者10人以上,2010,秋田県,ビジネスホテル,60.4
従業者10人以上,2010,秋田県,リゾートホテル,47.7
従業者10人以上,2010,秋田県,会社・団体の宿泊所,26.4
従業者10人以上,2010,秋田県,全体,57.4
従業者10人以上,2010,秋田県,旅館,54.2
従業者10人以上,2010,群馬県,シティホテル,59.6
従業者10人以上,2010,群馬県,ビジネスホテル,60.7
従業者10人以上,2010,群馬県,リゾートホテル,46.7
従業者10人以上,2010,群馬県,会社・団体の宿泊所,22.1
従業者10人以上,2010,群馬県,全体,58.1
従業者10人以上,2010,群馬県,旅館,62.8
従業者10人以上,2010,茨城県,シティホテル,63.3
従業者10人以上,2010,茨城県,ビジネスホテル,56.6
従業者10人以上,2010,茨城県,リゾートホテル,60.4
従業者10人以上,2010,茨城県,会社・団体の宿泊所,53.2
従業者10人以上,2010,茨城県,全体,53.4
従業者10人以上,2010,茨城県,旅館,36.2
従業者10人以上,2010,長崎県,シティホテル,72.5
従業者10人以上,2010,長崎県,ビジネスホテル,70.7
従業者10人以上,2010,長崎県,リゾートホテル,53.5
従業者10人以上,2010,長崎県,会社・団体の宿泊所,32.7
従業者10人以上,2010,長崎県,全体,62.2
従業者10人以上,2010,長崎県,旅館,51.4
従業者10人以上,2010,長野県,シティホテル,71.7
従業者10人以上,2010,長野県,ビジネスホテル,61.4
従業者10人以上,2010,長野県,リゾートホテル,36.3
従業者10人以上,2010,長野県,会社・団体の宿泊所,29.0
従業者10人以上,2010,長野県,全体,46.3
従業者10人以上,2010,長野県,旅館,39.4
従業者10人以上,2010,青森県,シティホテル,51.0
従業者10人以上,2010,青森県,ビジネスホテル,60.0
従業者10人以上,2010,青森県,リゾートホテル,51.7
従業者10人以上,2010,青森県,会社・団体の宿泊所,18.6
従業者10人以上,2010,青森県,全体,57.1
従業者10人以上,2010,青森県,旅館,54.2
従業者10人以上,2010,静岡県,シティホテル,67.5
従業者10人以上,2010,静岡県,ビジネスホテル,61.2
従業者10人以上,2010,静岡県,リゾートホテル,47.3
従業者10人以上,2010,静岡県,会社・団体の宿泊所,34.8
従業者10人以上,2010,静岡県,全体,55.3
従業者10人以上,2010,静岡県,旅館,53.1
従業者10人以上,2010,香川県,シティホテル,67.2
従業者10人以上,2010,香川県,ビジネスホテル,70.1
従業者10人以上,2010,香川県,リゾートホテル,64.0
従業者10人以上,2010,香川県,会社・団体の宿泊所,30.0
従業者10人以上,2010,香川県,全体,62.6
従業者10人以上,2010,香川県,旅館,49.2
従業者10人以上,2010,高知県,シティホテル,68.8
従業者10人以上,2010,高知県,ビジネスホテル,62.7
従業者10人以上,2010,高知県,リゾートホテル,46.6
従業者10人以上,2010,高知県,全体,60.2
従業者10人以上,2010,高知県,旅館,54.4
従業者10人以上,2010,鳥取県,シティホテル,73.0
従業者10人以上,2010,鳥取県,ビジネスホテル,61.8
従業者10人以上,2010,鳥取県,リゾートホテル,21.6
従業者10人以上,2010,鳥取県,会社・団体の宿泊所,8.9
従業者10人以上,2010,鳥取県,全体,59.9
従業者10人以上,2010,鳥取県,旅館,58.5
従業者10人以上,2010,鹿児島県,シティホテル,63.3
従業者10人以上,2010,鹿児島県,ビジネスホテル,54.9
従業者10人以上,2010,鹿児島県,リゾートホテル,40.6
従業者10人以上,2010,鹿児島県,会社・団体の宿泊所,63.3
従業者10人以上,2010,鹿児島県,全体,52.5
従業者10人以上,2010,鹿児島県,旅館,47.1
従業者10人以上,2011,三重県,シティホテル,54.5
従業者10人以上,2011,三重県,ビジネスホテル,60.1
従業者10人以上,2011,三重県,リゾートホテル,44.7
従業者10人以上,2011,三重県,会社・団体の宿泊所,39.5
従業者10人以上,2011,三重県,全体,52.9
従業者10人以上,2011,三重県,旅館,48.4
従業者10人以上,2011,京都府,シティホテル,78.6
従業者10人以上,2011,京都府,ビジネスホテル,74.0
従業者10人以上,2011,京都府,リゾートホテル,56.6
従業者10人以上,2011,京都府,会社・団体の宿泊所,53.7
従業者10人以上,2011,京都府,全体,69.7
従業者10人以上,2011,京都府,旅館,52.7
従業者10人以上,2011,佐賀県,シティホテル,43.3
従業者10人以上,2011,佐賀県,ビジネスホテル,60.0
従業者10人以上,2011,佐賀県,リゾートホテル,38.0
従業者10人以上,2011,佐賀県,会社・団体の宿泊所,33.3
従業者10人以上,2011,佐賀県,全体,52.3
従業者10人以上,2011,佐賀県,旅館,45.9
従業者10人以上,2011,全国,シティホテル,67.4
従業者10人以上,2011,全国,ビジネスホテル,65.8
従業者10人以上,2011,全国,リゾートホテル,49.9
従業者10人以上,2011,全国,会社・団体の宿泊所,43.3
従業者10人以上,2011,全国,全体,60.2
従業者10人以上,2011,全国,旅館,47.6
従業者10人以上,2011,兵庫県,シティホテル,70.1
従業者10人以上,2011,兵庫県,ビジネスホテル,66.8
従業者10人以上,2011,兵庫県,リゾートホテル,55.1
従業者10人以上,2011,兵庫県,会社・団体の宿泊所,37.7
従業者10人以上,2011,兵庫県,全体,60.4
従業者10人以上,2011,兵庫県,旅館,52.0
従業者10人以上,2011,北海道,シティホテル,64.1
従業者10人以上,2011,北海道,ビジネスホテル,64.6
従業者10人以上,2011,北海道,リゾートホテル,44.7
従業者10人以上,2011,北海道,会社・団体の宿泊所,42.6
従業者10人以上,2011,北海道,全体,58.3
従業者10人以上,2011,北海道,旅館,51.3
従業者10人以上,2011,千葉県,シティホテル,60.8
従業者10人以上,2011,千葉県,ビジネスホテル,62.4
従業者10人以上,2011,千葉県,リゾートホテル,61.1
従業者10人以上,2011,千葉県,会社・団体の宿泊所,39.9
従業者10人以上,2011,千葉県,全体,59.7
従業者10人以上,2011,千葉県,旅館,41.4
従業者10人以上,2011,和歌山県,シティホテル,62.2
従業者10人以上,2011,和歌山県,ビジネスホテル,58.4
従業者10人以上,2011,和歌山県,リゾートホテル,45.4
従業者10人以上,2011,和歌山県,会社・団体の宿泊所,56.5
従業者10人以上,2011,和歌山県,全体,48.4
従業者10人以上,2011,和歌山県,旅館,43.6
従業者10人以上,2011,埼玉県,シティホテル,64.4
従業者10人以上,2011,埼玉県,ビジネスホテル,65.4
従業者10人以上,2011,埼玉県,リゾートホテル,29.1
従業者10人以上,2011,埼玉県,会社・団体の宿泊所,34.9
従業者10人以上,2011,埼玉県,全体,61.8
従業者10人以上,2011,埼玉県,旅館,44.6
従業者10人以上,2011,大分県,シティホテル,57.5
従業者10人以上,2011,大分県,ビジネスホテル,60.0
従業者10人以上,2011,大分県,リゾートホテル,58.4
従業者10人以上,2011,大分県,会社・団体の宿泊所,41.8
従業者10人以上,2011,大分県,全体,56.1
従業者10人以上,2011,大分県,旅館,48.3
従業者10人以上,2011,大阪府,シティホテル,77.4
従業者10人以上,2011,大阪府,ビジネスホテル,70.8
従業者10人以上,2011,大阪府,リゾートホテル,70.9
従業者10人以上,2011,大阪府,会社・団体の宿泊所,40.5
従業者10人以上,2011,大阪府,全体,72.0
従業者10人以上,2011,大阪府,旅館,52.4
従業者10人以上,2011,奈良県,シティホテル,64.4
従業者10人以上,2011,奈良県,ビジネスホテル,56.1
従業者10人以上,2011,奈良県,リゾートホテル,47.5
従業者10人以上,2011,奈良県,会社・団体の宿泊所,44.3
従業者10人以上,2011,奈良県,全体,47.9
従業者10人以上,2011,奈良県,旅館,35.8
従業者10人以上,2011,宮城県,シティホテル,67.6
従業者10人以上,2011,宮城県,ビジネスホテル,81.4
従業者10人以上,2011,宮城県,リゾートホテル,46.6
従業者10人以上,2011,宮城県,会社・団体の宿泊所,48.2
従業者10人以上,2011,宮城県,全体,70.5
従業者10人以上,2011,宮城県,旅館,56.2
従業者10人以上,2011,宮崎県,シティホテル,68.9
従業者10人以上,2011,宮崎県,ビジネスホテル,60.6
従業者10人以上,2011,宮崎県,リゾートホテル,39.5
従業者10人以上,2011,宮崎県,全体,57.1
従業者10人以上,2011,宮崎県,旅館,38.7
従業者10人以上,2011,富山県,シティホテル,58.7
従業者10人以上,2011,富山県,ビジネスホテル,57.0
従業者10人以上,2011,富山県,リゾートホテル,45.4
従業者10人以上,2011,富山県,会社・団体の宿泊所,48.3
従業者10人以上,2011,富山県,全体,51.0
従業者10人以上,2011,富山県,旅館,39.3
従業者10人以上,2011,山口県,シティホテル,59.4
従業者10人以上,2011,山口県,ビジネスホテル,59.2
従業者10人以上,2011,山口県,リゾートホテル,53.3
従業者10人以上,2011,山口県,会社・団体の宿泊所,14.7
従業者10人以上,2011,山口県,全体,55.8
従業者10人以上,2011,山口県,旅館,48.9
従業者10人以上,2011,山形県,シティホテル,55.0
従業者10人以上,2011,山形県,ビジネスホテル,62.4
従業者10人以上,2011,山形県,リゾートホテル,31.6
従業者10人以上,2011,山形県,会社・団体の宿泊所,40.8
従業者10人以上,2011,山形県,全体,52.0
従業者10人以上,2011,山形県,旅館,43.5
従業者10人以上,2011,山梨県,シティホテル,54.5
従業者10人以上,2011,山梨県,ビジネスホテル,65.1
従業者10人以上,2011,山梨県,リゾートホテル,51.7
従業者10人以上,2011,山梨県,会社・団体の宿泊所,42.5
従業者10人以上,2011,山梨県,全体,53.8
従業者10人以上,2011,山梨県,旅館,47.9
従業者10人以上,2011,岐阜県,シティホテル,44.2
従業者10人以上,2011,岐阜県,ビジネスホテル,59.0
従業者10人以上,2011,岐阜県,リゾートホテル,48.4
従業者10人以上,2011,岐阜県,会社・団体の宿泊所,51.8
従業者10人以上,2011,岐阜県,全体,53.6
従業者10人以上,2011,岐阜県,旅館,51.2
従業者10人以上,2011,岡山県,シティホテル,56.3
従業者10人以上,2011,岡山県,ビジネスホテル,64.2
従業者10人以上,2011,岡山県,リゾートホテル,50.6
従業者10人以上,2011,岡山県,会社・団体の宿泊所,17.2
従業者10人以上,2011,岡山県,全体,58.2
従業者10人以上,2011,岡山県,旅館,43.3
従業者10人以上,2011,岩手県,シティホテル,65.4
従業者10人以上,2011,岩手県,ビジネスホテル,71.2
従業者10人以上,2011,岩手県,リゾートホテル,41.1
従業者10人以上,2011,岩手県,会社・団体の宿泊所,58.8
従業者10人以上,2011,岩手県,全体,58.4
従業者10人以上,2011,岩手県,旅館,52.2
従業者10人以上,2011,島根県,シティホテル,52.3
従業者10人以上,2011,島根県,ビジネスホテル,76.2
従業者10人以上,2011,島根県,リゾートホテル,40.0
従業者10人以上,2011,島根県,会社・団体の宿泊所,59.3
従業者10人以上,2011,島根県,全体,64.8
従業者10人以上,2011,島根県,旅館,51.1
従業者10人以上,2011,広島県,シティホテル,73.2
従業者10人以上,2011,広島県,ビジネスホテル,69.2
従業者10人以上,2011,広島県,リゾートホテル,49.4
従業者10人以上,2011,広島県,会社・団体の宿泊所,28.5
従業者10人以上,2011,広島県,全体,63.8
従業者10人以上,2011,広島県,旅館,48.5
従業者10人以上,2011,徳島県,シティホテル,56.5
従業者10人以上,2011,徳島県,ビジネスホテル,68.6
従業者10人以上,2011,徳島県,リゾートホテル,40.0
従業者10人以上,2011,徳島県,会社・団体の宿泊所,22.2
従業者10人以上,2011,徳島県,全体,57.7
従業者10人以上,2011,徳島県,旅館,38.6
従業者10人以上,2011,愛媛県,シティホテル,57.4
従業者10人以上,2011,愛媛県,ビジネスホテル,63.6
従業者10人以上,2011,愛媛県,リゾートホテル,46.8
従業者10人以上,2011,愛媛県,会社・団体の宿泊所,61.7
従業者10人以上,2011,愛媛県,全体,59.1
従業者10人以上,2011,愛媛県,旅館,52.2
従業者10人以上,2011,愛知県,シティホテル,70.0
従業者10人以上,2011,愛知県,ビジネスホテル,61.6
従業者10人以上,2011,愛知県,リゾートホテル,49.7
従業者10人以上,2011,愛知県,会社・団体の宿泊所,53.4
従業者10人以上,2011,愛知県,全体,60.7
従業者10人以上,2011,愛知県,旅館,45.3
従業者10人以上,2011,新潟県,シティホテル,57.0
従業者10人以上,2011,新潟県,ビジネスホテル,62.8
従業者10人以上,2011,新潟県,リゾートホテル,30.2
従業者10人以上,2011,新潟県,会社・団体の宿泊所,47.9
従業者10人以上,2011,新潟県,全体,51.8
従業者10人以上,2011,新潟県,旅館,45.2
従業者10人以上,2011,東京都,シティホテル,69.7
従業者10人以上,2011,東京都,ビジネスホテル,72.3
従業者10人以上,2011,東京都,リゾートホテル,57.7
従業者10人以上,2011,東京都,会社・団体の宿泊所,55.0
従業者10人以上,2011,東京都,全体,70.6
従業者10人以上,2011,東京都,旅館,45.9
従業者10人以上,2011,栃木県,シティホテル,55.8
従業者10人以上,2011,栃木県,ビジネスホテル,65.2
従業者10人以上,2011,栃木県,リゾートホテル,42.4
従業者10人以上,2011,栃木県,会社・団体の宿泊所,38.1
従業者10人以上,2011,栃木県,全体,52.2
従業者10人以上,2011,栃木県,旅館,44.2
従業者10人以上,2011,沖縄県,シティホテル,61.5
従業者10人以上,2011,沖縄県,ビジネスホテル,61.4
従業者10人以上,2011,沖縄県,リゾートホテル,60.1
従業者10人以上,2011,沖縄県,会社・団体の宿泊所,15.2
従業者10人以上,2011,沖縄県,全体,60.3
従業者10人以上,2011,沖縄県,旅館,28.3
従業者10人以上,2011,滋賀県,シティホテル,59.0
従業者10人以上,2011,滋賀県,ビジネスホテル,57.9
従業者10人以上,2011,滋賀県,リゾートホテル,57.6
従業者10人以上,2011,滋賀県,会社・団体の宿泊所,35.5
従業者10人以上,2011,滋賀県,全体,56.1
従業者10人以上,2011,滋賀県,旅館,52.7
従業者10人以上,2011,熊本県,シティホテル,66.9
従業者10人以上,2011,熊本県,ビジネスホテル,60.3
従業者10人以上,2011,熊本県,リゾートホテル,46.9
従業者10人以上,2011,熊本県,会社・団体の宿泊所,37.9
従業者10人以上,2011,熊本県,全体,57.0
従業者10人以上,2011,熊本県,旅館,50.6
従業者10人以上,2011,石川県,シティホテル,60.4
従業者10人以上,2011,石川県,ビジネスホテル,63.3
従業者10人以上,2011,石川県,リゾートホテル,48.7
従業者10人以上,2011,石川県,会社・団体の宿泊所,47.1
従業者10人以上,2011,石川県,全体,58.3
従業者10人以上,2011,石川県,旅館,50.6
従業者10人以上,2011,神奈川県,シティホテル,71.3
従業者10人以上,2011,神奈川県,ビジネスホテル,70.3
従業者10人以上,2011,神奈川県,リゾートホテル,60.9
従業者10人以上,2011,神奈川県,会社・団体の宿泊所,56.4
従業者10人以上,2011,神奈川県,全体,67.2
従業者10人以上,2011,神奈川県,旅館,55.1
従業者10人以上,2011,福井県,シティホテル,47.8
従業者10人以上,2011,福井県,ビジネスホテル,66.0
従業者10人以上,2011,福井県,リゾートホテル,41.2
従業者10人以上,2011,福井県,会社・団体の宿泊所,39.1
従業者10人以上,2011,福井県,全体,54.0
従業者10人以上,2011,福井県,旅館,44.2
従業者10人以上,2011,福岡県,シティホテル,70.6
従業者10人以上,2011,福岡県,ビジネスホテル,66.3
従業者10人以上,2011,福岡県,リゾートホテル,55.1
従業者10人以上,2011,福岡県,会社・団体の宿泊所,45.4
従業者10人以上,2011,福岡県,全体,63.9
従業者10人以上,2011,福岡県,旅館,34.6
従業者10人以上,2011,福島県,シティホテル,70.4
従業者10人以上,2011,福島県,ビジネスホテル,74.2
従業者10人以上,2011,福島県,リゾートホテル,40.9
従業者10人以上,2011,福島県,会社・団体の宿泊所,33.2
従業者10人以上,2011,福島県,全体,61.1
従業者10人以上,2011,福島県,旅館,50.8
従業者10人以上,2011,秋田県,シティホテル,56.0
従業者10人以上,2011,秋田県,ビジネスホテル,57.1
従業者10人以上,2011,秋田県,リゾートホテル,41.6
従業者10人以上,2011,秋田県,会社・団体の宿泊所,30.1
従業者10人以上,2011,秋田県,全体,50.5
従業者10人以上,2011,秋田県,旅館,41.8
従業者10人以上,2011,群馬県,シティホテル,51.7
従業者10人以上,2011,群馬県,ビジネスホテル,57.1
従業者10人以上,2011,群馬県,リゾートホテル,46.3
従業者10人以上,2011,群馬県,会社・団体の宿泊所,41.9
従業者10人以上,2011,群馬県,全体,52.7
従業者10人以上,2011,群馬県,旅館,53.2
従業者10人以上,2011,茨城県,シティホテル,57.0
従業者10人以上,2011,茨城県,ビジネスホテル,59.7
従業者10人以上,2011,茨城県,リゾートホテル,58.7
従業者10人以上,2011,茨城県,会社・団体の宿泊所,42.1
従業者10人以上,2011,茨城県,全体,54.8
従業者10人以上,2011,茨城県,旅館,34.8
従業者10人以上,2011,長崎県,シティホテル,62.2
従業者10人以上,2011,長崎県,ビジネスホテル,65.5
従業者10人以上,2011,長崎県,リゾートホテル,49.0
従業者10人以上,2011,長崎県,会社・団体の宿泊所,42.1
従業者10人以上,2011,長崎県,全体,57.1
従業者10人以上,2011,長崎県,旅館,43.7
従業者10人以上,2011,長野県,シティホテル,66.4
従業者10人以上,2011,長野県,ビジネスホテル,60.3
従業者10人以上,2011,長野県,リゾートホテル,41.4
従業者10人以上,2011,長野県,会社・団体の宿泊所,29.0
従業者10人以上,2011,長野県,全体,48.4
従業者10人以上,2011,長野県,旅館,41.9
従業者10人以上,2011,青森県,シティホテル,47.3
従業者10人以上,2011,青森県,ビジネスホテル,59.2
従業者10人以上,2011,青森県,リゾートホテル,46.7
従業者10人以上,2011,青森県,会社・団体の宿泊所,4.6
従業者10人以上,2011,青森県,全体,53.8
従業者10人以上,2011,青森県,旅館,44.8
従業者10人以上,2011,静岡県,シティホテル,59.2
従業者10人以上,2011,静岡県,ビジネスホテル,58.8
従業者10人以上,2011,静岡県,リゾートホテル,47.2
従業者10人以上,2011,静岡県,会社・団体の宿泊所,38.9
従業者10人以上,2011,静岡県,全体,52.5
従業者10人以上,2011,静岡県,旅館,48.6
従業者10人以上,2011,香川県,シティホテル,57.2
従業者10人以上,2011,香川県,ビジネスホテル,62.1
従業者10人以上,2011,香川県,リゾートホテル,59.0
従業者10人以上,2011,香川県,会社・団体の宿泊所,31.4
従業者10人以上,2011,香川県,全体,56.4
従業者10人以上,2011,香川県,旅館,47.7
従業者10人以上,2011,高知県,シティホテル,60.6
従業者10人以上,2011,高知県,ビジネスホテル,59.3
従業者10人以上,2011,高知県,リゾートホテル,42.7
従業者10人以上,2011,高知県,全体,54.8
従業者10人以上,2011,高知県,旅館,44.2
従業者10人以上,2011,鳥取県,シティホテル,64.9
従業者10人以上,2011,鳥取県,ビジネスホテル,59.3
従業者10人以上,2011,鳥取県,リゾートホテル,51.1
従業者10人以上,2011,鳥取県,全体,55.3
従業者10人以上,2011,鳥取県,旅館,50.6
従業者10人以上,2011,鹿児島県,シティホテル,65.1
従業者10人以上,2011,鹿児島県,ビジネスホテル,62.0
従業者10人以上,2011,鹿児島県,リゾートホテル,40.9
従業者10人以上,2011,鹿児島県,会社・団体の宿泊所,45.6
従業者10人以上,2011,鹿児島県,全体,57.8
従業者10人以上,2011,鹿児島県,旅館,52.4
従業者10人以上,2012,三重県,シティホテル,59.9
従業者10人以上,2012,三重県,ビジネスホテル,60.7
従業者10人以上,2012,三重県,リゾートホテル,43.1
従業者10人以上,2012,三重県,会社・団体の宿泊所,42.5
従業者10人以上,2012,三重県,全体,54.2
従業者10人以上,2012,三重県,旅館,51.0
従業者10人以上,2012,京都府,シティホテル,81.7
従業者10人以上,2012,京都府,ビジネスホテル,76.8
従業者10人以上,2012,京都府,リゾートホテル,60.4
従業者10人以上,2012,京都府,会社・団体の宿泊所,55.2
従業者10人以上,2012,京都府,全体,72.7
従業者10人以上,2012,京都府,旅館,53.4
従業者10人以上,2012,佐賀県,シティホテル,42.0
従業者10人以上,2012,佐賀県,ビジネスホテル,61.8
従業者10人以上,2012,佐賀県,リゾートホテル,44.0
従業者10人以上,2012,佐賀県,会社・団体の宿泊所,12.4
従業者10人以上,2012,佐賀県,全体,53.7
従業者10人以上,2012,佐賀県,旅館,45.5
従業者10人以上,2012,全国,シティホテル,73.1
従業者10人以上,2012,全国,ビジネスホテル,70.4
従業者10人以上,2012,全国,リゾートホテル,50.7
従業者10人以上,2012,全国,会社・団体の宿泊所,43.0
従業者10人以上,2012,全国,全体,63.7
従業者10人以上,2012,全国,旅館,49.1
従業者10人以上,2012,兵庫県,シティホテル,73.4
従業者10人以上,2012,兵庫県,ビジネスホテル,69.9
従業者10人以上,2012,兵庫県,リゾートホテル,57.2
従業者10人以上,2012,兵庫県,会社・団体の宿泊所,32.5
従業者10人以上,2012,兵庫県,全体,62.4
従業者10人以上,2012,兵庫県,旅館,52.2
従業者10人以上,2012,北海道,シティホテル,69.0
従業者10人以上,2012,北海道,ビジネスホテル,69.0
従業者10人以上,2012,北海道,リゾートホテル,45.0
従業者10人以上,2012,北海道,会社・団体の宿泊所,52.6
従業者10人以上,2012,北海道,全体,61.3
従業者10人以上,2012,北海道,旅館,50.7
従業者10人以上,2012,千葉県,シティホテル,70.7
従業者10人以上,2012,千葉県,ビジネスホテル,73.1
従業者10人以上,2012,千葉県,リゾートホテル,74.5
従業者10人以上,2012,千葉県,会社・団体の宿泊所,40.4
従業者10人以上,2012,千葉県,全体,70.3
従業者10人以上,2012,千葉県,旅館,48.8
従業者10人以上,2012,和歌山県,シティホテル,62.2
従業者10人以上,2012,和歌山県,ビジネスホテル,61.9
従業者10人以上,2012,和歌山県,リゾートホテル,50.5
従業者10人以上,2012,和歌山県,会社・団体の宿泊所,51.0
従業者10人以上,2012,和歌山県,全体,51.4
従業者10人以上,2012,和歌山県,旅館,47.0
従業者10人以上,2012,埼玉県,シティホテル,72.3
従業者10人以上,2012,埼玉県,ビジネスホテル,72.1
従業者10人以上,2012,埼玉県,リゾートホテル,31.8
従業者10人以上,2012,埼玉県,会社・団体の宿泊所,32.7
従業者10人以上,2012,埼玉県,全体,67.1
従業者10人以上,2012,埼玉県,旅館,45.3
従業者10人以上,2012,大分県,シティホテル,65.4
従業者10人以上,2012,大分県,ビジネスホテル,61.1
従業者10人以上,2012,大分県,リゾートホテル,58.1
従業者10人以上,2012,大分県,会社・団体の宿泊所,33.9
従業者10人以上,2012,大分県,全体,56.9
従業者10人以上,2012,大分県,旅館,47.8
従業者10人以上,2012,大阪府,シティホテル,81.1
従業者10人以上,2012,大阪府,ビジネスホテル,74.0
従業者10人以上,2012,大阪府,リゾートホテル,73.8
従業者10人以上,2012,大阪府,会社・団体の宿泊所,38.7
従業者10人以上,2012,大阪府,全体,75.5
従業者10人以上,2012,大阪府,旅館,51.4
従業者10人以上,2012,奈良県,シティホテル,71.9
従業者10人以上,2012,奈良県,ビジネスホテル,65.6
従業者10人以上,2012,奈良県,リゾートホテル,49.6
従業者10人以上,2012,奈良県,会社・団体の宿泊所,40.2
従業者10人以上,2012,奈良県,全体,53.8
従業者10人以上,2012,奈良県,旅館,36.3
従業者10人以上,2012,宮城県,シティホテル,73.3
従業者10人以上,2012,宮城県,ビジネスホテル,82.8
従業者10人以上,2012,宮城県,リゾートホテル,51.2
従業者10人以上,2012,宮城県,会社・団体の宿泊所,40.5
従業者10人以上,2012,宮城県,全体,71.4
従業者10人以上,2012,宮城県,旅館,56.5
従業者10人以上,2012,宮崎県,シティホテル,69.5
従業者10人以上,2012,宮崎県,ビジネスホテル,60.5
従業者10人以上,2012,宮崎県,リゾートホテル,40.6
従業者10人以上,2012,宮崎県,会社・団体の宿泊所,0.0
従業者10人以上,2012,宮崎県,全体,54.9
従業者10人以上,2012,宮崎県,旅館,42.0
従業者10人以上,2012,富山県,シティホテル,68.0
従業者10人以上,2012,富山県,ビジネスホテル,60.1
従業者10人以上,2012,富山県,リゾートホテル,52.0
従業者10人以上,2012,富山県,会社・団体の宿泊所,45.8
従業者10人以上,2012,富山県,全体,54.5
従業者10人以上,2012,富山県,旅館,41.2
従業者10人以上,2012,山口県,シティホテル,59.0
従業者10人以上,2012,山口県,ビジネスホテル,66.0
従業者10人以上,2012,山口県,リゾートホテル,53.3
従業者10人以上,2012,山口県,会社・団体の宿泊所,16.9
従業者10人以上,2012,山口県,全体,60.2
従業者10人以上,2012,山口県,旅館,49.6
従業者10人以上,2012,山形県,シティホテル,57.5
従業者10人以上,2012,山形県,ビジネスホテル,66.5
従業者10人以上,2012,山形県,リゾートホテル,35.7
従業者10人以上,2012,山形県,会社・団体の宿泊所,37.7
従業者10人以上,2012,山形県,全体,55.7
従業者10人以上,2012,山形県,旅館,46.5
従業者10人以上,2012,山梨県,シティホテル,60.0
従業者10人以上,2012,山梨県,ビジネスホテル,66.4
従業者10人以上,2012,山梨県,リゾートホテル,54.4
従業者10人以上,2012,山梨県,会社・団体の宿泊所,54.1
従業者10人以上,2012,山梨県,全体,56.4
従業者10人以上,2012,山梨県,旅館,50.0
従業者10人以上,2012,岐阜県,シティホテル,59.2
従業者10人以上,2012,岐阜県,ビジネスホテル,64.4
従業者10人以上,2012,岐阜県,リゾートホテル,50.0
従業者10人以上,2012,岐阜県,会社・団体の宿泊所,51.7
従業者10人以上,2012,岐阜県,全体,56.8
従業者10人以上,2012,岐阜県,旅館,51.6
従業者10人以上,2012,岡山県,シティホテル,57.7
従業者10人以上,2012,岡山県,ビジネスホテル,68.2
従業者10人以上,2012,岡山県,リゾートホテル,44.1
従業者10人以上,2012,岡山県,会社・団体の宿泊所,17.4
従業者10人以上,2012,岡山県,全体,60.5
従業者10人以上,2012,岡山県,旅館,47.9
従業者10人以上,2012,岩手県,シティホテル,68.9
従業者10人以上,2012,岩手県,ビジネスホテル,73.4
従業者10人以上,2012,岩手県,リゾートホテル,43.3
従業者10人以上,2012,岩手県,会社・団体の宿泊所,60.9
従業者10人以上,2012,岩手県,全体,60.8
従業者10人以上,2012,岩手県,旅館,57.1
従業者10人以上,2012,島根県,シティホテル,50.8
従業者10人以上,2012,島根県,ビジネスホテル,78.3
従業者10人以上,2012,島根県,リゾートホテル,31.7
従業者10人以上,2012,島根県,会社・団体の宿泊所,58.4
従業者10人以上,2012,島根県,全体,63.4
従業者10人以上,2012,島根県,旅館,44.8
従業者10人以上,2012,広島県,シティホテル,76.9
従業者10人以上,2012,広島県,ビジネスホテル,70.4
従業者10人以上,2012,広島県,リゾートホテル,57.8
従業者10人以上,2012,広島県,会社・団体の宿泊所,32.0
従業者10人以上,2012,広島県,全体,66.2
従業者10人以上,2012,広島県,旅館,46.6
従業者10人以上,2012,徳島県,シティホテル,56.0
従業者10人以上,2012,徳島県,ビジネスホテル,70.6
従業者10人以上,2012,徳島県,リゾートホテル,52.2
従業者10人以上,2012,徳島県,会社・団体の宿泊所,28.3
従業者10人以上,2012,徳島県,全体,57.7
従業者10人以上,2012,徳島県,旅館,39.2
従業者10人以上,2012,愛媛県,シティホテル,60.5
従業者10人以上,2012,愛媛県,ビジネスホテル,66.4
従業者10人以上,2012,愛媛県,リゾートホテル,46.3
従業者10人以上,2012,愛媛県,会社・団体の宿泊所,53.9
従業者10人以上,2012,愛媛県,全体,62.8
従業者10人以上,2012,愛媛県,旅館,61.0
従業者10人以上,2012,愛知県,シティホテル,74.5
従業者10人以上,2012,愛知県,ビジネスホテル,68.0
従業者10人以上,2012,愛知県,リゾートホテル,47.9
従業者10人以上,2012,愛知県,会社・団体の宿泊所,47.0
従業者10人以上,2012,愛知県,全体,65.5
従業者10人以上,2012,愛知県,旅館,43.8
従業者10人以上,2012,新潟県,シティホテル,59.7
従業者10人以上,2012,新潟県,ビジネスホテル,64.6
従業者10人以上,2012,新潟県,リゾートホテル,31.2
従業者10人以上,2012,新潟県,会社・団体の宿泊所,52.8
従業者10人以上,2012,新潟県,全体,53.6
従業者10人以上,2012,新潟県,旅館,46.2
従業者10人以上,2012,東京都,シティホテル,79.9
従業者10人以上,2012,東京都,ビジネスホテル,81.1
従業者10人以上,2012,東京都,リゾートホテル,73.0
従業者10人以上,2012,東京都,会社・団体の宿泊所,62.0
従業者10人以上,2012,東京都,全体,79.2
従業者10人以上,2012,東京都,旅館,60.6
従業者10人以上,2012,栃木県,シティホテル,60.8
従業者10人以上,2012,栃木県,ビジネスホテル,68.2
従業者10人以上,2012,栃木県,リゾートホテル,51.9
従業者10人以上,2012,栃木県,会社・団体の宿泊所,39.6
従業者10人以上,2012,栃木県,全体,57.1
従業者10人以上,2012,栃木県,旅館,48.4
従業者10人以上,2012,沖縄県,シティホテル,62.4
従業者10人以上,2012,沖縄県,ビジネスホテル,65.3
従業者10人以上,2012,沖縄県,リゾートホテル,63.3
従業者10人以上,2012,沖縄県,会社・団体の宿泊所,25.9
従業者10人以上,2012,沖縄県,全体,63.3
従業者10人以上,2012,沖縄県,旅館,35.7
従業者10人以上,2012,滋賀県,シティホテル,62.0
従業者10人以上,2012,滋賀県,ビジネスホテル,58.1
従業者10人以上,2012,滋賀県,リゾートホテル,53.0
従業者10人以上,2012,滋賀県,会社・団体の宿泊所,32.2
従業者10人以上,2012,滋賀県,全体,54.7
従業者10人以上,2012,滋賀県,旅館,46.7
従業者10人以上,2012,熊本県,シティホテル,67.2
従業者10人以上,2012,熊本県,ビジネスホテル,62.5
従業者10人以上,2012,熊本県,リゾートホテル,53.2
従業者10人以上,2012,熊本県,会社・団体の宿泊所,36.2
従業者10人以上,2012,熊本県,全体,57.2
従業者10人以上,2012,熊本県,旅館,45.0
従業者10人以上,2012,石川県,シティホテル,69.8
従業者10人以上,2012,石川県,ビジネスホテル,67.4
従業者10人以上,2012,石川県,リゾートホテル,50.9
従業者10人以上,2012,石川県,会社・団体の宿泊所,47.8
従業者10人以上,2012,石川県,全体,62.4
従業者10人以上,2012,石川県,旅館,53.3
従業者10人以上,2012,神奈川県,シティホテル,78.9
従業者10人以上,2012,神奈川県,ビジネスホテル,78.2
従業者10人以上,2012,神奈川県,リゾートホテル,65.5
従業者10人以上,2012,神奈川県,会社・団体の宿泊所,57.2
従業者10人以上,2012,神奈川県,全体,73.7
従業者10人以上,2012,神奈川県,旅館,59.9
従業者10人以上,2012,福井県,シティホテル,55.3
従業者10人以上,2012,福井県,ビジネスホテル,68.6
従業者10人以上,2012,福井県,リゾートホテル,49.2
従業者10人以上,2012,福井県,会社・団体の宿泊所,41.5
従業者10人以上,2012,福井県,全体,55.6
従業者10人以上,2012,福井県,旅館,41.4
従業者10人以上,2012,福岡県,シティホテル,72.4
従業者10人以上,2012,福岡県,ビジネスホテル,70.2
従業者10人以上,2012,福岡県,リゾートホテル,16.3
従業者10人以上,2012,福岡県,会社・団体の宿泊所,38.8
従業者10人以上,2012,福岡県,全体,57.5
従業者10人以上,2012,福岡県,旅館,38.9
従業者10人以上,2012,福島県,シティホテル,76.9
従業者10人以上,2012,福島県,ビジネスホテル,79.7
従業者10人以上,2012,福島県,リゾートホテル,37.6
従業者10人以上,2012,福島県,会社・団体の宿泊所,24.8
従業者10人以上,2012,福島県,全体,61.4
従業者10人以上,2012,福島県,旅館,48.5
従業者10人以上,2012,秋田県,シティホテル,63.4
従業者10人以上,2012,秋田県,ビジネスホテル,61.2
従業者10人以上,2012,秋田県,リゾートホテル,42.5
従業者10人以上,2012,秋田県,会社・団体の宿泊所,45.7
従業者10人以上,2012,秋田県,全体,53.9
従業者10人以上,2012,秋田県,旅館,43.1
従業者10人以上,2012,群馬県,シティホテル,53.8
従業者10人以上,2012,群馬県,ビジネスホテル,63.8
従業者10人以上,2012,群馬県,リゾートホテル,47.3
従業者10人以上,2012,群馬県,会社・団体の宿泊所,34.3
従業者10人以上,2012,群馬県,全体,56.3
従業者10人以上,2012,群馬県,旅館,54.6
従業者10人以上,2012,茨城県,シティホテル,59.8
従業者10人以上,2012,茨城県,ビジネスホテル,67.1
従業者10人以上,2012,茨城県,リゾートホテル,61.2
従業者10人以上,2012,茨城県,会社・団体の宿泊所,55.6
従業者10人以上,2012,茨城県,全体,61.3
従業者10人以上,2012,茨城県,旅館,37.4
従業者10人以上,2012,長崎県,シティホテル,62.4
従業者10人以上,2012,長崎県,ビジネスホテル,68.9
従業者10人以上,2012,長崎県,リゾートホテル,48.2
従業者10人以上,2012,長崎県,会社・団体の宿泊所,42.1
従業者10人以上,2012,長崎県,全体,58.9
従業者10人以上,2012,長崎県,旅館,44.5
従業者10人以上,2012,長野県,シティホテル,71.4
従業者10人以上,2012,長野県,ビジネスホテル,63.4
従業者10人以上,2012,長野県,リゾートホテル,41.7
従業者10人以上,2012,長野県,会社・団体の宿泊所,27.8
従業者10人以上,2012,長野県,全体,49.9
従業者10人以上,2012,長野県,旅館,43.0
従業者10人以上,2012,青森県,シティホテル,44.2
従業者10人以上,2012,青森県,ビジネスホテル,60.7
従業者10人以上,2012,青森県,リゾートホテル,44.5
従業者10人以上,2012,青森県,会社・団体の宿泊所,11.9
従業者10人以上,2012,青森県,全体,55.0
従業者10人以上,2012,青森県,旅館,48.2
従業者10人以上,2012,静岡県,シティホテル,63.4
従業者10人以上,2012,静岡県,ビジネスホテル,64.9
従業者10人以上,2012,静岡県,リゾートホテル,50.8
従業者10人以上,2012,静岡県,会社・団体の宿泊所,42.0
従業者10人以上,2012,静岡県,全体,57.5
従業者10人以上,2012,静岡県,旅館,53.1
従業者10人以上,2012,香川県,シティホテル,62.1
従業者10人以上,2012,香川県,ビジネスホテル,61.6
従業者10人以上,2012,香川県,リゾートホテル,51.6
従業者10人以上,2012,香川県,会社・団体の宿泊所,21.5
従業者10人以上,2012,香川県,全体,57.9
従業者10人以上,2012,香川県,旅館,51.0
従業者10人以上,2012,高知県,シティホテル,61.5
従業者10人以上,2012,高知県,ビジネスホテル,60.1
従業者10人以上,2012,高知県,リゾートホテル,43.7
従業者10人以上,2012,高知県,会社・団体の宿泊所,0.0
従業者10人以上,2012,高知県,全体,55.5
従業者10人以上,2012,高知県,旅館,45.4
従業者10人以上,2012,鳥取県,シティホテル,64.1
従業者10人以上,2012,鳥取県,ビジネスホテル,65.6
従業者10人以上,2012,鳥取県,リゾートホテル,44.6
従業者10人以上,2012,鳥取県,会社・団体の宿泊所,0.0
従業者10人以上,2012,鳥取県,全体,55.3
従業者10人以上,2012,鳥取県,旅館,46.9
従業者10人以上,2012,鹿児島県,シティホテル,62.2
従業者10人以上,2012,鹿児島県,ビジネスホテル,63.1
従業者10人以上,2012,鹿児島県,リゾートホテル,41.8
従業者10人以上,2012,鹿児島県,会社・団体の宿泊所,48.4
従業者10人以上,2012,鹿児島県,全体,58.1
従業者10人以上,2012,鹿児島県,旅館,54.6
従業者10人以上,2013,三重県,シティホテル,68.3
従業者10人以上,2013,三重県,ビジネスホテル,64.9
従業者10人以上,2013,三重県,リゾートホテル,50.3
従業者10人以上,2013,三重県,会社・団体の宿泊所,44.1
従業者10人以上,2013,三重県,全体,59.3
従業者10人以上,2013,三重県,旅館,55.0
従業者10人以上,2013,京都府,シティホテル,82.9
従業者10人以上,2013,京都府,ビジネスホテル,78.1
従業者10人以上,2013,京都府,リゾートホテル,60.7
従業者10人以上,2013,京都府,会社・団体の宿泊所,57.0
従業者10人以上,2013,京都府,全体,74.1
従業者10人以上,2013,京都府,旅館,54.1
従業者10人以上,2013,佐賀県,シティホテル,48.6
従業者10人以上,2013,佐賀県,ビジネスホテル,67.9
従業者10人以上,2013,佐賀県,リゾートホテル,47.5
従業者10人以上,2013,佐賀県,会社・団体の宿泊所,9.3
従業者10人以上,2013,佐賀県,全体,57.5
従業者10人以上,2013,佐賀県,旅館,45.7
従業者10人以上,2013,全国,シティホテル,76.2
従業者10人以上,2013,全国,ビジネスホテル,72.7
従業者10人以上,2013,全国,リゾートホテル,55.4
従業者10人以上,2013,全国,会社・団体の宿泊所,42.1
従業者10人以上,2013,全国,全体,66.3
従業者10人以上,2013,全国,旅館,50.3
従業者10人以上,2013,兵庫県,シティホテル,73.3
従業者10人以上,2013,兵庫県,ビジネスホテル,73.2
従業者10人以上,2013,兵庫県,リゾートホテル,53.5
従業者10人以上,2013,兵庫県,会社・団体の宿泊所,32.5
従業者10人以上,2013,兵庫県,全体,63.8
従業者10人以上,2013,兵庫県,旅館,53.7
従業者10人以上,2013,北海道,シティホテル,71.2
従業者10人以上,2013,北海道,ビジネスホテル,71.6
従業者10人以上,2013,北海道,リゾートホテル,47.6
従業者10人以上,2013,北海道,会社・団体の宿泊所,56.8
従業者10人以上,2013,北海道,全体,64.1
従業者10人以上,2013,北海道,旅館,54.3
従業者10人以上,2013,千葉県,シティホテル,78.1
従業者10人以上,2013,千葉県,ビジネスホテル,74.0
従業者10人以上,2013,千葉県,リゾートホテル,83.2
従業者10人以上,2013,千葉県,会社・団体の宿泊所,32.5
従業者10人以上,2013,千葉県,全体,75.3
従業者10人以上,2013,千葉県,旅館,49.0
従業者10人以上,2013,和歌山県,シティホテル,64.7
従業者10人以上,2013,和歌山県,ビジネスホテル,64.7
従業者10人以上,2013,和歌山県,リゾートホテル,47.2
従業者10人以上,2013,和歌山県,会社・団体の宿泊所,53.0
従業者10人以上,2013,和歌山県,全体,51.8
従業者10人以上,2013,和歌山県,旅館,48.5
従業者10人以上,2013,埼玉県,シティホテル,75.5
従業者10人以上,2013,埼玉県,ビジネスホテル,76.4
従業者10人以上,2013,埼玉県,リゾートホテル,33.0
従業者10人以上,2013,埼玉県,会社・団体の宿泊所,35.0
従業者10人以上,2013,埼玉県,全体,71.5
従業者10人以上,2013,埼玉県,旅館,45.8
従業者10人以上,2013,大分県,シティホテル,65.8
従業者10人以上,2013,大分県,ビジネスホテル,64.9
従業者10人以上,2013,大分県,リゾートホテル,61.9
従業者10人以上,2013,大分県,会社・団体の宿泊所,33.4
従業者10人以上,2013,大分県,全体,60.6
従業者10人以上,2013,大分県,旅館,50.5
従業者10人以上,2013,大阪府,シティホテル,83.2
従業者10人以上,2013,大阪府,ビジネスホテル,78.4
従業者10人以上,2013,大阪府,リゾートホテル,78.4
従業者10人以上,2013,大阪府,会社・団体の宿泊所,32.0
従業者10人以上,2013,大阪府,全体,79.0
従業者10人以上,2013,大阪府,旅館,54.2
従業者10人以上,2013,奈良県,シティホテル,74.9
従業者10人以上,2013,奈良県,ビジネスホテル,68.4
従業者10人以上,2013,奈良県,リゾートホテル,55.4
従業者10人以上,2013,奈良県,会社・団体の宿泊所,35.8
従業者10人以上,2013,奈良県,全体,57.6
従業者10人以上,2013,奈良県,旅館,38.4
従業者10人以上,2013,宮城県,シティホテル,69.1
従業者10人以上,2013,宮城県,ビジネスホテル,81.1
従業者10人以上,2013,宮城県,リゾートホテル,44.4
従業者10人以上,2013,宮城県,会社・団体の宿泊所,33.2
従業者10人以上,2013,宮城県,全体,68.7
従業者10人以上,2013,宮城県,旅館,58.3
従業者10人以上,2013,宮崎県,シティホテル,69.8
従業者10人以上,2013,宮崎県,ビジネスホテル,61.7
従業者10人以上,2013,宮崎県,リゾートホテル,40.3
従業者10人以上,2013,宮崎県,会社・団体の宿泊所,0.0
従業者10人以上,2013,宮崎県,全体,55.3
従業者10人以上,2013,宮崎県,旅館,45.0
従業者10人以上,2013,富山県,シティホテル,71.3
従業者10人以上,2013,富山県,ビジネスホテル,61.9
従業者10人以上,2013,富山県,リゾートホテル,46.9
従業者10人以上,2013,富山県,会社・団体の宿泊所,35.9
従業者10人以上,2013,富山県,全体,55.1
従業者10人以上,2013,富山県,旅館,41.3
従業者10人以上,2013,山口県,シティホテル,60.4
従業者10人以上,2013,山口県,ビジネスホテル,66.9
従業者10人以上,2013,山口県,リゾートホテル,49.8
従業者10人以上,2013,山口県,会社・団体の宿泊所,9.8
従業者10人以上,2013,山口県,全体,61.1
従業者10人以上,2013,山口県,旅館,49.8
従業者10人以上,2013,山形県,シティホテル,61.9
従業者10人以上,2013,山形県,ビジネスホテル,69.0
従業者10人以上,2013,山形県,リゾートホテル,36.6
従業者10人以上,2013,山形県,会社・団体の宿泊所,29.5
従業者10人以上,2013,山形県,全体,57.1
従業者10人以上,2013,山形県,旅館,45.8
従業者10人以上,2013,山梨県,シティホテル,71.6
従業者10人以上,2013,山梨県,ビジネスホテル,68.8
従業者10人以上,2013,山梨県,リゾートホテル,58.4
従業者10人以上,2013,山梨県,会社・団体の宿泊所,66.2
従業者10人以上,2013,山梨県,全体,59.0
従業者10人以上,2013,山梨県,旅館,50.3
従業者10人以上,2013,岐阜県,シティホテル,58.3
従業者10人以上,2013,岐阜県,ビジネスホテル,66.5
従業者10人以上,2013,岐阜県,リゾートホテル,52.6
従業者10人以上,2013,岐阜県,会社・団体の宿泊所,28.9
従業者10人以上,2013,岐阜県,全体,57.6
従業者10人以上,2013,岐阜県,旅館,52.9
従業者10人以上,2013,岡山県,シティホテル,58.8
従業者10人以上,2013,岡山県,ビジネスホテル,70.1
従業者10人以上,2013,岡山県,リゾートホテル,43.7
従業者10人以上,2013,岡山県,会社・団体の宿泊所,17.6
従業者10人以上,2013,岡山県,全体,62.4
従業者10人以上,2013,岡山県,旅館,50.5
従業者10人以上,2013,岩手県,シティホテル,67.2
従業者10人以上,2013,岩手県,ビジネスホテル,71.9
従業者10人以上,2013,岩手県,リゾートホテル,40.2
従業者10人以上,2013,岩手県,会社・団体の宿泊所,66.6
従業者10人以上,2013,岩手県,全体,58.8
従業者10人以上,2013,岩手県,旅館,55.4
従業者10人以上,2013,島根県,シティホテル,62.3
従業者10人以上,2013,島根県,ビジネスホテル,75.4
従業者10人以上,2013,島根県,リゾートホテル,29.9
従業者10人以上,2013,島根県,会社・団体の宿泊所,57.1
従業者10人以上,2013,島根県,全体,65.9
従業者10人以上,2013,島根県,旅館,56.6
従業者10人以上,2013,広島県,シティホテル,80.8
従業者10人以上,2013,広島県,ビジネスホテル,73.0
従業者10人以上,2013,広島県,リゾートホテル,55.5
従業者10人以上,2013,広島県,会社・団体の宿泊所,30.7
従業者10人以上,2013,広島県,全体,67.9
従業者10人以上,2013,広島県,旅館,47.0
従業者10人以上,2013,徳島県,シティホテル,56.3
従業者10人以上,2013,徳島県,ビジネスホテル,69.2
従業者10人以上,2013,徳島県,リゾートホテル,42.3
従業者10人以上,2013,徳島県,会社・団体の宿泊所,21.4
従業者10人以上,2013,徳島県,全体,56.1
従業者10人以上,2013,徳島県,旅館,40.2
従業者10人以上,2013,愛媛県,シティホテル,64.1
従業者10人以上,2013,愛媛県,ビジネスホテル,67.4
従業者10人以上,2013,愛媛県,リゾートホテル,35.8
従業者10人以上,2013,愛媛県,会社・団体の宿泊所,48.5
従業者10人以上,2013,愛媛県,全体,63.0
従業者10人以上,2013,愛媛県,旅館,58.7
従業者10人以上,2013,愛知県,シティホテル,77.4
従業者10人以上,2013,愛知県,ビジネスホテル,72.0
従業者10人以上,2013,愛知県,リゾートホテル,42.6
従業者10人以上,2013,愛知県,会社・団体の宿泊所,42.5
従業者10人以上,2013,愛知県,全体,68.5
従業者10人以上,2013,愛知県,旅館,44.7
従業者10人以上,2013,新潟県,シティホテル,62.8
従業者10人以上,2013,新潟県,ビジネスホテル,66.3
従業者10人以上,2013,新潟県,リゾートホテル,33.8
従業者10人以上,2013,新潟県,会社・団体の宿泊所,53.0
従業者10人以上,2013,新潟県,全体,55.9
従業者10人以上,2013,新潟県,旅館,44.8
従業者10人以上,2013,東京都,シティホテル,85.0
従業者10人以上,2013,東京都,ビジネスホテル,83.4
従業者10人以上,2013,東京都,リゾートホテル,74.3
従業者10人以上,2013,東京都,会社・団体の宿泊所,62.0
従業者10人以上,2013,東京都,全体,82.7
従業者10人以上,2013,東京都,旅館,55.0
従業者10人以上,2013,栃木県,シティホテル,57.2
従業者10人以上,2013,栃木県,ビジネスホテル,70.4
従業者10人以上,2013,栃木県,リゾートホテル,49.1
従業者10人以上,2013,栃木県,会社・団体の宿泊所,43.5
従業者10人以上,2013,栃木県,全体,57.5
従業者10人以上,2013,栃木県,旅館,47.8
従業者10人以上,2013,沖縄県,シティホテル,68.2
従業者10人以上,2013,沖縄県,ビジネスホテル,70.7
従業者10人以上,2013,沖縄県,リゾートホテル,67.4
従業者10人以上,2013,沖縄県,会社・団体の宿泊所,14.2
従業者10人以上,2013,沖縄県,全体,67.9
従業者10人以上,2013,沖縄県,旅館,57.7
従業者10人以上,2013,滋賀県,シティホテル,70.1
従業者10人以上,2013,滋賀県,ビジネスホテル,61.1
従業者10人以上,2013,滋賀県,リゾートホテル,56.3
従業者10人以上,2013,滋賀県,会社・団体の宿泊所,33.0
従業者10人以上,2013,滋賀県,全体,57.4
従業者10人以上,2013,滋賀県,旅館,46.0
従業者10人以上,2013,熊本県,シティホテル,68.9
従業者10人以上,2013,熊本県,ビジネスホテル,63.7
従業者10人以上,2013,熊本県,リゾートホテル,59.2
従業者10人以上,2013,熊本県,会社・団体の宿泊所,27.2
従業者10人以上,2013,熊本県,全体,59.5
従業者10人以上,2013,熊本県,旅館,48.6
従業者10人以上,2013,石川県,シティホテル,71.3
従業者10人以上,2013,石川県,ビジネスホテル,69.0
従業者10人以上,2013,石川県,リゾートホテル,52.3
従業者10人以上,2013,石川県,会社・団体の宿泊所,45.6
従業者10人以上,2013,石川県,全体,64.1
従業者10人以上,2013,石川県,旅館,54.9
従業者10人以上,2013,神奈川県,シティホテル,80.7
従業者10人以上,2013,神奈川県,ビジネスホテル,79.5
従業者10人以上,2013,神奈川県,リゾートホテル,65.1
従業者10人以上,2013,神奈川県,会社・団体の宿泊所,61.6
従業者10人以上,2013,神奈川県,全体,75.0
従業者10人以上,2013,神奈川県,旅館,60.0
従業者10人以上,2013,福井県,シティホテル,46.4
従業者10人以上,2013,福井県,ビジネスホテル,67.2
従業者10人以上,2013,福井県,リゾートホテル,40.6
従業者10人以上,2013,福井県,会社・団体の宿泊所,32.6
従業者10人以上,2013,福井県,全体,55.3
従業者10人以上,2013,福井県,旅館,46.0
従業者10人以上,2013,福岡県,シティホテル,75.9
従業者10人以上,2013,福岡県,ビジネスホテル,72.8
従業者10人以上,2013,福岡県,リゾートホテル,58.7
従業者10人以上,2013,福岡県,会社・団体の宿泊所,36.8
従業者10人以上,2013,福岡県,全体,69.6
従業者10人以上,2013,福岡県,旅館,38.9
従業者10人以上,2013,福島県,シティホテル,72.3
従業者10人以上,2013,福島県,ビジネスホテル,78.5
従業者10人以上,2013,福島県,リゾートホテル,38.7
従業者10人以上,2013,福島県,会社・団体の宿泊所,22.5
従業者10人以上,2013,福島県,全体,60.4
従業者10人以上,2013,福島県,旅館,46.2
従業者10人以上,2013,秋田県,シティホテル,62.2
従業者10人以上,2013,秋田県,ビジネスホテル,62.3
従業者10人以上,2013,秋田県,リゾートホテル,43.2
従業者10人以上,2013,秋田県,会社・団体の宿泊所,35.2
従業者10人以上,2013,秋田県,全体,54.4
従業者10人以上,2013,秋田県,旅館,42.8
従業者10人以上,2013,群馬県,シティホテル,63.9
従業者10人以上,2013,群馬県,ビジネスホテル,67.2
従業者10人以上,2013,群馬県,リゾートホテル,53.7
従業者10人以上,2013,群馬県,会社・団体の宿泊所,32.8
従業者10人以上,2013,群馬県,全体,60.1
従業者10人以上,2013,群馬県,旅館,56.0
従業者10人以上,2013,茨城県,シティホテル,64.8
従業者10人以上,2013,茨城県,ビジネスホテル,66.4
従業者10人以上,2013,茨城県,リゾートホテル,66.5
従業者10人以上,2013,茨城県,会社・団体の宿泊所,48.9
従業者10人以上,2013,茨城県,全体,61.3
従業者10人以上,2013,茨城県,旅館,39.2
従業者10人以上,2013,長崎県,シティホテル,64.6
従業者10人以上,2013,長崎県,ビジネスホテル,71.3
従業者10人以上,2013,長崎県,リゾートホテル,58.2
従業者10人以上,2013,長崎県,会社・団体の宿泊所,31.2
従業者10人以上,2013,長崎県,全体,63.5
従業者10人以上,2013,長崎県,旅館,48.6
従業者10人以上,2013,長野県,シティホテル,72.2
従業者10人以上,2013,長野県,ビジネスホテル,68.1
従業者10人以上,2013,長野県,リゾートホテル,42.1
従業者10人以上,2013,長野県,会社・団体の宿泊所,28.9
従業者10人以上,2013,長野県,全体,51.6
従業者10人以上,2013,長野県,旅館,44.5
従業者10人以上,2013,青森県,シティホテル,50.8
従業者10人以上,2013,青森県,ビジネスホテル,63.1
従業者10人以上,2013,青森県,リゾートホテル,41.0
従業者10人以上,2013,青森県,会社・団体の宿泊所,14.7
従業者10人以上,2013,青森県,全体,56.3
従業者10人以上,2013,青森県,旅館,48.0
従業者10人以上,2013,静岡県,シティホテル,63.2
従業者10人以上,2013,静岡県,ビジネスホテル,66.2
従業者10人以上,2013,静岡県,リゾートホテル,51.5
従業者10人以上,2013,静岡県,会社・団体の宿泊所,38.7
従業者10人以上,2013,静岡県,全体,58.1
従業者10人以上,2013,静岡県,旅館,54.4
従業者10人以上,2013,香川県,シティホテル,62.4
従業者10人以上,2013,香川県,ビジネスホテル,67.2
従業者10人以上,2013,香川県,リゾートホテル,57.1
従業者10人以上,2013,香川県,会社・団体の宿泊所,35.0
従業者10人以上,2013,香川県,全体,61.3
従業者10人以上,2013,香川県,旅館,51.2
従業者10人以上,2013,高知県,シティホテル,61.6
従業者10人以上,2013,高知県,ビジネスホテル,61.4
従業者10人以上,2013,高知県,リゾートホテル,44.6
従業者10人以上,2013,高知県,会社・団体の宿泊所,0.0
従業者10人以上,2013,高知県,全体,57.0
従業者10人以上,2013,高知県,旅館,48.8
従業者10人以上,2013,鳥取県,シティホテル,69.6
従業者10人以上,2013,鳥取県,ビジネスホテル,71.0
従業者10人以上,2013,鳥取県,リゾートホテル,37.3
従業者10人以上,2013,鳥取県,会社・団体の宿泊所,0.0
従業者10人以上,2013,鳥取県,全体,60.6
従業者10人以上,2013,鳥取県,旅館,51.8
従業者10人以上,2013,鹿児島県,シティホテル,64.9
従業者10人以上,2013,鹿児島県,ビジネスホテル,67.0
従業者10人以上,2013,鹿児島県,リゾートホテル,41.0
従業者10人以上,2013,鹿児島県,会社・団体の宿泊所,42.3
従業者10人以上,2013,鹿児島県,全体,60.3
従業者10人以上,2013,鹿児島県,旅館,52.2
従業者10人以上,2014,三重県,シティホテル,68.6
従業者10人以上,2014,三重県,ビジネスホテル,63.2
従業者10人以上,2014,三重県,リゾートホテル,49.5
従業者10人以上,2014,三重県,会社・団体の宿泊所,39.6
従業者10人以上,2014,三重県,全体,58.2
従業者10人以上,2014,三重県,旅館,54.0
従業者10人以上,2014,京都府,シティホテル,82.3
従業者10人以上,2014,京都府,ビジネスホテル,82.8
従業者10人以上,2014,京都府,リゾートホテル,56.0
従業者10人以上,2014,京都府,会社・団体の宿泊所,61.7
従業者10人以上,2014,京都府,全体,76.5
従業者10人以上,2014,京都府,旅館,57.4
従業者10人以上,2014,佐賀県,シティホテル,51.5
従業者10人以上,2014,佐賀県,ビジネスホテル,68.5
従業者10人以上,2014,佐賀県,リゾートホテル,58.2
従業者10人以上,2014,佐賀県,会社・団体の宿泊所,8.7
従業者10人以上,2014,佐賀県,全体,60.5
従業者10人以上,2014,佐賀県,旅館,51.4
従業者10人以上,2014,全国,シティホテル,77.5
従業者10人以上,2014,全国,ビジネスホテル,75.3
従業者10人以上,2014,全国,リゾートホテル,56.7
従業者10人以上,2014,全国,会社・団体の宿泊所,44.0
従業者10人以上,2014,全国,全体,68.4
従業者10人以上,2014,全国,旅館,51.9
従業者10人以上,2014,兵庫県,シティホテル,74.3
従業者10人以上,2014,兵庫県,ビジネスホテル,76.7
従業者10人以上,2014,兵庫県,リゾートホテル,54.1
従業者10人以上,2014,兵庫県,会社・団体の宿泊所,38.8
従業者10人以上,2014,兵庫県,全体,65.9
従業者10人以上,2014,兵庫県,旅館,56.2
従業者10人以上,2014,北海道,シティホテル,72.6
従業者10人以上,2014,北海道,ビジネスホテル,72.1
従業者10人以上,2014,北海道,リゾートホテル,47.8
従業者10人以上,2014,北海道,会社・団体の宿泊所,56.6
従業者10人以上,2014,北海道,全体,65.4
従業者10人以上,2014,北海道,旅館,58.3
従業者10人以上,2014,千葉県,シティホテル,79.2
従業者10人以上,2014,千葉県,ビジネスホテル,75.3
従業者10人以上,2014,千葉県,リゾートホテル,82.6
従業者10人以上,2014,千葉県,会社・団体の宿泊所,52.9
従業者10人以上,2014,千葉県,全体,76.6
従業者10人以上,2014,千葉県,旅館,51.0
従業者10人以上,2014,和歌山県,シティホテル,64.3
従業者10人以上,2014,和歌山県,ビジネスホテル,58.5
従業者10人以上,2014,和歌山県,リゾートホテル,51.7
従業者10人以上,2014,和歌山県,会社・団体の宿泊所,47.5
従業者10人以上,2014,和歌山県,全体,53.7
従業者10人以上,2014,和歌山県,旅館,52.5
従業者10人以上,2014,埼玉県,シティホテル,79.5
従業者10人以上,2014,埼玉県,ビジネスホテル,77.5
従業者10人以上,2014,埼玉県,リゾートホテル,33.1
従業者10人以上,2014,埼玉県,全体,72.9
従業者10人以上,2014,埼玉県,旅館,44.5
従業者10人以上,2014,大分県,シティホテル,70.5
従業者10人以上,2014,大分県,ビジネスホテル,68.5
従業者10人以上,2014,大分県,リゾートホテル,60.8
従業者10人以上,2014,大分県,会社・団体の宿泊所,33.3
従業者10人以上,2014,大分県,全体,63.1
従業者10人以上,2014,大分県,旅館,52.8
従業者10人以上,2014,大阪府,シティホテル,85.8
従業者10人以上,2014,大阪府,ビジネスホテル,84.1
従業者10人以上,2014,大阪府,リゾートホテル,85.8
従業者10人以上,2014,大阪府,会社・団体の宿泊所,30.4
従業者10人以上,2014,大阪府,全体,83.6
従業者10人以上,2014,大阪府,旅館,60.1
従業者10人以上,2014,奈良県,シティホテル,75.6
従業者10人以上,2014,奈良県,ビジネスホテル,65.5
従業者10人以上,2014,奈良県,リゾートホテル,53.5
従業者10人以上,2014,奈良県,全体,55.0
従業者10人以上,2014,奈良県,旅館,36.8
従業者10人以上,2014,宮城県,シティホテル,71.7
従業者10人以上,2014,宮城県,ビジネスホテル,77.6
従業者10人以上,2014,宮城県,リゾートホテル,44.4
従業者10人以上,2014,宮城県,会社・団体の宿泊所,32.9
従業者10人以上,2014,宮城県,全体,65.4
従業者10人以上,2014,宮城県,旅館,52.4
従業者10人以上,2014,宮崎県,シティホテル,66.5
従業者10人以上,2014,宮崎県,ビジネスホテル,64.7
従業者10人以上,2014,宮崎県,リゾートホテル,35.1
従業者10人以上,2014,宮崎県,全体,55.8
従業者10人以上,2014,宮崎県,旅館,45.3
従業者10人以上,2014,富山県,シティホテル,71.8
従業者10人以上,2014,富山県,ビジネスホテル,67.7
従業者10人以上,2014,富山県,リゾートホテル,38.9
従業者10人以上,2014,富山県,会社・団体の宿泊所,50.0
従業者10人以上,2014,富山県,全体,57.0
従業者10人以上,2014,富山県,旅館,41.3
従業者10人以上,2014,山口県,シティホテル,62.3
従業者10人以上,2014,山口県,ビジネスホテル,69.0
従業者10人以上,2014,山口県,リゾートホテル,52.0
従業者10人以上,2014,山口県,会社・団体の宿泊所,21.8
従業者10人以上,2014,山口県,全体,62.6
従業者10人以上,2014,山口県,旅館,52.3
従業者10人以上,2014,山形県,シティホテル,64.0
従業者10人以上,2014,山形県,ビジネスホテル,72.5
従業者10人以上,2014,山形県,リゾートホテル,38.6
従業者10人以上,2014,山形県,会社・団体の宿泊所,39.9
従業者10人以上,2014,山形県,全体,59.4
従業者10人以上,2014,山形県,旅館,47.9
従業者10人以上,2014,山梨県,シティホテル,65.0
従業者10人以上,2014,山梨県,ビジネスホテル,72.9
従業者10人以上,2014,山梨県,リゾートホテル,59.3
従業者10人以上,2014,山梨県,会社・団体の宿泊所,63.4
従業者10人以上,2014,山梨県,全体,62.6
従業者10人以上,2014,山梨県,旅館,57.8
従業者10人以上,2014,岐阜県,シティホテル,65.8
従業者10人以上,2014,岐阜県,ビジネスホテル,69.5
従業者10人以上,2014,岐阜県,リゾートホテル,53.2
従業者10人以上,2014,岐阜県,会社・団体の宿泊所,23.8
従業者10人以上,2014,岐阜県,全体,59.3
従業者10人以上,2014,岐阜県,旅館,53.6
従業者10人以上,2014,岡山県,シティホテル,64.7
従業者10人以上,2014,岡山県,ビジネスホテル,74.0
従業者10人以上,2014,岡山県,リゾートホテル,44.0
従業者10人以上,2014,岡山県,会社・団体の宿泊所,27.7
従業者10人以上,2014,岡山県,全体,66.8
従業者10人以上,2014,岡山県,旅館,52.0
従業者10人以上,2014,岩手県,シティホテル,64.5
従業者10人以上,2014,岩手県,ビジネスホテル,71.9
従業者10人以上,2014,岩手県,リゾートホテル,39.7
従業者10人以上,2014,岩手県,会社・団体の宿泊所,66.8
従業者10人以上,2014,岩手県,全体,58.5
従業者10人以上,2014,岩手県,旅館,54.5
従業者10人以上,2014,島根県,シティホテル,64.7
従業者10人以上,2014,島根県,ビジネスホテル,77.5
従業者10人以上,2014,島根県,リゾートホテル,36.8
従業者10人以上,2014,島根県,会社・団体の宿泊所,52.9
従業者10人以上,2014,島根県,全体,69.4
従業者10人以上,2014,島根県,旅館,57.3
従業者10人以上,2014,広島県,シティホテル,79.5
従業者10人以上,2014,広島県,ビジネスホテル,76.8
従業者10人以上,2014,広島県,リゾートホテル,56.3
従業者10人以上,2014,広島県,会社・団体の宿泊所,29.4
従業者10人以上,2014,広島県,全体,71.2
従業者10人以上,2014,広島県,旅館,51.4
従業者10人以上,2014,徳島県,シティホテル,65.9
従業者10人以上,2014,徳島県,ビジネスホテル,76.7
従業者10人以上,2014,徳島県,リゾートホテル,49.9
従業者10人以上,2014,徳島県,会社・団体の宿泊所,28.2
従業者10人以上,2014,徳島県,全体,63.7
従業者10人以上,2014,徳島県,旅館,43.7
従業者10人以上,2014,愛媛県,シティホテル,67.8
従業者10人以上,2014,愛媛県,ビジネスホテル,71.0
従業者10人以上,2014,愛媛県,リゾートホテル,41.9
従業者10人以上,2014,愛媛県,会社・団体の宿泊所,51.0
従業者10人以上,2014,愛媛県,全体,66.7
従業者10人以上,2014,愛媛県,旅館,58.7
従業者10人以上,2014,愛知県,シティホテル,80.9
従業者10人以上,2014,愛知県,ビジネスホテル,75.4
従業者10人以上,2014,愛知県,リゾートホテル,50.4
従業者10人以上,2014,愛知県,会社・団体の宿泊所,40.9
従業者10人以上,2014,愛知県,全体,71.8
従業者10人以上,2014,愛知県,旅館,45.4
従業者10人以上,2014,新潟県,シティホテル,65.2
従業者10人以上,2014,新潟県,ビジネスホテル,68.0
従業者10人以上,2014,新潟県,リゾートホテル,30.1
従業者10人以上,2014,新潟県,会社・団体の宿泊所,29.9
従業者10人以上,2014,新潟県,全体,55.5
従業者10人以上,2014,新潟県,旅館,44.5
従業者10人以上,2014,東京都,シティホテル,83.2
従業者10人以上,2014,東京都,ビジネスホテル,85.1
従業者10人以上,2014,東京都,リゾートホテル,74.3
従業者10人以上,2014,東京都,会社・団体の宿泊所,63.0
従業者10人以上,2014,東京都,全体,82.9
従業者10人以上,2014,東京都,旅館,64.3
従業者10人以上,2014,栃木県,シティホテル,59.1
従業者10人以上,2014,栃木県,ビジネスホテル,73.8
従業者10人以上,2014,栃木県,リゾートホテル,55.8
従業者10人以上,2014,栃木県,会社・団体の宿泊所,46.2
従業者10人以上,2014,栃木県,全体,60.6
従業者10人以上,2014,栃木県,旅館,49.1
従業者10人以上,2014,沖縄県,シティホテル,77.7
従業者10人以上,2014,沖縄県,ビジネスホテル,77.2
従業者10人以上,2014,沖縄県,リゾートホテル,75.0
従業者10人以上,2014,沖縄県,会社・団体の宿泊所,47.6
従業者10人以上,2014,沖縄県,全体,75.6
従業者10人以上,2014,滋賀県,シティホテル,72.0
従業者10人以上,2014,滋賀県,ビジネスホテル,68.2
従業者10人以上,2014,滋賀県,リゾートホテル,57.0
従業者10人以上,2014,滋賀県,会社・団体の宿泊所,30.8
従業者10人以上,2014,滋賀県,全体,61.5
従業者10人以上,2014,滋賀県,旅館,49.4
従業者10人以上,2014,熊本県,シティホテル,71.3
従業者10人以上,2014,熊本県,ビジネスホテル,67.1
従業者10人以上,2014,熊本県,リゾートホテル,59.6
従業者10人以上,2014,熊本県,会社・団体の宿泊所,26.8
従業者10人以上,2014,熊本県,全体,61.9
従業者10人以上,2014,熊本県,旅館,48.8
従業者10人以上,2014,石川県,シティホテル,71.2
従業者10人以上,2014,石川県,ビジネスホテル,69.9
従業者10人以上,2014,石川県,リゾートホテル,50.0
従業者10人以上,2014,石川県,会社・団体の宿泊所,40.2
従業者10人以上,2014,石川県,全体,63.5
従業者10人以上,2014,石川県,旅館,54.6
従業者10人以上,2014,神奈川県,シティホテル,82.1
従業者10人以上,2014,神奈川県,ビジネスホテル,81.1
従業者10人以上,2014,神奈川県,リゾートホテル,67.4
従業者10人以上,2014,神奈川県,会社・団体の宿泊所,55.0
従業者10人以上,2014,神奈川県,全体,77.0
従業者10人以上,2014,神奈川県,旅館,65.6
従業者10人以上,2014,福井県,シティホテル,50.1
従業者10人以上,2014,福井県,ビジネスホテル,71.2
従業者10人以上,2014,福井県,リゾートホテル,50.6
従業者10人以上,2014,福井県,会社・団体の宿泊所,62.5
従業者10人以上,2014,福井県,全体,59.7
従業者10人以上,2014,福井県,旅館,48.1
従業者10人以上,2014,福岡県,シティホテル,78.7
従業者10人以上,2014,福岡県,ビジネスホテル,75.1
従業者10人以上,2014,福岡県,リゾートホテル,60.7
従業者10人以上,2014,福岡県,会社・団体の宿泊所,40.8
従業者10人以上,2014,福岡県,全体,71.8
従業者10人以上,2014,福岡県,旅館,38.2
従業者10人以上,2014,福島県,シティホテル,78.4
従業者10人以上,2014,福島県,ビジネスホテル,79.0
従業者10人以上,2014,福島県,リゾートホテル,41.6
従業者10人以上,2014,福島県,会社・団体の宿泊所,35.0
従業者10人以上,2014,福島県,全体,61.9
従業者10人以上,2014,福島県,旅館,46.1
従業者10人以上,2014,秋田県,シティホテル,61.9
従業者10人以上,2014,秋田県,ビジネスホテル,63.7
従業者10人以上,2014,秋田県,リゾートホテル,41.4
従業者10人以上,2014,秋田県,会社・団体の宿泊所,44.7
従業者10人以上,2014,秋田県,全体,55.9
従業者10人以上,2014,秋田県,旅館,46.7
従業者10人以上,2014,群馬県,シティホテル,69.4
従業者10人以上,2014,群馬県,ビジネスホテル,70.8
従業者10人以上,2014,群馬県,リゾートホテル,45.4
従業者10人以上,2014,群馬県,会社・団体の宿泊所,34.6
従業者10人以上,2014,群馬県,全体,60.9
従業者10人以上,2014,群馬県,旅館,56.3
従業者10人以上,2014,茨城県,シティホテル,68.0
従業者10人以上,2014,茨城県,ビジネスホテル,67.3
従業者10人以上,2014,茨城県,リゾートホテル,59.9
従業者10人以上,2014,茨城県,会社・団体の宿泊所,56.3
従業者10人以上,2014,茨城県,全体,63.2
従業者10人以上,2014,茨城県,旅館,43.3
従業者10人以上,2014,長崎県,シティホテル,69.7
従業者10人以上,2014,長崎県,ビジネスホテル,75.4
従業者10人以上,2014,長崎県,リゾートホテル,57.2
従業者10人以上,2014,長崎県,会社・団体の宿泊所,42.1
従業者10人以上,2014,長崎県,全体,66.2
従業者10人以上,2014,長崎県,旅館,51.0
従業者10人以上,2014,長野県,シティホテル,70.3
従業者10人以上,2014,長野県,ビジネスホテル,70.4
従業者10人以上,2014,長野県,リゾートホテル,43.0
従業者10人以上,2014,長野県,会社・団体の宿泊所,29.6
従業者10人以上,2014,長野県,全体,53.2
従業者10人以上,2014,長野県,旅館,43.4
従業者10人以上,2014,青森県,シティホテル,53.5
従業者10人以上,2014,青森県,ビジネスホテル,63.1
従業者10人以上,2014,青森県,リゾートホテル,42.0
従業者10人以上,2014,青森県,全体,57.9
従業者10人以上,2014,青森県,旅館,51.1
従業者10人以上,2014,静岡県,シティホテル,70.7
従業者10人以上,2014,静岡県,ビジネスホテル,68.4
従業者10人以上,2014,静岡県,リゾートホテル,51.9
従業者10人以上,2014,静岡県,会社・団体の宿泊所,39.7
従業者10人以上,2014,静岡県,全体,60.8
従業者10人以上,2014,静岡県,旅館,57.5
従業者10人以上,2014,香川県,シティホテル,59.6
従業者10人以上,2014,香川県,ビジネスホテル,69.2
従業者10人以上,2014,香川県,リゾートホテル,59.0
従業者10人以上,2014,香川県,会社・団体の宿泊所,36.5
従業者10人以上,2014,香川県,全体,61.2
従業者10人以上,2014,香川県,旅館,53.6
従業者10人以上,2014,高知県,シティホテル,58.9
従業者10人以上,2014,高知県,ビジネスホテル,65.7
従業者10人以上,2014,高知県,リゾートホテル,46.4
従業者10人以上,2014,高知県,全体,58.9
従業者10人以上,2014,高知県,旅館,46.4
従業者10人以上,2014,鳥取県,シティホテル,72.9
従業者10人以上,2014,鳥取県,ビジネスホテル,70.9
従業者10人以上,2014,鳥取県,リゾートホテル,52.5
従業者10人以上,2014,鳥取県,全体,59.7
従業者10人以上,2014,鳥取県,旅館,46.1
従業者10人以上,2014,鹿児島県,シティホテル,64.8
従業者10人以上,2014,鹿児島県,ビジネスホテル,69.4
従業者10人以上,2014,鹿児島県,リゾートホテル,42.4
従業者10人以上,2014,鹿児島県,会社・団体の宿泊所,49.7
従業者10人以上,2014,鹿児島県,全体,62.1
従業者10人以上,2014,鹿児島県,旅館,54.4
従業者10人以上,2015,三重県,シティホテル,74.3
従業者10人以上,2015,三重県,ビジネスホテル,67.9
従業者10人以上,2015,三重県,リゾートホテル,48.3
従業者10人以上,2015,三重県,会社・団体の宿泊所,36.1
従業者10人以上,2015,三重県,全体,61.6
従業者10人以上,2015,三重県,旅館,54.3
従業者10人以上,2015,三重県,簡易宿所,24.2
従業者10人以上,2015,京都府,シティホテル,85.7
従業者10人以上,2015,京都府,ビジネスホテル,85.5
従業者10人以上,2015,京都府,リゾートホテル,57.2
従業者10人以上,2015,京都府,会社・団体の宿泊所,68.4
従業者10人以上,2015,京都府,全体,79.7
従業者10人以上,2015,京都府,旅館,59.6
従業者10人以上,2015,京都府,簡易宿所,55.8
従業者10人以上,2015,佐賀県,シティホテル,56.2
従業者10人以上,2015,佐賀県,ビジネスホテル,70.3
従業者10人以上,2015,佐賀県,リゾートホテル,65.6
従業者10人以上,2015,佐賀県,会社・団体の宿泊所,8.7
従業者10人以上,2015,佐賀県,全体,63.1
従業者10人以上,2015,佐賀県,旅館,51.9
従業者10人以上,2015,佐賀県,簡易宿所,16.6
従業者10人以上,2015,全国,シティホテル,79.4
従業者10人以上,2015,全国,ビジネスホテル,77.2
従業者10人以上,2015,全国,リゾートホテル,59.3
従業者10人以上,2015,全国,会社・団体の宿泊所,42.5
従業者10人以上,2015,全国,全体,71.4
従業者10人以上,2015,全国,旅館,54.9
従業者10人以上,2015,全国,簡易宿所,48.5
従業者10人以上,2015,兵庫県,シティホテル,80.2
従業者10人以上,2015,兵庫県,ビジネスホテル,81.5
従業者10人以上,2015,兵庫県,リゾートホテル,60.0
従業者10人以上,2015,兵庫県,会社・団体の宿泊所,36.2
従業者10人以上,2015,兵庫県,全体,71.6
従業者10人以上,2015,兵庫県,旅館,59.8
従業者10人以上,2015,兵庫県,簡易宿所,24.5
従業者10人以上,2015,北海道,シティホテル,77.5
従業者10人以上,2015,北海道,ビジネスホテル,76.3
従業者10人以上,2015,北海道,リゾートホテル,51.1
従業者10人以上,2015,北海道,会社・団体の宿泊所,54.6
従業者10人以上,2015,北海道,全体,70.4
従業者10人以上,2015,北海道,旅館,62.0
従業者10人以上,2015,北海道,簡易宿所,54.3
従業者10人以上,2015,千葉県,シティホテル,81.9
従業者10人以上,2015,千葉県,ビジネスホテル,75.0
従業者10人以上,2015,千葉県,リゾートホテル,85.0
従業者10人以上,2015,千葉県,会社・団体の宿泊所,52.1
従業者10人以上,2015,千葉県,全体,79.3
従業者10人以上,2015,千葉県,旅館,55.6
従業者10人以上,2015,千葉県,簡易宿所,58.3
従業者10人以上,2015,和歌山県,シティホテル,71.8
従業者10人以上,2015,和歌山県,ビジネスホテル,70.6
従業者10人以上,2015,和歌山県,リゾートホテル,54.7
従業者10人以上,2015,和歌山県,会社・団体の宿泊所,60.9
従業者10人以上,2015,和歌山県,全体,60.4
従業者10人以上,2015,和歌山県,旅館,54.8
従業者10人以上,2015,和歌山県,簡易宿所,39.4
従業者10人以上,2015,埼玉県,シティホテル,79.6
従業者10人以上,2015,埼玉県,ビジネスホテル,78.5
従業者10人以上,2015,埼玉県,リゾートホテル,35.6
従業者10人以上,2015,埼玉県,全体,75.3
従業者10人以上,2015,埼玉県,旅館,47.6
従業者10人以上,2015,埼玉県,簡易宿所,25.1
従業者10人以上,2015,大分県,シティホテル,67.0
従業者10人以上,2015,大分県,ビジネスホテル,68.8
従業者10人以上,2015,大分県,リゾートホテル,62.0
従業者10人以上,2015,大分県,会社・団体の宿泊所,31.9
従業者10人以上,2015,大分県,全体,64.4
従業者10人以上,2015,大分県,旅館,54.0
従業者10人以上,2015,大分県,簡易宿所,7.7
従業者10人以上,2015,大阪府,シティホテル,86.8
従業者10人以上,2015,大阪府,ビジネスホテル,87.0
従業者10人以上,2015,大阪府,リゾートホテル,91.1
従業者10人以上,2015,大阪府,会社・団体の宿泊所,54.2
従業者10人以上,2015,大阪府,全体,87.1
従業者10人以上,2015,大阪府,旅館,67.0
従業者10人以上,2015,大阪府,簡易宿所,76.1
従業者10人以上,2015,奈良県,シティホテル,77.5
従業者10人以上,2015,奈良県,ビジネスホテル,72.2
従業者10人以上,2015,奈良県,リゾートホテル,73.4
従業者10人以上,2015,奈良県,全体,63.9
従業者10人以上,2015,奈良県,旅館,45.6
従業者10人以上,2015,奈良県,簡易宿所,31.5
従業者10人以上,2015,宮城県,シティホテル,69.9
従業者10人以上,2015,宮城県,ビジネスホテル,75.0
従業者10人以上,2015,宮城県,リゾートホテル,41.1
従業者10人以上,2015,宮城県,会社・団体の宿泊所,30.5
従業者10人以上,2015,宮城県,全体,66.3
従業者10人以上,2015,宮城県,旅館,56.9
従業者10人以上,2015,宮城県,簡易宿所,39.3
従業者10人以上,2015,宮崎県,シティホテル,64.7
従業者10人以上,2015,宮崎県,ビジネスホテル,68.0
従業者10人以上,2015,宮崎県,リゾートホテル,43.4
従業者10人以上,2015,宮崎県,全体,61.6
従業者10人以上,2015,宮崎県,旅館,46.2
従業者10人以上,2015,宮崎県,簡易宿所,34.8
従業者10人以上,2015,富山県,シティホテル,70.6
従業者10人以上,2015,富山県,ビジネスホテル,75.1
従業者10人以上,2015,富山県,リゾートホテル,51.9
従業者10人以上,2015,富山県,会社・団体の宿泊所,39.6
従業者10人以上,2015,富山県,全体,64.6
従業者10人以上,2015,富山県,旅館,45.9
従業者10人以上,2015,富山県,簡易宿所,31.5
従業者10人以上,2015,山口県,シティホテル,65.1
従業者10人以上,2015,山口県,ビジネスホテル,67.8
従業者10人以上,2015,山口県,リゾートホテル,52.3
従業者10人以上,2015,山口県,会社・団体の宿泊所,17.1
従業者10人以上,2015,山口県,全体,64.2
従業者10人以上,2015,山口県,旅館,55.4
従業者10人以上,2015,山口県,簡易宿所,33.5
従業者10人以上,2015,山形県,シティホテル,63.5
従業者10人以上,2015,山形県,ビジネスホテル,69.5
従業者10人以上,2015,山形県,リゾートホテル,34.6
従業者10人以上,2015,山形県,会社・団体の宿泊所,42.6
従業者10人以上,2015,山形県,全体,58.8
従業者10人以上,2015,山形県,旅館,47.5
従業者10人以上,2015,山形県,簡易宿所,11.2
従業者10人以上,2015,山梨県,シティホテル,62.4
従業者10人以上,2015,山梨県,ビジネスホテル,72.7
従業者10人以上,2015,山梨県,リゾートホテル,59.2
従業者10人以上,2015,山梨県,会社・団体の宿泊所,64.1
従業者10人以上,2015,山梨県,全体,65.1
従業者10人以上,2015,山梨県,旅館,62.3
従業者10人以上,2015,山梨県,簡易宿所,30.7
従業者10人以上,2015,岐阜県,シティホテル,72.3
従業者10人以上,2015,岐阜県,ビジネスホテル,74.3
従業者10人以上,2015,岐阜県,リゾートホテル,55.5
従業者10人以上,2015,岐阜県,会社・団体の宿泊所,29.0
従業者10人以上,2015,岐阜県,全体,62.9
従業者10人以上,2015,岐阜県,旅館,55.7
従業者10人以上,2015,岐阜県,簡易宿所,26.6
従業者10人以上,2015,岡山県,シティホテル,66.1
従業者10人以上,2015,岡山県,ビジネスホテル,73.3
従業者10人以上,2015,岡山県,リゾートホテル,49.6
従業者10人以上,2015,岡山県,会社・団体の宿泊所,25.1
従業者10人以上,2015,岡山県,全体,68.4
従業者10人以上,2015,岡山県,旅館,54.3
従業者10人以上,2015,岡山県,簡易宿所,43.9
従業者10人以上,2015,岩手県,シティホテル,65.5
従業者10人以上,2015,岩手県,ビジネスホテル,71.5
従業者10人以上,2015,岩手県,リゾートホテル,41.8
従業者10人以上,2015,岩手県,会社・団体の宿泊所,58.8
従業者10人以上,2015,岩手県,全体,60.2
従業者10人以上,2015,岩手県,旅館,53.3
従業者10人以上,2015,岩手県,簡易宿所,35.2
従業者10人以上,2015,島根県,シティホテル,68.9
従業者10人以上,2015,島根県,ビジネスホテル,75.8
従業者10人以上,2015,島根県,リゾートホテル,44.1
従業者10人以上,2015,島根県,会社・団体の宿泊所,58.4
従業者10人以上,2015,島根県,全体,69.6
従業者10人以上,2015,島根県,旅館,57.9
従業者10人以上,2015,島根県,簡易宿所,28.4
従業者10人以上,2015,広島県,シティホテル,79.1
従業者10人以上,2015,広島県,ビジネスホテル,79.6
従業者10人以上,2015,広島県,リゾートホテル,59.2
従業者10人以上,2015,広島県,会社・団体の宿泊所,19.3
従業者10人以上,2015,広島県,全体,73.6
従業者10人以上,2015,広島県,旅館,52.4
従業者10人以上,2015,広島県,簡易宿所,43.5
従業者10人以上,2015,徳島県,シティホテル,62.3
従業者10人以上,2015,徳島県,ビジネスホテル,74.3
従業者10人以上,2015,徳島県,リゾートホテル,57.4
従業者10人以上,2015,徳島県,会社・団体の宿泊所,24.4
従業者10人以上,2015,徳島県,全体,63.1
従業者10人以上,2015,徳島県,旅館,42.5
従業者10人以上,2015,徳島県,簡易宿所,17.2
従業者10人以上,2015,愛媛県,シティホテル,69.1
従業者10人以上,2015,愛媛県,ビジネスホテル,68.6
従業者10人以上,2015,愛媛県,リゾートホテル,47.1
従業者10人以上,2015,愛媛県,会社・団体の宿泊所,47.5
従業者10人以上,2015,愛媛県,全体,67.2
従業者10人以上,2015,愛媛県,旅館,64.0
従業者10人以上,2015,愛媛県,簡易宿所,32.7
従業者10人以上,2015,愛知県,シティホテル,82.6
従業者10人以上,2015,愛知県,ビジネスホテル,80.9
従業者10人以上,2015,愛知県,リゾートホテル,56.4
従業者10人以上,2015,愛知県,会社・団体の宿泊所,44.6
従業者10人以上,2015,愛知県,全体,77.0
従業者10人以上,2015,愛知県,旅館,47.4
従業者10人以上,2015,愛知県,簡易宿所,50.8
従業者10人以上,2015,新潟県,シティホテル,65.2
従業者10人以上,2015,新潟県,ビジネスホテル,68.6
従業者10人以上,2015,新潟県,リゾートホテル,33.7
従業者10人以上,2015,新潟県,会社・団体の宿泊所,33.1
従業者10人以上,2015,新潟県,全体,57.6
従業者10人以上,2015,新潟県,旅館,46.2
従業者10人以上,2015,新潟県,簡易宿所,38.5
従業者10人以上,2015,東京都,シティホテル,83.6
従業者10人以上,2015,東京都,ビジネスホテル,86.1
従業者10人以上,2015,東京都,リゾートホテル,78.8
従業者10人以上,2015,東京都,会社・団体の宿泊所,57.7
従業者10人以上,2015,東京都,全体,85.3
従業者10人以上,2015,東京都,旅館,78.9
従業者10人以上,2015,東京都,簡易宿所,76.3
従業者10人以上,2015,栃木県,シティホテル,59.5
従業者10人以上,2015,栃木県,ビジネスホテル,74.1
従業者10人以上,2015,栃木県,リゾートホテル,53.6
従業者10人以上,2015,栃木県,会社・団体の宿泊所,37.8
従業者10人以上,2015,栃木県,全体,60.5
従業者10人以上,2015,栃木県,旅館,50.8
従業者10人以上,2015,栃木県,簡易宿所,32.3
従業者10人以上,2015,沖縄県,シティホテル,80.8
従業者10人以上,2015,沖縄県,ビジネスホテル,78.6
従業者10人以上,2015,沖縄県,リゾートホテル,75.6
従業者10人以上,2015,沖縄県,会社・団体の宿泊所,52.2
従業者10人以上,2015,沖縄県,全体,77.8
従業者10人以上,2015,沖縄県,簡易宿所,51.5
従業者10人以上,2015,滋賀県,シティホテル,69.6
従業者10人以上,2015,滋賀県,ビジネスホテル,70.7
従業者10人以上,2015,滋賀県,リゾートホテル,58.2
従業者10人以上,2015,滋賀県,会社・団体の宿泊所,33.4
従業者10人以上,2015,滋賀県,全体,63.9
従業者10人以上,2015,滋賀県,旅館,53.2
従業者10人以上,2015,滋賀県,簡易宿所,29.1
従業者10人以上,2015,熊本県,シティホテル,73.0
従業者10人以上,2015,熊本県,ビジネスホテル,70.3
従業者10人以上,2015,熊本県,リゾートホテル,57.1
従業者10人以上,2015,熊本県,会社・団体の宿泊所,31.6
従業者10人以上,2015,熊本県,全体,65.4
従業者10人以上,2015,熊本県,旅館,53.3
従業者10人以上,2015,熊本県,簡易宿所,27.7
従業者10人以上,2015,石川県,シティホテル,79.0
従業者10人以上,2015,石川県,ビジネスホテル,77.6
従業者10人以上,2015,石川県,リゾートホテル,55.0
従業者10人以上,2015,石川県,会社・団体の宿泊所,53.9
従業者10人以上,2015,石川県,全体,72.4
従業者10人以上,2015,石川県,旅館,63.3
従業者10人以上,2015,石川県,簡易宿所,28.7
従業者10人以上,2015,神奈川県,シティホテル,82.0
従業者10人以上,2015,神奈川県,ビジネスホテル,81.8
従業者10人以上,2015,神奈川県,リゾートホテル,62.9
従業者10人以上,2015,神奈川県,会社・団体の宿泊所,48.5
従業者10人以上,2015,神奈川県,全体,76.8
従業者10人以上,2015,神奈川県,旅館,62.0
従業者10人以上,2015,神奈川県,簡易宿所,61.3
従業者10人以上,2015,福井県,シティホテル,56.6
従業者10人以上,2015,福井県,ビジネスホテル,74.9
従業者10人以上,2015,福井県,リゾートホテル,50.4
従業者10人以上,2015,福井県,会社・団体の宿泊所,63.0
従業者10人以上,2015,福井県,全体,65.6
従業者10人以上,2015,福井県,旅館,55.5
従業者10人以上,2015,福井県,簡易宿所,31.4
従業者10人以上,2015,福岡県,シティホテル,81.2
従業者10人以上,2015,福岡県,ビジネスホテル,75.1
従業者10人以上,2015,福岡県,リゾートホテル,66.0
従業者10人以上,2015,福岡県,会社・団体の宿泊所,35.2
従業者10人以上,2015,福岡県,全体,73.5
従業者10人以上,2015,福岡県,旅館,40.9
従業者10人以上,2015,福岡県,簡易宿所,38.8
従業者10人以上,2015,福島県,シティホテル,74.7
従業者10人以上,2015,福島県,ビジネスホテル,80.4
従業者10人以上,2015,福島県,リゾートホテル,45.7
従業者10人以上,2015,福島県,会社・団体の宿泊所,37.3
従業者10人以上,2015,福島県,全体,64.9
従業者10人以上,2015,福島県,旅館,50.1
従業者10人以上,2015,福島県,簡易宿所,23.2
従業者10人以上,2015,秋田県,シティホテル,64.1
従業者10人以上,2015,秋田県,ビジネスホテル,63.6
従業者10人以上,2015,秋田県,リゾートホテル,34.7
従業者10人以上,2015,秋田県,会社・団体の宿泊所,38.7
従業者10人以上,2015,秋田県,全体,54.0
従業者10人以上,2015,秋田県,旅館,41.9
従業者10人以上,2015,秋田県,簡易宿所,27.0
従業者10人以上,2015,群馬県,シティホテル,64.2
従業者10人以上,2015,群馬県,ビジネスホテル,74.3
従業者10人以上,2015,群馬県,リゾートホテル,48.1
従業者10人以上,2015,群馬県,会社・団体の宿泊所,33.0
従業者10人以上,2015,群馬県,全体,65.2
従業者10人以上,2015,群馬県,旅館,61.1
従業者10人以上,2015,群馬県,簡易宿所,29.1
従業者10人以上,2015,茨城県,シティホテル,67.8
従業者10人以上,2015,茨城県,ビジネスホテル,68.4
従業者10人以上,2015,茨城県,リゾートホテル,49.1
従業者10人以上,2015,茨城県,会社・団体の宿泊所,59.2
従業者10人以上,2015,茨城県,全体,64.1
従業者10人以上,2015,茨城県,旅館,43.6
従業者10人以上,2015,茨城県,簡易宿所,29.3
従業者10人以上,2015,長崎県,シティホテル,76.6
従業者10人以上,2015,長崎県,ビジネスホテル,79.2
従業者10人以上,2015,長崎県,リゾートホテル,66.7
従業者10人以上,2015,長崎県,会社・団体の宿泊所,34.5
従業者10人以上,2015,長崎県,全体,71.7
従業者10人以上,2015,長崎県,旅館,52.3
従業者10人以上,2015,長崎県,簡易宿所,44.9
従業者10人以上,2015,長野県,シティホテル,72.5
従業者10人以上,2015,長野県,ビジネスホテル,72.0
従業者10人以上,2015,長野県,リゾートホテル,43.4
従業者10人以上,2015,長野県,会社・団体の宿泊所,28.2
従業者10人以上,2015,長野県,全体,55.1
従業者10人以上,2015,長野県,旅館,46.2
従業者10人以上,2015,長野県,簡易宿所,24.4
従業者10人以上,2015,青森県,シティホテル,59.1
従業者10人以上,2015,青森県,ビジネスホテル,64.3
従業者10人以上,2015,青森県,リゾートホテル,43.3
従業者10人以上,2015,青森県,会社・団体の宿泊所,5.9
従業者10人以上,2015,青森県,全体,60.3
従業者10人以上,2015,青森県,旅館,53.7
従業者10人以上,2015,青森県,簡易宿所,37.9
従業者10人以上,2015,静岡県,シティホテル,76.9
従業者10人以上,2015,静岡県,ビジネスホテル,73.2
従業者10人以上,2015,静岡県,リゾートホテル,54.9
従業者10人以上,2015,静岡県,会社・団体の宿泊所,36.9
従業者10人以上,2015,静岡県,全体,65.9
従業者10人以上,2015,静岡県,旅館,62.6
従業者10人以上,2015,静岡県,簡易宿所,32.4
従業者10人以上,2015,香川県,シティホテル,64.5
従業者10人以上,2015,香川県,ビジネスホテル,70.8
従業者10人以上,2015,香川県,リゾートホテル,65.3
従業者10人以上,2015,香川県,会社・団体の宿泊所,15.1
従業者10人以上,2015,香川県,全体,65.5
従業者10人以上,2015,香川県,旅館,53.0
従業者10人以上,2015,香川県,簡易宿所,36.0
従業者10人以上,2015,高知県,シティホテル,70.1
従業者10人以上,2015,高知県,ビジネスホテル,66.8
従業者10人以上,2015,高知県,リゾートホテル,49.6
従業者10人以上,2015,高知県,全体,61.4
従業者10人以上,2015,高知県,旅館,44.1
従業者10人以上,2015,高知県,簡易宿所,37.4
従業者10人以上,2015,鳥取県,シティホテル,71.5
従業者10人以上,2015,鳥取県,ビジネスホテル,73.0
従業者10人以上,2015,鳥取県,リゾートホテル,32.8
従業者10人以上,2015,鳥取県,全体,61.7
従業者10人以上,2015,鳥取県,旅館,50.6
従業者10人以上,2015,鳥取県,簡易宿所,24.8
従業者10人以上,2015,鹿児島県,シティホテル,65.0
従業者10人以上,2015,鹿児島県,ビジネスホテル,70.5
従業者10人以上,2015,鹿児島県,リゾートホテル,40.9
従業者10人以上,2015,鹿児島県,会社・団体の宿泊所,30.0
従業者10人以上,2015,鹿児島県,全体,62.8
従業者10人以上,2015,鹿児島県,旅館,52.5
従業者10人以上,2015,鹿児島県,簡易宿所,16.7
従業者10人以上,2016,三重県,シティホテル,71.7
従業者10人以上,2016,三重県,ビジネスホテル,70.0
従業者10人以上,2016,三重県,リゾートホテル,51.5
従業者10人以上,2016,三重県,会社・団体の宿泊所,33.6
従業者10人以上,2016,三重県,全体,63.2
従業者10人以上,2016,三重県,旅館,56.8
従業者10人以上,2016,三重県,簡易宿所,15.0
従業者10人以上,2016,京都府,シティホテル,87.6
従業者10人以上,2016,京都府,ビジネスホテル,87.0
従業者10人以上,2016,京都府,リゾートホテル,55.8
従業者10人以上,2016,京都府,会社・団体の宿泊所,64.6
従業者10人以上,2016,京都府,全体,79.8
従業者10人以上,2016,京都府,旅館,58.8
従業者10人以上,2016,京都府,簡易宿所,57.8
従業者10人以上,2016,佐賀県,シティホテル,61.3
従業者10人以上,2016,佐賀県,ビジネスホテル,72.6
従業者10人以上,2016,佐賀県,リゾートホテル,64.3
従業者10人以上,2016,佐賀県,会社・団体の宿泊所,7.4
従業者10人以上,2016,佐賀県,全体,64.4
従業者10人以上,2016,佐賀県,旅館,53.1
従業者10人以上,2016,佐賀県,簡易宿所,23.0
従業者10人以上,2016,全国,シティホテル,78.8
従業者10人以上,2016,全国,ビジネスホテル,77.7
従業者10人以上,2016,全国,リゾートホテル,60.1
従業者10人以上,2016,全国,会社・団体の宿泊所,43.8
従業者10人以上,2016,全国,全体,70.9
従業者10人以上,2016,全国,旅館,55.1
従業者10人以上,2016,全国,簡易宿所,48.2
従業者10人以上,2016,兵庫県,シティホテル,76.6
従業者10人以上,2016,兵庫県,ビジネスホテル,81.1
従業者10人以上,2016,兵庫県,リゾートホテル,58.7
従業者10人以上,2016,兵庫県,会社・団体の宿泊所,36.4
従業者10人以上,2016,兵庫県,全体,69.8
従業者10人以上,2016,兵庫県,旅館,59.4
従業者10人以上,2016,兵庫県,簡易宿所,24.2
従業者10人以上,2016,北海道,シティホテル,77.4
従業者10人以上,2016,北海道,ビジネスホテル,76.9
従業者10人以上,2016,北海道,リゾートホテル,55.7
従業者10人以上,2016,北海道,会社・団体の宿泊所,53.0
従業者10人以上,2016,北海道,全体,70.9
従業者10人以上,2016,北海道,旅館,63.2
従業者10人以上,2016,北海道,簡易宿所,58.2
従業者10人以上,2016,千葉県,シティホテル,80.6
従業者10人以上,2016,千葉県,ビジネスホテル,76.2
従業者10人以上,2016,千葉県,リゾートホテル,85.7
従業者10人以上,2016,千葉県,会社・団体の宿泊所,56.7
従業者10人以上,2016,千葉県,全体,78.6
従業者10人以上,2016,千葉県,旅館,49.4
従業者10人以上,2016,千葉県,簡易宿所,58.6
従業者10人以上,2016,和歌山県,シティホテル,71.0
従業者10人以上,2016,和歌山県,ビジネスホテル,70.0
従業者10人以上,2016,和歌山県,リゾートホテル,57.6
従業者10人以上,2016,和歌山県,会社・団体の宿泊所,56.3
従業者10人以上,2016,和歌山県,全体,58.0
従業者10人以上,2016,和歌山県,旅館,48.4
従業者10人以上,2016,和歌山県,簡易宿所,47.3
従業者10人以上,2016,埼玉県,シティホテル,81.2
従業者10人以上,2016,埼玉県,ビジネスホテル,76.8
従業者10人以上,2016,埼玉県,リゾートホテル,31.3
従業者10人以上,2016,埼玉県,会社・団体の宿泊所,19.6
従業者10人以上,2016,埼玉県,全体,73.5
従業者10人以上,2016,埼玉県,旅館,54.6
従業者10人以上,2016,埼玉県,簡易宿所,27.1
従業者10人以上,2016,大分県,シティホテル,67.4
従業者10人以上,2016,大分県,ビジネスホテル,70.1
従業者10人以上,2016,大分県,リゾートホテル,60.6
従業者10人以上,2016,大分県,会社・団体の宿泊所,26.7
従業者10人以上,2016,大分県,全体,62.9
従業者10人以上,2016,大分県,旅館,51.6
従業者10人以上,2016,大分県,簡易宿所,6.7
従業者10人以上,2016,大阪府,シティホテル,88.0
従業者10人以上,2016,大阪府,ビジネスホテル,86.2
従業者10人以上,2016,大阪府,リゾートホテル,89.6
従業者10人以上,2016,大阪府,会社・団体の宿泊所,52.4
従業者10人以上,2016,大阪府,全体,85.9
従業者10人以上,2016,大阪府,旅館,63.8
従業者10人以上,2016,大阪府,簡易宿所,74.4
従業者10人以上,2016,奈良県,シティホテル,77.7
従業者10人以上,2016,奈良県,ビジネスホテル,72.5
従業者10人以上,2016,奈良県,リゾートホテル,79.7
従業者10人以上,2016,奈良県,会社・団体の宿泊所,17.6
従業者10人以上,2016,奈良県,全体,64.1
従業者10人以上,2016,奈良県,旅館,45.0
従業者10人以上,2016,奈良県,簡易宿所,27.1
従業者10人以上,2016,宮城県,シティホテル,70.4
従業者10人以上,2016,宮城県,ビジネスホテル,75.1
従業者10人以上,2016,宮城県,リゾートホテル,42.2
従業者10人以上,2016,宮城県,会社・団体の宿泊所,26.5
従業者10人以上,2016,宮城県,全体,65.8
従業者10人以上,2016,宮城県,旅館,51.2
従業者10人以上,2016,宮城県,簡易宿所,48.1
従業者10人以上,2016,宮崎県,シティホテル,60.1
従業者10人以上,2016,宮崎県,ビジネスホテル,70.1
従業者10人以上,2016,宮崎県,リゾートホテル,42.5
従業者10人以上,2016,宮崎県,全体,60.8
従業者10人以上,2016,宮崎県,旅館,44.1
従業者10人以上,2016,宮崎県,簡易宿所,35.2
従業者10人以上,2016,富山県,シティホテル,66.5
従業者10人以上,2016,富山県,ビジネスホテル,71.2
従業者10人以上,2016,富山県,リゾートホテル,55.0
従業者10人以上,2016,富山県,会社・団体の宿泊所,44.8
従業者10人以上,2016,富山県,全体,61.0
従業者10人以上,2016,富山県,旅館,41.7
従業者10人以上,2016,富山県,簡易宿所,26.1
従業者10人以上,2016,山口県,シティホテル,67.7
従業者10人以上,2016,山口県,ビジネスホテル,72.0
従業者10人以上,2016,山口県,リゾートホテル,53.9
従業者10人以上,2016,山口県,会社・団体の宿泊所,19.6
従業者10人以上,2016,山口県,全体,66.3
従業者10人以上,2016,山口県,旅館,56.1
従業者10人以上,2016,山口県,簡易宿所,32.2
従業者10人以上,2016,山形県,シティホテル,66.1
従業者10人以上,2016,山形県,ビジネスホテル,72.7
従業者10人以上,2016,山形県,リゾートホテル,32.3
従業者10人以上,2016,山形県,会社・団体の宿泊所,38.2
従業者10人以上,2016,山形県,全体,59.9
従業者10人以上,2016,山形県,旅館,48.8
従業者10人以上,2016,山形県,簡易宿所,11.4
従業者10人以上,2016,山梨県,シティホテル,58.5
従業者10人以上,2016,山梨県,ビジネスホテル,72.1
従業者10人以上,2016,山梨県,リゾートホテル,59.6
従業者10人以上,2016,山梨県,会社・団体の宿泊所,61.0
従業者10人以上,2016,山梨県,全体,63.7
従業者10人以上,2016,山梨県,旅館,62.0
従業者10人以上,2016,山梨県,簡易宿所,34.9
従業者10人以上,2016,岐阜県,シティホテル,72.5
従業者10人以上,2016,岐阜県,ビジネスホテル,75.8
従業者10人以上,2016,岐阜県,リゾートホテル,55.4
従業者10人以上,2016,岐阜県,会社・団体の宿泊所,39.7
従業者10人以上,2016,岐阜県,全体,64.4
従業者10人以上,2016,岐阜県,旅館,59.3
従業者10人以上,2016,岐阜県,簡易宿所,25.6
従業者10人以上,2016,岡山県,シティホテル,70.0
従業者10人以上,2016,岡山県,ビジネスホテル,75.3
従業者10人以上,2016,岡山県,リゾートホテル,47.9
従業者10人以上,2016,岡山県,会社・団体の宿泊所,16.8
従業者10人以上,2016,岡山県,全体,69.0
従業者10人以上,2016,岡山県,旅館,54.1
従業者10人以上,2016,岡山県,簡易宿所,44.3
従業者10人以上,2016,岩手県,シティホテル,67.2
従業者10人以上,2016,岩手県,ビジネスホテル,73.6
従業者10人以上,2016,岩手県,リゾートホテル,40.7
従業者10人以上,2016,岩手県,会社・団体の宿泊所,62.0
従業者10人以上,2016,岩手県,全体,60.0
従業者10人以上,2016,岩手県,旅館,53.1
従業者10人以上,2016,岩手県,簡易宿所,43.9
従業者10人以上,2016,島根県,シティホテル,68.4
従業者10人以上,2016,島根県,ビジネスホテル,78.3
従業者10人以上,2016,島根県,リゾートホテル,41.4
従業者10人以上,2016,島根県,会社・団体の宿泊所,51.0
従業者10人以上,2016,島根県,全体,70.9
従業者10人以上,2016,島根県,旅館,59.1
従業者10人以上,2016,島根県,簡易宿所,29.7
従業者10人以上,2016,広島県,シティホテル,81.8
従業者10人以上,2016,広島県,ビジネスホテル,80.7
従業者10人以上,2016,広島県,リゾートホテル,58.9
従業者10人以上,2016,広島県,会社・団体の宿泊所,22.7
従業者10人以上,2016,広島県,全体,73.7
従業者10人以上,2016,広島県,旅館,54.1
従業者10人以上,2016,広島県,簡易宿所,45.9
従業者10人以上,2016,徳島県,シティホテル,63.9
従業者10人以上,2016,徳島県,ビジネスホテル,75.4
従業者10人以上,2016,徳島県,リゾートホテル,62.2
従業者10人以上,2016,徳島県,会社・団体の宿泊所,18.5
従業者10人以上,2016,徳島県,全体,64.5
従業者10人以上,2016,徳島県,旅館,44.9
従業者10人以上,2016,徳島県,簡易宿所,20.9
従業者10人以上,2016,愛媛県,シティホテル,70.2
従業者10人以上,2016,愛媛県,ビジネスホテル,71.5
従業者10人以上,2016,愛媛県,リゾートホテル,60.3
従業者10人以上,2016,愛媛県,会社・団体の宿泊所,47.7
従業者10人以上,2016,愛媛県,全体,68.9
従業者10人以上,2016,愛媛県,旅館,65.1
従業者10人以上,2016,愛媛県,簡易宿所,33.4
従業者10人以上,2016,愛知県,シティホテル,80.5
従業者10人以上,2016,愛知県,ビジネスホテル,79.5
従業者10人以上,2016,愛知県,リゾートホテル,54.3
従業者10人以上,2016,愛知県,会社・団体の宿泊所,60.2
従業者10人以上,2016,愛知県,全体,75.4
従業者10人以上,2016,愛知県,旅館,47.6
従業者10人以上,2016,愛知県,簡易宿所,52.7
従業者10人以上,2016,新潟県,シティホテル,67.3
従業者10人以上,2016,新潟県,ビジネスホテル,70.3
従業者10人以上,2016,新潟県,リゾートホテル,33.2
従業者10人以上,2016,新潟県,会社・団体の宿泊所,34.9
従業者10人以上,2016,新潟県,全体,57.7
従業者10人以上,2016,新潟県,旅館,46.8
従業者10人以上,2016,新潟県,簡易宿所,30.6
従業者10人以上,2016,東京都,シティホテル,80.9
従業者10人以上,2016,東京都,ビジネスホテル,84.1
従業者10人以上,2016,東京都,リゾートホテル,77.4
従業者10人以上,2016,東京都,会社・団体の宿泊所,62.9
従業者10人以上,2016,東京都,全体,82.2
従業者10人以上,2016,東京都,旅館,80.9
従業者10人以上,2016,東京都,簡易宿所,69.6
従業者10人以上,2016,栃木県,シティホテル,62.7
従業者10人以上,2016,栃木県,ビジネスホテル,75.2
従業者10人以上,2016,栃木県,リゾートホテル,57.2
従業者10人以上,2016,栃木県,会社・団体の宿泊所,37.7
従業者10人以上,2016,栃木県,全体,62.9
従業者10人以上,2016,栃木県,旅館,55.1
従業者10人以上,2016,栃木県,簡易宿所,43.2
従業者10人以上,2016,沖縄県,シティホテル,81.6
従業者10人以上,2016,沖縄県,ビジネスホテル,79.3
従業者10人以上,2016,沖縄県,リゾートホテル,76.8
従業者10人以上,2016,沖縄県,会社・団体の宿泊所,52.2
従業者10人以上,2016,沖縄県,全体,77.8
従業者10人以上,2016,沖縄県,旅館,10.2
従業者10人以上,2016,沖縄県,簡易宿所,61.1
従業者10人以上,2016,滋賀県,シティホテル,73.7
従業者10人以上,2016,滋賀県,ビジネスホテル,71.8
従業者10人以上,2016,滋賀県,リゾートホテル,58.4
従業者10人以上,2016,滋賀県,会社・団体の宿泊所,29.4
従業者10人以上,2016,滋賀県,全体,64.9
従業者10人以上,2016,滋賀県,旅館,58.6
従業者10人以上,2016,滋賀県,簡易宿所,27.3
従業者10人以上,2016,熊本県,シティホテル,73.9
従業者10人以上,2016,熊本県,ビジネスホテル,74.4
従業者10人以上,2016,熊本県,リゾートホテル,45.2
従業者10人以上,2016,熊本県,会社・団体の宿泊所,32.4
従業者10人以上,2016,熊本県,全体,66.8
従業者10人以上,2016,熊本県,旅館,55.1
従業者10人以上,2016,熊本県,簡易宿所,44.4
従業者10人以上,2016,石川県,シティホテル,80.4
従業者10人以上,2016,石川県,ビジネスホテル,79.9
従業者10人以上,2016,石川県,リゾートホテル,52.8
従業者10人以上,2016,石川県,会社・団体の宿泊所,47.7
従業者10人以上,2016,石川県,全体,72.0
従業者10人以上,2016,石川県,旅館,60.2
従業者10人以上,2016,石川県,簡易宿所,29.0
従業者10人以上,2016,神奈川県,シティホテル,82.1
従業者10人以上,2016,神奈川県,ビジネスホテル,81.9
従業者10人以上,2016,神奈川県,リゾートホテル,69.4
従業者10人以上,2016,神奈川県,会社・団体の宿泊所,52.3
従業者10人以上,2016,神奈川県,全体,77.4
従業者10人以上,2016,神奈川県,旅館,67.3
従業者10人以上,2016,神奈川県,簡易宿所,49.5
従業者10人以上,2016,福井県,シティホテル,56.6
従業者10人以上,2016,福井県,ビジネスホテル,74.6
従業者10人以上,2016,福井県,リゾートホテル,53.0
従業者10人以上,2016,福井県,会社・団体の宿泊所,57.1
従業者10人以上,2016,福井県,全体,63.3
従業者10人以上,2016,福井県,旅館,51.1
従業者10人以上,2016,福井県,簡易宿所,32.6
従業者10人以上,2016,福岡県,シティホテル,81.5
従業者10人以上,2016,福岡県,ビジネスホテル,78.7
従業者10人以上,2016,福岡県,リゾートホテル,62.8
従業者10人以上,2016,福岡県,会社・団体の宿泊所,37.1
従業者10人以上,2016,福岡県,全体,75.4
従業者10人以上,2016,福岡県,旅館,40.5
従業者10人以上,2016,福岡県,簡易宿所,39.1
従業者10人以上,2016,福島県,シティホテル,70.3
従業者10人以上,2016,福島県,ビジネスホテル,79.3
従業者10人以上,2016,福島県,リゾートホテル,46.7
従業者10人以上,2016,福島県,会社・団体の宿泊所,40.0
従業者10人以上,2016,福島県,全体,64.1
従業者10人以上,2016,福島県,旅館,49.2
従業者10人以上,2016,福島県,簡易宿所,20.0
従業者10人以上,2016,秋田県,シティホテル,65.7
従業者10人以上,2016,秋田県,ビジネスホテル,65.4
従業者10人以上,2016,秋田県,リゾートホテル,33.4
従業者10人以上,2016,秋田県,会社・団体の宿泊所,32.4
従業者10人以上,2016,秋田県,全体,56.0
従業者10人以上,2016,秋田県,旅館,46.1
従業者10人以上,2016,秋田県,簡易宿所,24.8
従業者10人以上,2016,群馬県,シティホテル,62.2
従業者10人以上,2016,群馬県,ビジネスホテル,75.3
従業者10人以上,2016,群馬県,リゾートホテル,49.9
従業者10人以上,2016,群馬県,会社・団体の宿泊所,34.2
従業者10人以上,2016,群馬県,全体,64.6
従業者10人以上,2016,群馬県,旅館,60.7
従業者10人以上,2016,群馬県,簡易宿所,16.8
従業者10人以上,2016,茨城県,シティホテル,70.7
従業者10人以上,2016,茨城県,ビジネスホテル,69.2
従業者10人以上,2016,茨城県,リゾートホテル,55.5
従業者10人以上,2016,茨城県,会社・団体の宿泊所,59.0
従業者10人以上,2016,茨城県,全体,64.6
従業者10人以上,2016,茨城県,旅館,41.4
従業者10人以上,2016,茨城県,簡易宿所,31.1
従業者10人以上,2016,長崎県,シティホテル,67.9
従業者10人以上,2016,長崎県,ビジネスホテル,74.5
従業者10人以上,2016,長崎県,リゾートホテル,55.1
従業者10人以上,2016,長崎県,会社・団体の宿泊所,45.1
従業者10人以上,2016,長崎県,全体,64.1
従業者10人以上,2016,長崎県,旅館,46.3
従業者10人以上,2016,長崎県,簡易宿所,42.2
従業者10人以上,2016,長野県,シティホテル,73.3
従業者10人以上,2016,長野県,ビジネスホテル,72.4
従業者10人以上,2016,長野県,リゾートホテル,43.0
従業者10人以上,2016,長野県,会社・団体の宿泊所,32.0
従業者10人以上,2016,長野県,全体,55.0
従業者10人以上,2016,長野県,旅館,47.7
従業者10人以上,2016,長野県,簡易宿所,21.0
従業者10人以上,2016,青森県,シティホテル,60.3
従業者10人以上,2016,青森県,ビジネスホテル,64.7
従業者10人以上,2016,青森県,リゾートホテル,40.4
従業者10人以上,2016,青森県,会社・団体の宿泊所,4.3
従業者10人以上,2016,青森県,全体,59.8
従業者10人以上,2016,青森県,旅館,54.7
従業者10人以上,2016,青森県,簡易宿所,29.3
従業者10人以上,2016,静岡県,シティホテル,72.4
従業者10人以上,2016,静岡県,ビジネスホテル,74.4
従業者10人以上,2016,静岡県,リゾートホテル,54.2
従業者10人以上,2016,静岡県,会社・団体の宿泊所,32.3
従業者10人以上,2016,静岡県,全体,64.8
従業者10人以上,2016,静岡県,旅館,63.2
従業者10人以上,2016,静岡県,簡易宿所,28.1
従業者10人以上,2016,香川県,シティホテル,66.9
従業者10人以上,2016,香川県,ビジネスホテル,71.8
従業者10人以上,2016,香川県,リゾートホテル,69.1
従業者10人以上,2016,香川県,会社・団体の宿泊所,28.7
従業者10人以上,2016,香川県,全体,66.5
従業者10人以上,2016,香川県,旅館,54.5
従業者10人以上,2016,香川県,簡易宿所,38.2
従業者10人以上,2016,高知県,シティホテル,72.2
従業者10人以上,2016,高知県,ビジネスホテル,70.4
従業者10人以上,2016,高知県,リゾートホテル,51.4
従業者10人以上,2016,高知県,全体,63.7
従業者10人以上,2016,高知県,旅館,47.6
従業者10人以上,2016,高知県,簡易宿所,39.2
従業者10人以上,2016,鳥取県,シティホテル,74.1
従業者10人以上,2016,鳥取県,ビジネスホテル,76.4
従業者10人以上,2016,鳥取県,リゾートホテル,45.7
従業者10人以上,2016,鳥取県,全体,63.7
従業者10人以上,2016,鳥取県,旅館,50.0
従業者10人以上,2016,鳥取県,簡易宿所,36.0
従業者10人以上,2016,鹿児島県,シティホテル,64.4
従業者10人以上,2016,鹿児島県,ビジネスホテル,71.8
従業者10人以上,2016,鹿児島県,リゾートホテル,41.1
従業者10人以上,2016,鹿児島県,会社・団体の宿泊所,20.3
従業者10人以上,2016,鹿児島県,全体,62.4
従業者10人以上,2016,鹿児島県,旅館,52.5
従業者10人以上,2016,鹿児島県,簡易宿所,19.6
従業者10人以上,2017,三重県,シティホテル,75.6
従業者10人以上,2017,三重県,ビジネスホテル,70.5
従業者10人以上,2017,三重県,リゾートホテル,53.1
従業者10人以上,2017,三重県,会社・団体の宿泊所,35.4
従業者10人以上,2017,三重県,全体,63.3
従業者10人以上,2017,三重県,旅館,53.4
従業者10人以上,2017,三重県,簡易宿所,19.2
従業者10人以上,2017,京都府,シティホテル,84.8
従業者10人以上,2017,京都府,ビジネスホテル,85.2
従業者10人以上,2017,京都府,リゾートホテル,54.6
従業者10人以上,2017,京都府,会社・団体の宿泊所,59.3
従業者10人以上,2017,京都府,全体,77.8
従業者10人以上,2017,京都府,旅館,57.0
従業者10人以上,2017,京都府,簡易宿所,64.9
従業者10人以上,2017,佐賀県,シティホテル,69.3
従業者10人以上,2017,佐賀県,ビジネスホテル,75.6
従業者10人以上,2017,佐賀県,リゾートホテル,66.2
従業者10人以上,2017,佐賀県,会社・団体の宿泊所,6.9
従業者10人以上,2017,佐賀県,全体,66.6
従業者10人以上,2017,佐賀県,旅館,54.4
従業者10人以上,2017,佐賀県,簡易宿所,23.7
従業者10人以上,2017,全国,シティホテル,79.7
従業者10人以上,2017,全国,ビジネスホテル,78.4
従業者10人以上,2017,全国,リゾートホテル,61.2
従業者10人以上,2017,全国,会社・団体の宿泊所,42.8
従業者10人以上,2017,全国,全体,71.7
従業者10人以上,2017,全国,旅館,54.9
従業者10人以上,2017,全国,簡易宿所,49.5
従業者10人以上,2017,兵庫県,シティホテル,76.8
従業者10人以上,2017,兵庫県,ビジネスホテル,77.8
従業者10人以上,2017,兵庫県,リゾートホテル,61.8
従業者10人以上,2017,兵庫県,会社・団体の宿泊所,34.2
従業者10人以上,2017,兵庫県,全体,68.7
従業者10人以上,2017,兵庫県,旅館,57.8
従業者10人以上,2017,兵庫県,簡易宿所,28.2
従業者10人以上,2017,北海道,シティホテル,78.4
従業者10人以上,2017,北海道,ビジネスホテル,78.2
従業者10人以上,2017,北海道,リゾートホテル,56.5
従業者10人以上,2017,北海道,会社・団体の宿泊所,53.4
従業者10人以上,2017,北海道,全体,72.0
従業者10人以上,2017,北海道,旅館,64.0
従業者10人以上,2017,北海道,簡易宿所,53.3
従業者10人以上,2017,千葉県,シティホテル,80.5
従業者10人以上,2017,千葉県,ビジネスホテル,77.0
従業者10人以上,2017,千葉県,リゾートホテル,82.5
従業者10人以上,2017,千葉県,会社・団体の宿泊所,48.8
従業者10人以上,2017,千葉県,全体,77.4
従業者10人以上,2017,千葉県,旅館,51.3
従業者10人以上,2017,千葉県,簡易宿所,54.0
従業者10人以上,2017,和歌山県,シティホテル,71.8
従業者10人以上,2017,和歌山県,ビジネスホテル,73.7
従業者10人以上,2017,和歌山県,リゾートホテル,55.4
従業者10人以上,2017,和歌山県,会社・団体の宿泊所,50.2
従業者10人以上,2017,和歌山県,全体,57.6
従業者10人以上,2017,和歌山県,旅館,46.1
従業者10人以上,2017,和歌山県,簡易宿所,33.2
従業者10人以上,2017,埼玉県,シティホテル,78.1
従業者10人以上,2017,埼玉県,ビジネスホテル,75.4
従業者10人以上,2017,埼玉県,リゾートホテル,34.5
従業者10人以上,2017,埼玉県,会社・団体の宿泊所,15.4
従業者10人以上,2017,埼玉県,全体,71.7
従業者10人以上,2017,埼玉県,旅館,53.3
従業者10人以上,2017,埼玉県,簡易宿所,43.5
従業者10人以上,2017,大分県,シティホテル,67.1
従業者10人以上,2017,大分県,ビジネスホテル,72.5
従業者10人以上,2017,大分県,リゾートホテル,69.4
従業者10人以上,2017,大分県,会社・団体の宿泊所,30.8
従業者10人以上,2017,大分県,全体,66.6
従業者10人以上,2017,大分県,旅館,55.9
従業者10人以上,2017,大分県,簡易宿所,21.7
従業者10人以上,2017,大阪府,シティホテル,88.8
従業者10人以上,2017,大阪府,ビジネスホテル,85.6
従業者10人以上,2017,大阪府,リゾートホテル,92.4
従業者10人以上,2017,大阪府,会社・団体の宿泊所,50.9
従業者10人以上,2017,大阪府,全体,85.5
従業者10人以上,2017,大阪府,旅館,64.8
従業者10人以上,2017,大阪府,簡易宿所,67.4
従業者10人以上,2017,奈良県,シティホテル,76.4
従業者10人以上,2017,奈良県,ビジネスホテル,67.1
従業者10人以上,2017,奈良県,リゾートホテル,70.3
従業者10人以上,2017,奈良県,会社・団体の宿泊所,15.3
従業者10人以上,2017,奈良県,全体,59.9
従業者10人以上,2017,奈良県,旅館,42.9
従業者10人以上,2017,奈良県,簡易宿所,26.1
従業者10人以上,2017,宮城県,シティホテル,68.1
従業者10人以上,2017,宮城県,ビジネスホテル,75.3
従業者10人以上,2017,宮城県,リゾートホテル,46.3
従業者10人以上,2017,宮城県,会社・団体の宿泊所,29.2
従業者10人以上,2017,宮城県,全体,65.5
従業者10人以上,2017,宮城県,旅館,50.2
従業者10人以上,2017,宮城県,簡易宿所,46.6
従業者10人以上,2017,宮崎県,シティホテル,61.8
従業者10人以上,2017,宮崎県,ビジネスホテル,69.8
従業者10人以上,2017,宮崎県,リゾートホテル,40.1
従業者10人以上,2017,宮崎県,会社・団体の宿泊所,5.9
従業者10人以上,2017,宮崎県,全体,60.5
従業者10人以上,2017,宮崎県,旅館,46.7
従業者10人以上,2017,宮崎県,簡易宿所,20.6
従業者10人以上,2017,富山県,シティホテル,68.5
従業者10人以上,2017,富山県,ビジネスホテル,69.8
従業者10人以上,2017,富山県,リゾートホテル,54.0
従業者10人以上,2017,富山県,会社・団体の宿泊所,46.2
従業者10人以上,2017,富山県,全体,61.9
従業者10人以上,2017,富山県,旅館,46.6
従業者10人以上,2017,富山県,簡易宿所,26.0
従業者10人以上,2017,山口県,シティホテル,63.4
従業者10人以上,2017,山口県,ビジネスホテル,66.6
従業者10人以上,2017,山口県,リゾートホテル,53.3
従業者10人以上,2017,山口県,会社・団体の宿泊所,20.9
従業者10人以上,2017,山口県,全体,62.9
従業者10人以上,2017,山口県,旅館,56.2
従業者10人以上,2017,山口県,簡易宿所,29.4
従業者10人以上,2017,山形県,シティホテル,69.2
従業者10人以上,2017,山形県,ビジネスホテル,72.5
従業者10人以上,2017,山形県,リゾートホテル,34.3
従業者10人以上,2017,山形県,会社・団体の宿泊所,35.7
従業者10人以上,2017,山形県,全体,61.2
従業者10人以上,2017,山形県,旅館,51.2
従業者10人以上,2017,山形県,簡易宿所,12.1
従業者10人以上,2017,山梨県,シティホテル,64.3
従業者10人以上,2017,山梨県,ビジネスホテル,73.7
従業者10人以上,2017,山梨県,リゾートホテル,58.8
従業者10人以上,2017,山梨県,会社・団体の宿泊所,49.5
従業者10人以上,2017,山梨県,全体,62.8
従業者10人以上,2017,山梨県,旅館,59.6
従業者10人以上,2017,山梨県,簡易宿所,32.8
従業者10人以上,2017,岐阜県,シティホテル,71.8
従業者10人以上,2017,岐阜県,ビジネスホテル,73.1
従業者10人以上,2017,岐阜県,リゾートホテル,56.4
従業者10人以上,2017,岐阜県,会社・団体の宿泊所,47.9
従業者10人以上,2017,岐阜県,全体,63.7
従業者10人以上,2017,岐阜県,旅館,59.7
従業者10人以上,2017,岐阜県,簡易宿所,24.2
従業者10人以上,2017,岡山県,シティホテル,68.8
従業者10人以上,2017,岡山県,ビジネスホテル,80.1
従業者10人以上,2017,岡山県,リゾートホテル,48.3
従業者10人以上,2017,岡山県,会社・団体の宿泊所,16.2
従業者10人以上,2017,岡山県,全体,71.5
従業者10人以上,2017,岡山県,旅館,49.0
従業者10人以上,2017,岡山県,簡易宿所,51.2
従業者10人以上,2017,岩手県,シティホテル,66.4
従業者10人以上,2017,岩手県,ビジネスホテル,73.3
従業者10人以上,2017,岩手県,リゾートホテル,45.2
従業者10人以上,2017,岩手県,会社・団体の宿泊所,61.6
従業者10人以上,2017,岩手県,全体,61.3
従業者10人以上,2017,岩手県,旅館,51.4
従業者10人以上,2017,岩手県,簡易宿所,51.2
従業者10人以上,2017,島根県,シティホテル,73.6
従業者10人以上,2017,島根県,ビジネスホテル,78.7
従業者10人以上,2017,島根県,リゾートホテル,45.0
従業者10人以上,2017,島根県,会社・団体の宿泊所,52.8
従業者10人以上,2017,島根県,全体,71.4
従業者10人以上,2017,島根県,旅館,57.2
従業者10人以上,2017,島根県,簡易宿所,21.6
従業者10人以上,2017,広島県,シティホテル,85.0
従業者10人以上,2017,広島県,ビジネスホテル,78.4
従業者10人以上,2017,広島県,リゾートホテル,53.4
従業者10人以上,2017,広島県,会社・団体の宿泊所,21.5
従業者10人以上,2017,広島県,全体,72.2
従業者10人以上,2017,広島県,旅館,49.1
従業者10人以上,2017,広島県,簡易宿所,48.1
従業者10人以上,2017,徳島県,シティホテル,60.3
従業者10人以上,2017,徳島県,ビジネスホテル,74.8
従業者10人以上,2017,徳島県,リゾートホテル,59.2
従業者10人以上,2017,徳島県,会社・団体の宿泊所,18.3
従業者10人以上,2017,徳島県,全体,64.1
従業者10人以上,2017,徳島県,旅館,42.4
従業者10人以上,2017,徳島県,簡易宿所,20.9
従業者10人以上,2017,愛媛県,シティホテル,76.4
従業者10人以上,2017,愛媛県,ビジネスホテル,74.4
従業者10人以上,2017,愛媛県,リゾートホテル,68.7
従業者10人以上,2017,愛媛県,会社・団体の宿泊所,54.4
従業者10人以上,2017,愛媛県,全体,70.6
従業者10人以上,2017,愛媛県,旅館,61.7
従業者10人以上,2017,愛媛県,簡易宿所,27.8
従業者10人以上,2017,愛知県,シティホテル,80.5
従業者10人以上,2017,愛知県,ビジネスホテル,81.5
従業者10人以上,2017,愛知県,リゾートホテル,56.0
従業者10人以上,2017,愛知県,会社・団体の宿泊所,56.5
従業者10人以上,2017,愛知県,全体,77.2
従業者10人以上,2017,愛知県,旅館,47.1
従業者10人以上,2017,愛知県,簡易宿所,60.1
従業者10人以上,2017,新潟県,シティホテル,66.1
従業者10人以上,2017,新潟県,ビジネスホテル,71.3
従業者10人以上,2017,新潟県,リゾートホテル,34.4
従業者10人以上,2017,新潟県,会社・団体の宿泊所,34.0
従業者10人以上,2017,新潟県,全体,57.7
従業者10人以上,2017,新潟県,旅館,47.2
従業者10人以上,2017,新潟県,簡易宿所,25.1
従業者10人以上,2017,東京都,シティホテル,83.0
従業者10人以上,2017,東京都,ビジネスホテル,85.5
従業者10人以上,2017,東京都,リゾートホテル,74.9
従業者10人以上,2017,東京都,会社・団体の宿泊所,62.1
従業者10人以上,2017,東京都,全体,83.3
従業者10人以上,2017,東京都,旅館,80.3
従業者10人以上,2017,東京都,簡易宿所,63.0
従業者10人以上,2017,栃木県,シティホテル,66.3
従業者10人以上,2017,栃木県,ビジネスホテル,78.4
従業者10人以上,2017,栃木県,リゾートホテル,57.4
従業者10人以上,2017,栃木県,会社・団体の宿泊所,42.1
従業者10人以上,2017,栃木県,全体,66.0
従業者10人以上,2017,栃木県,旅館,55.5
従業者10人以上,2017,栃木県,簡易宿所,41.0
従業者10人以上,2017,沖縄県,シティホテル,80.9
従業者10人以上,2017,沖縄県,ビジネスホテル,80.7
従業者10人以上,2017,沖縄県,リゾートホテル,75.3
従業者10人以上,2017,沖縄県,会社・団体の宿泊所,46.3
従業者10人以上,2017,沖縄県,全体,77.5
従業者10人以上,2017,沖縄県,旅館,66.4
従業者10人以上,2017,沖縄県,簡易宿所,59.8
従業者10人以上,2017,滋賀県,シティホテル,73.2
従業者10人以上,2017,滋賀県,ビジネスホテル,70.5
従業者10人以上,2017,滋賀県,リゾートホテル,60.5
従業者10人以上,2017,滋賀県,会社・団体の宿泊所,28.1
従業者10人以上,2017,滋賀県,全体,65.2
従業者10人以上,2017,滋賀県,旅館,59.3
従業者10人以上,2017,滋賀県,簡易宿所,29.1
従業者10人以上,2017,熊本県,シティホテル,77.1
従業者10人以上,2017,熊本県,ビジネスホテル,80.3
従業者10人以上,2017,熊本県,リゾートホテル,51.1
従業者10人以上,2017,熊本県,会社・団体の宿泊所,40.6
従業者10人以上,2017,熊本県,全体,70.6
従業者10人以上,2017,熊本県,旅館,54.0
従業者10人以上,2017,熊本県,簡易宿所,48.4
従業者10人以上,2017,石川県,シティホテル,79.5
従業者10人以上,2017,石川県,ビジネスホテル,77.8
従業者10人以上,2017,石川県,リゾートホテル,55.2
従業者10人以上,2017,石川県,会社・団体の宿泊所,54.0
従業者10人以上,2017,石川県,全体,70.9
従業者10人以上,2017,石川県,旅館,58.7
従業者10人以上,2017,石川県,簡易宿所,24.7
従業者10人以上,2017,神奈川県,シティホテル,82.9
従業者10人以上,2017,神奈川県,ビジネスホテル,81.6
従業者10人以上,2017,神奈川県,リゾートホテル,70.5
従業者10人以上,2017,神奈川県,会社・団体の宿泊所,49.9
従業者10人以上,2017,神奈川県,全体,77.1
従業者10人以上,2017,神奈川県,旅館,65.9
従業者10人以上,2017,神奈川県,簡易宿所,49.5
従業者10人以上,2017,福井県,シティホテル,58.7
従業者10人以上,2017,福井県,ビジネスホテル,74.4
従業者10人以上,2017,福井県,リゾートホテル,50.2
従業者10人以上,2017,福井県,会社・団体の宿泊所,54.3
従業者10人以上,2017,福井県,全体,63.2
従業者10人以上,2017,福井県,旅館,49.5
従業者10人以上,2017,福井県,簡易宿所,28.1
従業者10人以上,2017,福岡県,シティホテル,82.6
従業者10人以上,2017,福岡県,ビジネスホテル,81.1
従業者10人以上,2017,福岡県,リゾートホテル,66.9
従業者10人以上,2017,福岡県,会社・団体の宿泊所,46.0
従業者10人以上,2017,福岡県,全体,77.8
従業者10人以上,2017,福岡県,旅館,41.7
従業者10人以上,2017,福岡県,簡易宿所,44.8
従業者10人以上,2017,福島県,シティホテル,67.8
従業者10人以上,2017,福島県,ビジネスホテル,75.3
従業者10人以上,2017,福島県,リゾートホテル,49.1
従業者10人以上,2017,福島県,会社・団体の宿泊所,29.5
従業者10人以上,2017,福島県,全体,61.8
従業者10人以上,2017,福島県,旅館,49.8
従業者10人以上,2017,福島県,簡易宿所,24.4
従業者10人以上,2017,秋田県,シティホテル,70.7
従業者10人以上,2017,秋田県,ビジネスホテル,69.8
従業者10人以上,2017,秋田県,リゾートホテル,38.5
従業者10人以上,2017,秋田県,会社・団体の宿泊所,26.6
従業者10人以上,2017,秋田県,全体,58.1
従業者10人以上,2017,秋田県,旅館,46.0
従業者10人以上,2017,秋田県,簡易宿所,25.2
従業者10人以上,2017,群馬県,シティホテル,62.3
従業者10人以上,2017,群馬県,ビジネスホテル,76.1
従業者10人以上,2017,群馬県,リゾートホテル,50.5
従業者10人以上,2017,群馬県,会社・団体の宿泊所,37.4
従業者10人以上,2017,群馬県,全体,64.2
従業者10人以上,2017,群馬県,旅館,59.5
従業者10人以上,2017,群馬県,簡易宿所,29.0
従業者10人以上,2017,茨城県,シティホテル,69.5
従業者10人以上,2017,茨城県,ビジネスホテル,71.9
従業者10人以上,2017,茨城県,リゾートホテル,48.9
従業者10人以上,2017,茨城県,会社・団体の宿泊所,51.3
従業者10人以上,2017,茨城県,全体,66.5
従業者10人以上,2017,茨城県,旅館,43.1
従業者10人以上,2017,茨城県,簡易宿所,20.4
従業者10人以上,2017,長崎県,シティホテル,71.7
従業者10人以上,2017,長崎県,ビジネスホテル,76.2
従業者10人以上,2017,長崎県,リゾートホテル,57.1
従業者10人以上,2017,長崎県,会社・団体の宿泊所,42.5
従業者10人以上,2017,長崎県,全体,66.6
従業者10人以上,2017,長崎県,旅館,51.6
従業者10人以上,2017,長崎県,簡易宿所,39.9
従業者10人以上,2017,長野県,シティホテル,74.5
従業者10人以上,2017,長野県,ビジネスホテル,73.0
従業者10人以上,2017,長野県,リゾートホテル,46.1
従業者10人以上,2017,長野県,会社・団体の宿泊所,30.3
従業者10人以上,2017,長野県,全体,56.9
従業者10人以上,2017,長野県,旅館,47.5
従業者10人以上,2017,長野県,簡易宿所,20.7
従業者10人以上,2017,青森県,シティホテル,63.2
従業者10人以上,2017,青森県,ビジネスホテル,69.6
従業者10人以上,2017,青森県,リゾートホテル,44.6
従業者10人以上,2017,青森県,全体,63.5
従業者10人以上,2017,青森県,旅館,54.5
従業者10人以上,2017,青森県,簡易宿所,40.0
従業者10人以上,2017,静岡県,シティホテル,74.2
従業者10人以上,2017,静岡県,ビジネスホテル,73.9
従業者10人以上,2017,静岡県,リゾートホテル,57.3
従業者10人以上,2017,静岡県,会社・団体の宿泊所,31.3
従業者10人以上,2017,静岡県,全体,65.5
従業者10人以上,2017,静岡県,旅館,63.2
従業者10人以上,2017,静岡県,簡易宿所,30.7
従業者10人以上,2017,香川県,シティホテル,65.8
従業者10人以上,2017,香川県,ビジネスホテル,73.0
従業者10人以上,2017,香川県,リゾートホテル,66.6
従業者10人以上,2017,香川県,会社・団体の宿泊所,12.1
従業者10人以上,2017,香川県,全体,67.1
従業者10人以上,2017,香川県,旅館,57.4
従業者10人以上,2017,香川県,簡易宿所,34.6
従業者10人以上,2017,高知県,シティホテル,75.8
従業者10人以上,2017,高知県,ビジネスホテル,70.5
従業者10人以上,2017,高知県,リゾートホテル,52.5
従業者10人以上,2017,高知県,全体,65.0
従業者10人以上,2017,高知県,旅館,49.3
従業者10人以上,2017,高知県,簡易宿所,35.6
従業者10人以上,2017,鳥取県,シティホテル,77.1
従業者10人以上,2017,鳥取県,ビジネスホテル,77.0
従業者10人以上,2017,鳥取県,リゾートホテル,59.3
従業者10人以上,2017,鳥取県,全体,64.7
従業者10人以上,2017,鳥取県,旅館,50.1
従業者10人以上,2017,鳥取県,簡易宿所,36.2
従業者10人以上,2017,鹿児島県,シティホテル,68.1
従業者10人以上,2017,鹿児島県,ビジネスホテル,76.0
従業者10人以上,2017,鹿児島県,リゾートホテル,43.5
従業者10人以上,2017,鹿児島県,会社・団体の宿泊所,24.1
従業者10人以上,2017,鹿児島県,全体,66.5
従業者10人以上,2017,鹿児島県,旅館,55.0
従業者10人以上,2017,鹿児島県,簡易宿所,16.9
従業者10人以上,2018,三重県,シティホテル,75.8
従業者10人以上,2018,三重県,ビジネスホテル,71.2
従業者10人以上,2018,三重県,リゾートホテル,53.0
従業者10人以上,2018,三重県,会社・団体の宿泊所,39.7
従業者10人以上,2018,三重県,全体,63.5
従業者10人以上,2018,三重県,旅館,54.2
従業者10人以上,2018,三重県,簡易宿所,16.9
従業者10人以上,2018,京都府,シティホテル,83.7
従業者10人以上,2018,京都府,ビジネスホテル,83.4
従業者10人以上,2018,京都府,リゾートホテル,54.0
従業者10人以上,2018,京都府,会社・団体の宿泊所,60.2
従業者10人以上,2018,京都府,全体,76.0
従業者10人以上,2018,京都府,旅館,54.7
従業者10人以上,2018,京都府,簡易宿所,57.5
従業者10人以上,2018,佐賀県,シティホテル,70.5
従業者10人以上,2018,佐賀県,ビジネスホテル,76.6
従業者10人以上,2018,佐賀県,リゾートホテル,67.3
従業者10人以上,2018,佐賀県,会社・団体の宿泊所,5.3
従業者10人以上,2018,佐賀県,全体,67.4
従業者10人以上,2018,佐賀県,旅館,55.4
従業者10人以上,2018,佐賀県,簡易宿所,23.0
従業者10人以上,2018,全国,シティホテル,80.3
従業者10人以上,2018,全国,ビジネスホテル,78.5
従業者10人以上,2018,全国,リゾートホテル,61.2
従業者10人以上,2018,全国,会社・団体の宿泊所,42.5
従業者10人以上,2018,全国,全体,71.9
従業者10人以上,2018,全国,旅館,55.1
従業者10人以上,2018,全国,簡易宿所,48.6
従業者10人以上,2018,兵庫県,シティホテル,75.8
従業者10人以上,2018,兵庫県,ビジネスホテル,78.2
従業者10人以上,2018,兵庫県,リゾートホテル,60.1
従業者10人以上,2018,兵庫県,会社・団体の宿泊所,34.0
従業者10人以上,2018,兵庫県,全体,68.5
従業者10人以上,2018,兵庫県,旅館,59.2
従業者10人以上,2018,兵庫県,簡易宿所,30.5
従業者10人以上,2018,北海道,シティホテル,76.7
従業者10人以上,2018,北海道,ビジネスホテル,78.2
従業者10人以上,2018,北海道,リゾートホテル,53.7
従業者10人以上,2018,北海道,会社・団体の宿泊所,51.8
従業者10人以上,2018,北海道,全体,70.7
従業者10人以上,2018,北海道,旅館,61.2
従業者10人以上,2018,北海道,簡易宿所,55.4
従業者10人以上,2018,千葉県,シティホテル,82.4
従業者10人以上,2018,千葉県,ビジネスホテル,73.8
従業者10人以上,2018,千葉県,リゾートホテル,82.9
従業者10人以上,2018,千葉県,会社・団体の宿泊所,47.5
従業者10人以上,2018,千葉県,全体,76.4
従業者10人以上,2018,千葉県,旅館,51.2
従業者10人以上,2018,千葉県,簡易宿所,50.2
従業者10人以上,2018,和歌山県,シティホテル,75.3
従業者10人以上,2018,和歌山県,ビジネスホテル,74.5
従業者10人以上,2018,和歌山県,リゾートホテル,55.7
従業者10人以上,2018,和歌山県,会社・団体の宿泊所,47.3
従業者10人以上,2018,和歌山県,全体,59.1
従業者10人以上,2018,和歌山県,旅館,49.4
従業者10人以上,2018,和歌山県,簡易宿所,49.8
従業者10人以上,2018,埼玉県,シティホテル,79.4
従業者10人以上,2018,埼玉県,ビジネスホテル,76.4
従業者10人以上,2018,埼玉県,リゾートホテル,36.2
従業者10人以上,2018,埼玉県,会社・団体の宿泊所,19.4
従業者10人以上,2018,埼玉県,全体,72.6
従業者10人以上,2018,埼玉県,旅館,52.7
従業者10人以上,2018,埼玉県,簡易宿所,48.7
従業者10人以上,2018,大分県,シティホテル,70.5
従業者10人以上,2018,大分県,ビジネスホテル,72.2
従業者10人以上,2018,大分県,リゾートホテル,65.2
従業者10人以上,2018,大分県,会社・団体の宿泊所,31.2
従業者10人以上,2018,大分県,全体,65.9
従業者10人以上,2018,大分県,旅館,55.5
従業者10人以上,2018,大分県,簡易宿所,24.6
従業者10人以上,2018,大阪府,シティホテル,87.3
従業者10人以上,2018,大阪府,ビジネスホテル,82.5
従業者10人以上,2018,大阪府,リゾートホテル,90.8
従業者10人以上,2018,大阪府,会社・団体の宿泊所,50.6
従業者10人以上,2018,大阪府,全体,83.0
従業者10人以上,2018,大阪府,旅館,63.5
従業者10人以上,2018,大阪府,簡易宿所,65.1
従業者10人以上,2018,奈良県,シティホテル,74.0
従業者10人以上,2018,奈良県,ビジネスホテル,70.7
従業者10人以上,2018,奈良県,リゾートホテル,77.7
従業者10人以上,2018,奈良県,会社・団体の宿泊所,16.9
従業者10人以上,2018,奈良県,全体,62.1
従業者10人以上,2018,奈良県,旅館,44.6
従業者10人以上,2018,奈良県,簡易宿所,24.8
従業者10人以上,2018,宮城県,シティホテル,65.3
従業者10人以上,2018,宮城県,ビジネスホテル,73.6
従業者10人以上,2018,宮城県,リゾートホテル,50.1
従業者10人以上,2018,宮城県,会社・団体の宿泊所,39.4
従業者10人以上,2018,宮城県,全体,65.8
従業者10人以上,2018,宮城県,旅館,55.3
従業者10人以上,2018,宮城県,簡易宿所,41.6
従業者10人以上,2018,宮崎県,シティホテル,67.0
従業者10人以上,2018,宮崎県,ビジネスホテル,70.2
従業者10人以上,2018,宮崎県,リゾートホテル,44.9
従業者10人以上,2018,宮崎県,会社・団体の宿泊所,6.9
従業者10人以上,2018,宮崎県,全体,61.6
従業者10人以上,2018,宮崎県,旅館,45.9
従業者10人以上,2018,宮崎県,簡易宿所,24.6
従業者10人以上,2018,富山県,シティホテル,69.4
従業者10人以上,2018,富山県,ビジネスホテル,65.6
従業者10人以上,2018,富山県,リゾートホテル,53.8
従業者10人以上,2018,富山県,会社・団体の宿泊所,47.2
従業者10人以上,2018,富山県,全体,60.8
従業者10人以上,2018,富山県,旅館,46.0
従業者10人以上,2018,富山県,簡易宿所,21.6
従業者10人以上,2018,山口県,シティホテル,71.7
従業者10人以上,2018,山口県,ビジネスホテル,70.4
従業者10人以上,2018,山口県,リゾートホテル,52.3
従業者10人以上,2018,山口県,会社・団体の宿泊所,21.0
従業者10人以上,2018,山口県,全体,65.3
従業者10人以上,2018,山口県,旅館,54.4
従業者10人以上,2018,山口県,簡易宿所,31.2
従業者10人以上,2018,山形県,シティホテル,69.7
従業者10人以上,2018,山形県,ビジネスホテル,73.4
従業者10人以上,2018,山形県,リゾートホテル,34.6
従業者10人以上,2018,山形県,会社・団体の宿泊所,33.2
従業者10人以上,2018,山形県,全体,62.0
従業者10人以上,2018,山形県,旅館,52.1
従業者10人以上,2018,山形県,簡易宿所,13.2
従業者10人以上,2018,山梨県,シティホテル,67.0
従業者10人以上,2018,山梨県,ビジネスホテル,74.6
従業者10人以上,2018,山梨県,リゾートホテル,63.0
従業者10人以上,2018,山梨県,会社・団体の宿泊所,42.9
従業者10人以上,2018,山梨県,全体,64.1
従業者10人以上,2018,山梨県,旅館,60.3
従業者10人以上,2018,山梨県,簡易宿所,37.5
従業者10人以上,2018,岐阜県,シティホテル,79.0
従業者10人以上,2018,岐阜県,ビジネスホテル,74.0
従業者10人以上,2018,岐阜県,リゾートホテル,54.9
従業者10人以上,2018,岐阜県,会社・団体の宿泊所,55.6
従業者10人以上,2018,岐阜県,全体,64.4
従業者10人以上,2018,岐阜県,旅館,59.9
従業者10人以上,2018,岐阜県,簡易宿所,26.4
従業者10人以上,2018,岡山県,シティホテル,68.8
従業者10人以上,2018,岡山県,ビジネスホテル,82.5
従業者10人以上,2018,岡山県,リゾートホテル,46.2
従業者10人以上,2018,岡山県,会社・団体の宿泊所,14.2
従業者10人以上,2018,岡山県,全体,73.2
従業者10人以上,2018,岡山県,旅館,47.7
従業者10人以上,2018,岡山県,簡易宿所,47.3
従業者10人以上,2018,岩手県,シティホテル,67.8
従業者10人以上,2018,岩手県,ビジネスホテル,73.9
従業者10人以上,2018,岩手県,リゾートホテル,46.0
従業者10人以上,2018,岩手県,会社・団体の宿泊所,63.5
従業者10人以上,2018,岩手県,全体,62.8
従業者10人以上,2018,岩手県,旅館,51.6
従業者10人以上,2018,岩手県,簡易宿所,61.8
従業者10人以上,2018,島根県,シティホテル,73.2
従業者10人以上,2018,島根県,ビジネスホテル,71.3
従業者10人以上,2018,島根県,リゾートホテル,45.1
従業者10人以上,2018,島根県,会社・団体の宿泊所,47.9
従業者10人以上,2018,島根県,全体,62.7
従業者10人以上,2018,島根県,旅館,56.0
従業者10人以上,2018,島根県,簡易宿所,28.4
従業者10人以上,2018,広島県,シティホテル,84.9
従業者10人以上,2018,広島県,ビジネスホテル,82.1
従業者10人以上,2018,広島県,リゾートホテル,58.8
従業者10人以上,2018,広島県,会社・団体の宿泊所,24.2
従業者10人以上,2018,広島県,全体,74.3
従業者10人以上,2018,広島県,旅館,50.3
従業者10人以上,2018,広島県,簡易宿所,41.3
従業者10人以上,2018,徳島県,シティホテル,58.9
従業者10人以上,2018,徳島県,ビジネスホテル,71.5
従業者10人以上,2018,徳島県,リゾートホテル,57.1
従業者10人以上,2018,徳島県,会社・団体の宿泊所,16.1
従業者10人以上,2018,徳島県,全体,61.1
従業者10人以上,2018,徳島県,旅館,40.8
従業者10人以上,2018,徳島県,簡易宿所,19.3
従業者10人以上,2018,愛媛県,シティホテル,73.0
従業者10人以上,2018,愛媛県,ビジネスホテル,73.5
従業者10人以上,2018,愛媛県,リゾートホテル,63.1
従業者10人以上,2018,愛媛県,会社・団体の宿泊所,51.9
従業者10人以上,2018,愛媛県,全体,69.2
従業者10人以上,2018,愛媛県,旅館,59.8
従業者10人以上,2018,愛媛県,簡易宿所,24.4
従業者10人以上,2018,愛知県,シティホテル,78.9
従業者10人以上,2018,愛知県,ビジネスホテル,81.3
従業者10人以上,2018,愛知県,リゾートホテル,56.4
従業者10人以上,2018,愛知県,会社・団体の宿泊所,56.3
従業者10人以上,2018,愛知県,全体,76.6
従業者10人以上,2018,愛知県,旅館,51.2
従業者10人以上,2018,愛知県,簡易宿所,54.7
従業者10人以上,2018,新潟県,シティホテル,69.1
従業者10人以上,2018,新潟県,ビジネスホテル,72.0
従業者10人以上,2018,新潟県,リゾートホテル,37.8
従業者10人以上,2018,新潟県,会社・団体の宿泊所,32.8
従業者10人以上,2018,新潟県,全体,58.3
従業者10人以上,2018,新潟県,旅館,47.7
従業者10人以上,2018,新潟県,簡易宿所,21.6
従業者10人以上,2018,東京都,シティホテル,84.6
従業者10人以上,2018,東京都,ビジネスホテル,85.9
従業者10人以上,2018,東京都,リゾートホテル,77.6
従業者10人以上,2018,東京都,会社・団体の宿泊所,60.6
従業者10人以上,2018,東京都,全体,83.9
従業者10人以上,2018,東京都,旅館,78.5
従業者10人以上,2018,東京都,簡易宿所,63.5
従業者10人以上,2018,栃木県,シティホテル,65.3
従業者10人以上,2018,栃木県,ビジネスホテル,75.9
従業者10人以上,2018,栃木県,リゾートホテル,56.1
従業者10人以上,2018,栃木県,会社・団体の宿泊所,39.4
従業者10人以上,2018,栃木県,全体,64.1
従業者10人以上,2018,栃木県,旅館,54.7
従業者10人以上,2018,栃木県,簡易宿所,36.7
従業者10人以上,2018,沖縄県,シティホテル,82.2
従業者10人以上,2018,沖縄県,ビジネスホテル,81.7
従業者10人以上,2018,沖縄県,リゾートホテル,73.1
従業者10人以上,2018,沖縄県,会社・団体の宿泊所,38.6
従業者10人以上,2018,沖縄県,全体,77.1
従業者10人以上,2018,沖縄県,旅館,74.3
従業者10人以上,2018,沖縄県,簡易宿所,58.7
従業者10人以上,2018,滋賀県,シティホテル,74.1
従業者10人以上,2018,滋賀県,ビジネスホテル,68.9
従業者10人以上,2018,滋賀県,リゾートホテル,59.3
従業者10人以上,2018,滋賀県,会社・団体の宿泊所,25.9
従業者10人以上,2018,滋賀県,全体,63.5
従業者10人以上,2018,滋賀県,旅館,57.1
従業者10人以上,2018,滋賀県,簡易宿所,33.2
従業者10人以上,2018,熊本県,シティホテル,78.1
従業者10人以上,2018,熊本県,ビジネスホテル,77.7
従業者10人以上,2018,熊本県,リゾートホテル,52.5
従業者10人以上,2018,熊本県,会社・団体の宿泊所,35.7
従業者10人以上,2018,熊本県,全体,69.2
従業者10人以上,2018,熊本県,旅館,56.1
従業者10人以上,2018,熊本県,簡易宿所,40.3
従業者10人以上,2018,石川県,シティホテル,78.6
従業者10人以上,2018,石川県,ビジネスホテル,75.3
従業者10人以上,2018,石川県,リゾートホテル,55.1
従業者10人以上,2018,石川県,会社・団体の宿泊所,49.6
従業者10人以上,2018,石川県,全体,69.7
従業者10人以上,2018,石川県,旅館,57.6
従業者10人以上,2018,石川県,簡易宿所,23.5
従業者10人以上,2018,神奈川県,シティホテル,84.4
従業者10人以上,2018,神奈川県,ビジネスホテル,83.1
従業者10人以上,2018,神奈川県,リゾートホテル,72.5
従業者10人以上,2018,神奈川県,会社・団体の宿泊所,46.0
従業者10人以上,2018,神奈川県,全体,78.6
従業者10人以上,2018,神奈川県,旅館,65.9
従業者10人以上,2018,神奈川県,簡易宿所,53.7
従業者10人以上,2018,福井県,シティホテル,66.4
従業者10人以上,2018,福井県,ビジネスホテル,79.8
従業者10人以上,2018,福井県,リゾートホテル,56.1
従業者10人以上,2018,福井県,会社・団体の宿泊所,52.8
従業者10人以上,2018,福井県,全体,67.7
従業者10人以上,2018,福井県,旅館,51.3
従業者10人以上,2018,福井県,簡易宿所,23.8
従業者10人以上,2018,福岡県,シティホテル,83.4
従業者10人以上,2018,福岡県,ビジネスホテル,82.1
従業者10人以上,2018,福岡県,リゾートホテル,51.6
従業者10人以上,2018,福岡県,会社・団体の宿泊所,45.1
従業者10人以上,2018,福岡県,全体,77.5
従業者10人以上,2018,福岡県,旅館,41.7
従業者10人以上,2018,福岡県,簡易宿所,48.7
従業者10人以上,2018,福島県,シティホテル,66.0
従業者10人以上,2018,福島県,ビジネスホテル,71.3
従業者10人以上,2018,福島県,リゾートホテル,51.4
従業者10人以上,2018,福島県,会社・団体の宿泊所,27.7
従業者10人以上,2018,福島県,全体,59.9
従業者10人以上,2018,福島県,旅館,48.0
従業者10人以上,2018,福島県,簡易宿所,32.8
従業者10人以上,2018,秋田県,シティホテル,72.1
従業者10人以上,2018,秋田県,ビジネスホテル,70.1
従業者10人以上,2018,秋田県,リゾートホテル,42.1
従業者10人以上,2018,秋田県,会社・団体の宿泊所,23.5
従業者10人以上,2018,秋田県,全体,58.9
従業者10人以上,2018,秋田県,旅館,46.5
従業者10人以上,2018,秋田県,簡易宿所,24.6
従業者10人以上,2018,群馬県,シティホテル,68.7
従業者10人以上,2018,群馬県,ビジネスホテル,77.8
従業者10人以上,2018,群馬県,リゾートホテル,52.5
従業者10人以上,2018,群馬県,会社・団体の宿泊所,32.5
従業者10人以上,2018,群馬県,全体,66.0
従業者10人以上,2018,群馬県,旅館,60.3
従業者10人以上,2018,群馬県,簡易宿所,29.1
従業者10人以上,2018,茨城県,シティホテル,71.7
従業者10人以上,2018,茨城県,ビジネスホテル,75.0
従業者10人以上,2018,茨城県,リゾートホテル,48.6
従業者10人以上,2018,茨城県,会社・団体の宿泊所,54.4
従業者10人以上,2018,茨城県,全体,69.3
従業者10人以上,2018,茨城県,旅館,45.9
従業者10人以上,2018,茨城県,簡易宿所,17.1
従業者10人以上,2018,長崎県,シティホテル,71.4
従業者10人以上,2018,長崎県,ビジネスホテル,76.8
従業者10人以上,2018,長崎県,リゾートホテル,57.3
従業者10人以上,2018,長崎県,会社・団体の宿泊所,43.5
従業者10人以上,2018,長崎県,全体,67.1
従業者10人以上,2018,長崎県,旅館,51.8
従業者10人以上,2018,長崎県,簡易宿所,42.1
従業者10人以上,2018,長野県,シティホテル,73.7
従業者10人以上,2018,長野県,ビジネスホテル,72.9
従業者10人以上,2018,長野県,リゾートホテル,47.6
従業者10人以上,2018,長野県,会社・団体の宿泊所,33.0
従業者10人以上,2018,長野県,全体,57.8
従業者10人以上,2018,長野県,旅館,48.7
従業者10人以上,2018,長野県,簡易宿所,29.3
従業者10人以上,2018,青森県,シティホテル,62.1
従業者10人以上,2018,青森県,ビジネスホテル,71.5
従業者10人以上,2018,青森県,リゾートホテル,46.6
従業者10人以上,2018,青森県,全体,65.0
従業者10人以上,2018,青森県,旅館,56.9
従業者10人以上,2018,青森県,簡易宿所,36.5
従業者10人以上,2018,静岡県,シティホテル,77.1
従業者10人以上,2018,静岡県,ビジネスホテル,73.8
従業者10人以上,2018,静岡県,リゾートホテル,56.5
従業者10人以上,2018,静岡県,会社・団体の宿泊所,31.0
従業者10人以上,2018,静岡県,全体,65.7
従業者10人以上,2018,静岡県,旅館,63.4
従業者10人以上,2018,静岡県,簡易宿所,31.0
従業者10人以上,2018,香川県,シティホテル,67.2
従業者10人以上,2018,香川県,ビジネスホテル,74.8
従業者10人以上,2018,香川県,リゾートホテル,66.9
従業者10人以上,2018,香川県,会社・団体の宿泊所,59.3
従業者10人以上,2018,香川県,全体,66.7
従業者10人以上,2018,香川県,旅館,53.6
従業者10人以上,2018,香川県,簡易宿所,38.7
従業者10人以上,2018,高知県,シティホテル,71.8
従業者10人以上,2018,高知県,ビジネスホテル,68.3
従業者10人以上,2018,高知県,リゾートホテル,48.0
従業者10人以上,2018,高知県,全体,62.7
従業者10人以上,2018,高知県,旅館,48.3
従業者10人以上,2018,高知県,簡易宿所,35.9
従業者10人以上,2018,鳥取県,シティホテル,77.8
従業者10人以上,2018,鳥取県,ビジネスホテル,75.8
従業者10人以上,2018,鳥取県,リゾートホテル,45.8
従業者10人以上,2018,鳥取県,全体,65.2
従業者10人以上,2018,鳥取県,旅館,52.1
従業者10人以上,2018,鳥取県,簡易宿所,40.0
従業者10人以上,2018,鹿児島県,シティホテル,72.0
従業者10人以上,2018,鹿児島県,ビジネスホテル,79.0
従業者10人以上,2018,鹿児島県,リゾートホテル,50.4
従業者10人以上,2018,鹿児島県,会社・団体の宿泊所,26.2
従業者10人以上,2018,鹿児島県,全体,70.0
従業者10人以上,2018,鹿児島県,旅館,58.5
従業者10人以上,2018,鹿児島県,簡易宿所,21.7
従業者10人以上,2019,三重県,シティホテル,72.6
従業者10人以上,2019,三重県,ビジネスホテル,71.8
従業者10人以上,2019,三重県,リゾートホテル,50.5
従業者10人以上,2019,三重県,会社・団体の宿泊所,29.6
従業者10人以上,2019,三重県,全体,63.2
従業者10人以上,2019,三重県,旅館,53.9
従業者10人以上,2019,三重県,簡易宿所,16.9
従業者10人以上,2019,京都府,シティホテル,80.9
従業者10人以上,2019,京都府,ビジネスホテル,80.6
従業者10人以上,2019,京都府,リゾートホテル,58.7
従業者10人以上,2019,京都府,会社・団体の宿泊所,58.3
従業者10人以上,2019,京都府,全体,73.6
従業者10人以上,2019,京都府,旅館,52.0
従業者10人以上,2019,京都府,簡易宿所,55.5
従業者10人以上,2019,佐賀県,シティホテル,67.1
従業者10人以上,2019,佐賀県,ビジネスホテル,78.4
従業者10人以上,2019,佐賀県,リゾートホテル,70.5
従業者10人以上,2019,佐賀県,会社・団体の宿泊所,5.5
従業者10人以上,2019,佐賀県,全体,68.7
従業者10人以上,2019,佐賀県,旅館,54.2
従業者10人以上,2019,佐賀県,簡易宿所,39.7
従業者10人以上,2019,全国,シティホテル,79.7
従業者10人以上,2019,全国,ビジネスホテル,78.3
従業者10人以上,2019,全国,リゾートホテル,61.6
従業者10人以上,2019,全国,会社・団体の宿泊所,40.8
従業者10人以上,2019,全国,全体,72.0
従業者10人以上,2019,全国,旅館,54.2
従業者10人以上,2019,全国,簡易宿所,48.6
従業者10人以上,2019,兵庫県,シティホテル,75.8
従業者10人以上,2019,兵庫県,ビジネスホテル,77.6
従業者10人以上,2019,兵庫県,リゾートホテル,57.1
従業者10人以上,2019,兵庫県,会社・団体の宿泊所,33.5
従業者10人以上,2019,兵庫県,全体,68.1
従業者10人以上,2019,兵庫県,旅館,59.1
従業者10人以上,2019,兵庫県,簡易宿所,28.8
従業者10人以上,2019,北海道,シティホテル,78.0
従業者10人以上,2019,北海道,ビジネスホテル,79.0
従業者10人以上,2019,北海道,リゾートホテル,55.1
従業者10人以上,2019,北海道,会社・団体の宿泊所,55.0
従業者10人以上,2019,北海道,全体,72.2
従業者10人以上,2019,北海道,旅館,61.1
従業者10人以上,2019,北海道,簡易宿所,55.7
従業者10人以上,2019,千葉県,シティホテル,82.5
従業者10人以上,2019,千葉県,ビジネスホテル,76.6
従業者10人以上,2019,千葉県,リゾートホテル,85.0
従業者10人以上,2019,千葉県,会社・団体の宿泊所,49.9
従業者10人以上,2019,千葉県,全体,77.7
従業者10人以上,2019,千葉県,旅館,50.5
従業者10人以上,2019,千葉県,簡易宿所,43.9
従業者10人以上,2019,和歌山県,シティホテル,74.1
従業者10人以上,2019,和歌山県,ビジネスホテル,78.1
従業者10人以上,2019,和歌山県,リゾートホテル,58.2
従業者10人以上,2019,和歌山県,会社・団体の宿泊所,45.0
従業者10人以上,2019,和歌山県,全体,60.7
従業者10人以上,2019,和歌山県,旅館,48.1
従業者10人以上,2019,和歌山県,簡易宿所,47.2
従業者10人以上,2019,埼玉県,シティホテル,75.9
従業者10人以上,2019,埼玉県,ビジネスホテル,75.7
従業者10人以上,2019,埼玉県,リゾートホテル,41.4
従業者10人以上,2019,埼玉県,会社・団体の宿泊所,16.5
従業者10人以上,2019,埼玉県,全体,72.5
従業者10人以上,2019,埼玉県,旅館,52.7
従業者10人以上,2019,埼玉県,簡易宿所,29.6
従業者10人以上,2019,大分県,シティホテル,69.7
従業者10人以上,2019,大分県,ビジネスホテル,69.4
従業者10人以上,2019,大分県,リゾートホテル,64.0
従業者10人以上,2019,大分県,会社・団体の宿泊所,31.4
従業者10人以上,2019,大分県,全体,63.5
従業者10人以上,2019,大分県,旅館,52.7
従業者10人以上,2019,大分県,簡易宿所,28.8
従業者10人以上,2019,大阪府,シティホテル,85.7
従業者10人以上,2019,大阪府,ビジネスホテル,81.4
従業者10人以上,2019,大阪府,リゾートホテル,90.8
従業者10人以上,2019,大阪府,会社・団体の宿泊所,44.2
従業者10人以上,2019,大阪府,全体,82.0
従業者10人以上,2019,大阪府,旅館,60.4
従業者10人以上,2019,大阪府,簡易宿所,63.8
従業者10人以上,2019,奈良県,シティホテル,76.8
従業者10人以上,2019,奈良県,ビジネスホテル,69.2
従業者10人以上,2019,奈良県,リゾートホテル,75.6
従業者10人以上,2019,奈良県,会社・団体の宿泊所,9.1
従業者10人以上,2019,奈良県,全体,62.9
従業者10人以上,2019,奈良県,旅館,43.2
従業者10人以上,2019,奈良県,簡易宿所,37.2
従業者10人以上,2019,宮城県,シティホテル,62.3
従業者10人以上,2019,宮城県,ビジネスホテル,75.6
従業者10人以上,2019,宮城県,リゾートホテル,50.0
従業者10人以上,2019,宮城県,会社・団体の宿泊所,36.0
従業者10人以上,2019,宮城県,全体,66.5
従業者10人以上,2019,宮城県,旅館,54.4
従業者10人以上,2019,宮城県,簡易宿所,37.9
従業者10人以上,2019,宮崎県,シティホテル,77.1
従業者10人以上,2019,宮崎県,ビジネスホテル,69.8
従業者10人以上,2019,宮崎県,リゾートホテル,45.4
従業者10人以上,2019,宮崎県,会社・団体の宿泊所,5.2
従業者10人以上,2019,宮崎県,全体,62.2
従業者10人以上,2019,宮崎県,旅館,44.5
従業者10人以上,2019,宮崎県,簡易宿所,27.8
従業者10人以上,2019,富山県,シティホテル,67.2
従業者10人以上,2019,富山県,ビジネスホテル,65.4
従業者10人以上,2019,富山県,リゾートホテル,51.7
従業者10人以上,2019,富山県,会社・団体の宿泊所,44.3
従業者10人以上,2019,富山県,全体,60.2
従業者10人以上,2019,富山県,旅館,43.4
従業者10人以上,2019,富山県,簡易宿所,19.8
従業者10人以上,2019,山口県,シティホテル,68.1
従業者10人以上,2019,山口県,ビジネスホテル,68.9
従業者10人以上,2019,山口県,リゾートホテル,46.3
従業者10人以上,2019,山口県,会社・団体の宿泊所,16.3
従業者10人以上,2019,山口県,全体,62.4
従業者10人以上,2019,山口県,旅館,51.1
従業者10人以上,2019,山口県,簡易宿所,24.2
従業者10人以上,2019,山形県,シティホテル,68.4
従業者10人以上,2019,山形県,ビジネスホテル,71.6
従業者10人以上,2019,山形県,リゾートホテル,35.2
従業者10人以上,2019,山形県,会社・団体の宿泊所,31.6
従業者10人以上,2019,山形県,全体,62.2
従業者10人以上,2019,山形県,旅館,52.5
従業者10人以上,2019,山形県,簡易宿所,11.5
従業者10人以上,2019,山梨県,シティホテル,65.2
従業者10人以上,2019,山梨県,ビジネスホテル,77.2
従業者10人以上,2019,山梨県,リゾートホテル,62.2
従業者10人以上,2019,山梨県,会社・団体の宿泊所,41.0
従業者10人以上,2019,山梨県,全体,65.5
従業者10人以上,2019,山梨県,旅館,61.7
従業者10人以上,2019,山梨県,簡易宿所,42.9
従業者10人以上,2019,岐阜県,シティホテル,75.6
従業者10人以上,2019,岐阜県,ビジネスホテル,79.9
従業者10人以上,2019,岐阜県,リゾートホテル,55.3
従業者10人以上,2019,岐阜県,会社・団体の宿泊所,69.0
従業者10人以上,2019,岐阜県,全体,68.8
従業者10人以上,2019,岐阜県,旅館,61.1
従業者10人以上,2019,岐阜県,簡易宿所,26.4
従業者10人以上,2019,岡山県,シティホテル,66.3
従業者10人以上,2019,岡山県,ビジネスホテル,83.6
従業者10人以上,2019,岡山県,リゾートホテル,44.9
従業者10人以上,2019,岡山県,会社・団体の宿泊所,13.8
従業者10人以上,2019,岡山県,全体,72.1
従業者10人以上,2019,岡山県,旅館,46.6
従業者10人以上,2019,岡山県,簡易宿所,45.5
従業者10人以上,2019,岩手県,シティホテル,73.1
従業者10人以上,2019,岩手県,ビジネスホテル,75.2
従業者10人以上,2019,岩手県,リゾートホテル,53.0
従業者10人以上,2019,岩手県,会社・団体の宿泊所,63.2
従業者10人以上,2019,岩手県,全体,65.2
従業者10人以上,2019,岩手県,旅館,52.4
従業者10人以上,2019,岩手県,簡易宿所,53.1
従業者10人以上,2019,島根県,シティホテル,73.4
従業者10人以上,2019,島根県,ビジネスホテル,70.6
従業者10人以上,2019,島根県,リゾートホテル,41.0
従業者10人以上,2019,島根県,会社・団体の宿泊所,48.2
従業者10人以上,2019,島根県,全体,62.0
従業者10人以上,2019,島根県,旅館,57.9
従業者10人以上,2019,島根県,簡易宿所,23.0
従業者10人以上,2019,広島県,シティホテル,85.2
従業者10人以上,2019,広島県,ビジネスホテル,81.4
従業者10人以上,2019,広島県,リゾートホテル,61.9
従業者10人以上,2019,広島県,会社・団体の宿泊所,23.5
従業者10人以上,2019,広島県,全体,74.4
従業者10人以上,2019,広島県,旅館,50.6
従業者10人以上,2019,広島県,簡易宿所,39.3
従業者10人以上,2019,徳島県,シティホテル,62.7
従業者10人以上,2019,徳島県,ビジネスホテル,73.6
従業者10人以上,2019,徳島県,リゾートホテル,61.8
従業者10人以上,2019,徳島県,会社・団体の宿泊所,15.9
従業者10人以上,2019,徳島県,全体,63.7
従業者10人以上,2019,徳島県,旅館,44.9
従業者10人以上,2019,徳島県,簡易宿所,20.3
従業者10人以上,2019,愛媛県,シティホテル,72.0
従業者10人以上,2019,愛媛県,ビジネスホテル,71.5
従業者10人以上,2019,愛媛県,リゾートホテル,62.3
従業者10人以上,2019,愛媛県,会社・団体の宿泊所,41.9
従業者10人以上,2019,愛媛県,全体,67.8
従業者10人以上,2019,愛媛県,旅館,59.4
従業者10人以上,2019,愛媛県,簡易宿所,24.5
従業者10人以上,2019,愛知県,シティホテル,76.8
従業者10人以上,2019,愛知県,ビジネスホテル,78.6
従業者10人以上,2019,愛知県,リゾートホテル,55.8
従業者10人以上,2019,愛知県,会社・団体の宿泊所,54.0
従業者10人以上,2019,愛知県,全体,74.7
従業者10人以上,2019,愛知県,旅館,45.9
従業者10人以上,2019,愛知県,簡易宿所,54.1
従業者10人以上,2019,新潟県,シティホテル,68.4
従業者10人以上,2019,新潟県,ビジネスホテル,73.7
従業者10人以上,2019,新潟県,リゾートホテル,39.2
従業者10人以上,2019,新潟県,会社・団体の宿泊所,44.4
従業者10人以上,2019,新潟県,全体,60.2
従業者10人以上,2019,新潟県,旅館,47.5
従業者10人以上,2019,新潟県,簡易宿所,22.6
従業者10人以上,2019,東京都,シティホテル,84.3
従業者10人以上,2019,東京都,ビジネスホテル,85.1
従業者10人以上,2019,東京都,リゾートホテル,77.5
従業者10人以上,2019,東京都,会社・団体の宿泊所,53.8
従業者10人以上,2019,東京都,全体,83.4
従業者10人以上,2019,東京都,旅館,73.9
従業者10人以上,2019,東京都,簡易宿所,65.8
従業者10人以上,2019,栃木県,シティホテル,65.3
従業者10人以上,2019,栃木県,ビジネスホテル,73.0
従業者10人以上,2019,栃木県,リゾートホテル,56.5
従業者10人以上,2019,栃木県,会社・団体の宿泊所,41.6
従業者10人以上,2019,栃木県,全体,63.2
従業者10人以上,2019,栃木県,旅館,54.1
従業者10人以上,2019,栃木県,簡易宿所,41.2
従業者10人以上,2019,沖縄県,シティホテル,79.1
従業者10人以上,2019,沖縄県,ビジネスホテル,79.3
従業者10人以上,2019,沖縄県,リゾートホテル,69.9
従業者10人以上,2019,沖縄県,会社・団体の宿泊所,31.1
従業者10人以上,2019,沖縄県,全体,74.5
従業者10人以上,2019,沖縄県,旅館,68.4
従業者10人以上,2019,沖縄県,簡易宿所,49.7
従業者10人以上,2019,滋賀県,シティホテル,75.2
従業者10人以上,2019,滋賀県,ビジネスホテル,68.2
従業者10人以上,2019,滋賀県,リゾートホテル,60.2
従業者10人以上,2019,滋賀県,会社・団体の宿泊所,21.7
従業者10人以上,2019,滋賀県,全体,63.8
従業者10人以上,2019,滋賀県,旅館,53.8
従業者10人以上,2019,滋賀県,簡易宿所,34.0
従業者10人以上,2019,熊本県,シティホテル,78.7
従業者10人以上,2019,熊本県,ビジネスホテル,81.0
従業者10人以上,2019,熊本県,リゾートホテル,49.5
従業者10人以上,2019,熊本県,会社・団体の宿泊所,33.9
従業者10人以上,2019,熊本県,全体,70.8
従業者10人以上,2019,熊本県,旅館,54.9
従業者10人以上,2019,熊本県,簡易宿所,50.4
従業者10人以上,2019,石川県,シティホテル,71.7
従業者10人以上,2019,石川県,ビジネスホテル,71.3
従業者10人以上,2019,石川県,リゾートホテル,51.4
従業者10人以上,2019,石川県,会社・団体の宿泊所,50.1
従業者10人以上,2019,石川県,全体,65.6
従業者10人以上,2019,石川県,旅館,57.0
従業者10人以上,2019,石川県,簡易宿所,27.7
従業者10人以上,2019,神奈川県,シティホテル,84.5
従業者10人以上,2019,神奈川県,ビジネスホテル,84.1
従業者10人以上,2019,神奈川県,リゾートホテル,68.0
従業者10人以上,2019,神奈川県,会社・団体の宿泊所,40.7
従業者10人以上,2019,神奈川県,全体,77.9
従業者10人以上,2019,神奈川県,旅館,64.4
従業者10人以上,2019,神奈川県,簡易宿所,52.5
従業者10人以上,2019,福井県,シティホテル,61.6
従業者10人以上,2019,福井県,ビジネスホテル,78.1
従業者10人以上,2019,福井県,リゾートホテル,60.5
従業者10人以上,2019,福井県,全体,67.8
従業者10人以上,2019,福井県,旅館,52.6
従業者10人以上,2019,福井県,簡易宿所,22.9
従業者10人以上,2019,福岡県,シティホテル,80.3
従業者10人以上,2019,福岡県,ビジネスホテル,80.6
従業者10人以上,2019,福岡県,リゾートホテル,44.3
従業者10人以上,2019,福岡県,会社・団体の宿泊所,49.3
従業者10人以上,2019,福岡県,全体,76.1
従業者10人以上,2019,福岡県,旅館,40.4
従業者10人以上,2019,福岡県,簡易宿所,51.2
従業者10人以上,2019,福島県,シティホテル,66.7
従業者10人以上,2019,福島県,ビジネスホテル,73.4
従業者10人以上,2019,福島県,リゾートホテル,54.9
従業者10人以上,2019,福島県,会社・団体の宿泊所,43.2
従業者10人以上,2019,福島県,全体,63.0
従業者10人以上,2019,福島県,旅館,48.3
従業者10人以上,2019,福島県,簡易宿所,23.2
従業者10人以上,2019,秋田県,シティホテル,71.9
従業者10人以上,2019,秋田県,ビジネスホテル,71.4
従業者10人以上,2019,秋田県,リゾートホテル,42.3
従業者10人以上,2019,秋田県,会社・団体の宿泊所,26.3
従業者10人以上,2019,秋田県,全体,59.8
従業者10人以上,2019,秋田県,旅館,45.4
従業者10人以上,2019,秋田県,簡易宿所,24.2
従業者10人以上,2019,群馬県,シティホテル,63.0
従業者10人以上,2019,群馬県,ビジネスホテル,75.8
従業者10人以上,2019,群馬県,リゾートホテル,54.0
従業者10人以上,2019,群馬県,会社・団体の宿泊所,27.3
従業者10人以上,2019,群馬県,全体,66.2
従業者10人以上,2019,群馬県,旅館,62.5
従業者10人以上,2019,群馬県,簡易宿所,28.0
従業者10人以上,2019,茨城県,シティホテル,65.7
従業者10人以上,2019,茨城県,ビジネスホテル,74.6
従業者10人以上,2019,茨城県,リゾートホテル,55.3
従業者10人以上,2019,茨城県,会社・団体の宿泊所,63.3
従業者10人以上,2019,茨城県,全体,68.2
従業者10人以上,2019,茨城県,旅館,43.2
従業者10人以上,2019,茨城県,簡易宿所,18.0
従業者10人以上,2019,長崎県,シティホテル,72.7
従業者10人以上,2019,長崎県,ビジネスホテル,76.0
従業者10人以上,2019,長崎県,リゾートホテル,57.2
従業者10人以上,2019,長崎県,会社・団体の宿泊所,42.3
従業者10人以上,2019,長崎県,全体,66.5
従業者10人以上,2019,長崎県,旅館,49.9
従業者10人以上,2019,長崎県,簡易宿所,41.4
従業者10人以上,2019,長野県,シティホテル,75.8
従業者10人以上,2019,長野県,ビジネスホテル,73.8
従業者10人以上,2019,長野県,リゾートホテル,48.8
従業者10人以上,2019,長野県,会社・団体の宿泊所,32.8
従業者10人以上,2019,長野県,全体,58.1
従業者10人以上,2019,長野県,旅館,47.5
従業者10人以上,2019,長野県,簡易宿所,28.0
従業者10人以上,2019,青森県,シティホテル,61.8
従業者10人以上,2019,青森県,ビジネスホテル,72.5
従業者10人以上,2019,青森県,リゾートホテル,47.5
従業者10人以上,2019,青森県,全体,65.5
従業者10人以上,2019,青森県,旅館,54.0
従業者10人以上,2019,青森県,簡易宿所,41.7
従業者10人以上,2019,静岡県,シティホテル,74.8
従業者10人以上,2019,静岡県,ビジネスホテル,73.1
従業者10人以上,2019,静岡県,リゾートホテル,57.7
従業者10人以上,2019,静岡県,会社・団体の宿泊所,29.4
従業者10人以上,2019,静岡県,全体,65.5
従業者10人以上,2019,静岡県,旅館,63.3
従業者10人以上,2019,静岡県,簡易宿所,34.3
従業者10人以上,2019,香川県,シティホテル,65.6
従業者10人以上,2019,香川県,ビジネスホテル,72.5
従業者10人以上,2019,香川県,リゾートホテル,70.0
従業者10人以上,2019,香川県,会社・団体の宿泊所,19.8
従業者10人以上,2019,香川県,全体,67.1
従業者10人以上,2019,香川県,旅館,54.6
従業者10人以上,2019,香川県,簡易宿所,31.0
従業者10人以上,2019,高知県,シティホテル,71.0
従業者10人以上,2019,高知県,ビジネスホテル,70.0
従業者10人以上,2019,高知県,リゾートホテル,50.0
従業者10人以上,2019,高知県,会社・団体の宿泊所,3.6
従業者10人以上,2019,高知県,全体,64.2
従業者10人以上,2019,高知県,旅館,49.4
従業者10人以上,2019,高知県,簡易宿所,25.3
従業者10人以上,2019,鳥取県,シティホテル,76.5
従業者10人以上,2019,鳥取県,ビジネスホテル,72.0
従業者10人以上,2019,鳥取県,リゾートホテル,54.0
従業者10人以上,2019,鳥取県,全体,64.3
従業者10人以上,2019,鳥取県,旅館,53.3
従業者10人以上,2019,鳥取県,簡易宿所,64.4
従業者10人以上,2019,鹿児島県,シティホテル,71.7
従業者10人以上,2019,鹿児島県,ビジネスホテル,78.0
従業者10人以上,2019,鹿児島県,リゾートホテル,47.8
従業者10人以上,2019,鹿児島県,会社・団体の宿泊所,30.9
従業者10人以上,2019,鹿児島県,全体,68.1
従業者10人以上,2019,鹿児島県,旅館,54.4
従業者10人以上,2019,鹿児島県,簡易宿所,17.7
従業者10人以上,2020,三重県,シティホテル,39.6
従業者10人以上,2020,三重県,ビジネスホテル,49.2
従業者10人以上,2020,三重県,リゾートホテル,36.1
従業者10人以上,2020,三重県,会社・団体の宿泊所,10.9
従業者10人以上,2020,三重県,全体,43.3
従業者10人以上,2020,三重県,旅館,36.7
従業者10人以上,2020,三重県,簡易宿所,15.5
従業者10人以上,2020,京都府,シティホテル,30.3
従業者10人以上,2020,京都府,ビジネスホテル,36.4
従業者10人以上,2020,京都府,リゾートホテル,31.6
従業者10人以上,2020,京都府,会社・団体の宿泊所,23.3
従業者10人以上,2020,京都府,全体,32.1
従業者10人以上,2020,京都府,旅館,23.6
従業者10人以上,2020,京都府,簡易宿所,21.4
従業者10人以上,2020,佐賀県,シティホテル,39.8
従業者10人以上,2020,佐賀県,ビジネスホテル,55.8
従業者10人以上,2020,佐賀県,リゾートホテル,39.6
従業者10人以上,2020,佐賀県,会社・団体の宿泊所,0.5
従業者10人以上,2020,佐賀県,全体,41.9
従業者10人以上,2020,佐賀県,旅館,31.8
従業者10人以上,2020,佐賀県,簡易宿所,3.5
従業者10人以上,2020,全国,シティホテル,34.5
従業者10人以上,2020,全国,ビジネスホテル,44.0
従業者10人以上,2020,全国,リゾートホテル,32.1
従業者10人以上,2020,全国,会社・団体の宿泊所,18.0
従業者10人以上,2020,全国,全体,38.9
従業者10人以上,2020,全国,旅館,34.3
従業者10人以上,2020,全国,簡易宿所,20.7
従業者10人以上,2020,兵庫県,シティホテル,41.8
従業者10人以上,2020,兵庫県,ビジネスホテル,47.6
従業者10人以上,2020,兵庫県,リゾートホテル,37.4
従業者10人以上,2020,兵庫県,会社・団体の宿泊所,22.1
従業者10人以上,2020,兵庫県,全体,42.4
従業者10人以上,2020,兵庫県,旅館,43.1
従業者10人以上,2020,兵庫県,簡易宿所,12.2
従業者10人以上,2020,北海道,シティホテル,36.2
従業者10人以上,2020,北海道,ビジネスホテル,45.0
従業者10人以上,2020,北海道,リゾートホテル,27.4
従業者10人以上,2020,北海道,会社・団体の宿泊所,33.7
従業者10人以上,2020,北海道,全体,38.4
従業者10人以上,2020,北海道,旅館,32.8
従業者10人以上,2020,北海道,簡易宿所,23.5
従業者10人以上,2020,千葉県,シティホテル,42.8
従業者10人以上,2020,千葉県,ビジネスホテル,43.9
従業者10人以上,2020,千葉県,リゾートホテル,37.6
従業者10人以上,2020,千葉県,会社・団体の宿泊所,12.9
従業者10人以上,2020,千葉県,全体,39.7
従業者10人以上,2020,千葉県,旅館,33.9
従業者10人以上,2020,千葉県,簡易宿所,23.3
従業者10人以上,2020,和歌山県,シティホテル,51.7
従業者10人以上,2020,和歌山県,ビジネスホテル,58.6
従業者10人以上,2020,和歌山県,リゾートホテル,34.9
従業者10人以上,2020,和歌山県,会社・団体の宿泊所,29.8
従業者10人以上,2020,和歌山県,全体,41.2
従業者10人以上,2020,和歌山県,旅館,31.2
従業者10人以上,2020,和歌山県,簡易宿所,34.4
従業者10人以上,2020,埼玉県,シティホテル,44.9
従業者10人以上,2020,埼玉県,ビジネスホテル,51.8
従業者10人以上,2020,埼玉県,リゾートホテル,27.3
従業者10人以上,2020,埼玉県,会社・団体の宿泊所,2.2
従業者10人以上,2020,埼玉県,全体,48.1
従業者10人以上,2020,埼玉県,旅館,40.0
従業者10人以上,2020,埼玉県,簡易宿所,15.9
従業者10人以上,2020,大分県,シティホテル,44.3
従業者10人以上,2020,大分県,ビジネスホテル,45.9
従業者10人以上,2020,大分県,リゾートホテル,32.8
従業者10人以上,2020,大分県,会社・団体の宿泊所,19.4
従業者10人以上,2020,大分県,全体,40.4
従業者10人以上,2020,大分県,旅館,32.9
従業者10人以上,2020,大分県,簡易宿所,13.0
従業者10人以上,2020,大阪府,シティホテル,30.4
従業者10人以上,2020,大阪府,ビジネスホテル,32.0
従業者10人以上,2020,大阪府,リゾートホテル,34.2
従業者10人以上,2020,大阪府,会社・団体の宿泊所,11.5
従業者10人以上,2020,大阪府,全体,31.3
従業者10人以上,2020,大阪府,旅館,33.9
従業者10人以上,2020,大阪府,簡易宿所,26.3
従業者10人以上,2020,奈良県,シティホテル,34.9
従業者10人以上,2020,奈良県,ビジネスホテル,42.0
従業者10人以上,2020,奈良県,リゾートホテル,47.7
従業者10人以上,2020,奈良県,会社・団体の宿泊所,0.1
従業者10人以上,2020,奈良県,全体,35.0
従業者10人以上,2020,奈良県,旅館,21.8
従業者10人以上,2020,奈良県,簡易宿所,10.7
従業者10人以上,2020,宮城県,シティホテル,37.0
従業者10人以上,2020,宮城県,ビジネスホテル,47.6
従業者10人以上,2020,宮城県,リゾートホテル,28.9
従業者10人以上,2020,宮城県,会社・団体の宿泊所,22.1
従業者10人以上,2020,宮城県,全体,42.3
従業者10人以上,2020,宮城県,旅館,37.5
従業者10人以上,2020,宮城県,簡易宿所,29.0
従業者10人以上,2020,宮崎県,シティホテル,40.8
従業者10人以上,2020,宮崎県,ビジネスホテル,48.6
従業者10人以上,2020,宮崎県,リゾートホテル,27.8
従業者10人以上,2020,宮崎県,会社・団体の宿泊所,1.7
従業者10人以上,2020,宮崎県,全体,41.4
従業者10人以上,2020,宮崎県,旅館,26.3
従業者10人以上,2020,宮崎県,簡易宿所,15.6
従業者10人以上,2020,富山県,シティホテル,33.5
従業者10人以上,2020,富山県,ビジネスホテル,39.7
従業者10人以上,2020,富山県,リゾートホテル,23.2
従業者10人以上,2020,富山県,会社・団体の宿泊所,20.5
従業者10人以上,2020,富山県,全体,35.8
従業者10人以上,2020,富山県,旅館,27.4
従業者10人以上,2020,富山県,簡易宿所,11.3
従業者10人以上,2020,山口県,シティホテル,45.0
従業者10人以上,2020,山口県,ビジネスホテル,54.1
従業者10人以上,2020,山口県,リゾートホテル,31.7
従業者10人以上,2020,山口県,会社・団体の宿泊所,4.0
従業者10人以上,2020,山口県,全体,48.1
従業者10人以上,2020,山口県,旅館,37.8
従業者10人以上,2020,山口県,簡易宿所,19.7
従業者10人以上,2020,山形県,シティホテル,43.1
従業者10人以上,2020,山形県,ビジネスホテル,49.8
従業者10人以上,2020,山形県,リゾートホテル,25.5
従業者10人以上,2020,山形県,会社・団体の宿泊所,25.9
従業者10人以上,2020,山形県,全体,42.3
従業者10人以上,2020,山形県,旅館,35.6
従業者10人以上,2020,山形県,簡易宿所,3.5
従業者10人以上,2020,山梨県,シティホテル,39.6
従業者10人以上,2020,山梨県,ビジネスホテル,52.8
従業者10人以上,2020,山梨県,リゾートホテル,27.0
従業者10人以上,2020,山梨県,会社・団体の宿泊所,20.5
従業者10人以上,2020,山梨県,全体,36.7
従業者10人以上,2020,山梨県,旅館,27.4
従業者10人以上,2020,山梨県,簡易宿所,20.7
従業者10人以上,2020,岐阜県,シティホテル,33.4
従業者10人以上,2020,岐阜県,ビジネスホテル,55.6
従業者10人以上,2020,岐阜県,リゾートホテル,28.2
従業者10人以上,2020,岐阜県,会社・団体の宿泊所,17.8
従業者10人以上,2020,岐阜県,全体,42.4
従業者10人以上,2020,岐阜県,旅館,35.7
従業者10人以上,2020,岐阜県,簡易宿所,28.0
従業者10人以上,2020,岡山県,シティホテル,37.8
従業者10人以上,2020,岡山県,ビジネスホテル,54.7
従業者10人以上,2020,岡山県,リゾートホテル,32.9
従業者10人以上,2020,岡山県,会社・団体の宿泊所,3.1
従業者10人以上,2020,岡山県,全体,47.3
従業者10人以上,2020,岡山県,旅館,30.4
従業者10人以上,2020,岡山県,簡易宿所,21.8
従業者10人以上,2020,岩手県,シティホテル,50.5
従業者10人以上,2020,岩手県,ビジネスホテル,53.5
従業者10人以上,2020,岩手県,リゾートホテル,29.7
従業者10人以上,2020,岩手県,会社・団体の宿泊所,28.5
従業者10人以上,2020,岩手県,全体,45.4
従業者10人以上,2020,岩手県,旅館,39.3
従業者10人以上,2020,岩手県,簡易宿所,31.6
従業者10人以上,2020,島根県,シティホテル,44.0
従業者10人以上,2020,島根県,ビジネスホテル,54.1
従業者10人以上,2020,島根県,リゾートホテル,47.2
従業者10人以上,2020,島根県,会社・団体の宿泊所,27.7
従業者10人以上,2020,島根県,全体,48.8
従業者10人以上,2020,島根県,旅館,38.8
従業者10人以上,2020,島根県,簡易宿所,29.5
従業者10人以上,2020,広島県,シティホテル,46.1
従業者10人以上,2020,広島県,ビジネスホテル,50.2
従業者10人以上,2020,広島県,リゾートホテル,37.1
従業者10人以上,2020,広島県,会社・団体の宿泊所,21.4
従業者10人以上,2020,広島県,全体,44.2
従業者10人以上,2020,広島県,旅館,29.3
従業者10人以上,2020,広島県,簡易宿所,14.3
従業者10人以上,2020,徳島県,シティホテル,38.6
従業者10人以上,2020,徳島県,ビジネスホテル,48.0
従業者10人以上,2020,徳島県,リゾートホテル,39.7
従業者10人以上,2020,徳島県,会社・団体の宿泊所,5.6
従業者10人以上,2020,徳島県,全体,40.5
従業者10人以上,2020,徳島県,旅館,28.5
従業者10人以上,2020,徳島県,簡易宿所,10.2
従業者10人以上,2020,愛媛県,シティホテル,44.4
従業者10人以上,2020,愛媛県,ビジネスホテル,48.6
従業者10人以上,2020,愛媛県,リゾートホテル,45.7
従業者10人以上,2020,愛媛県,会社・団体の宿泊所,19.0
従業者10人以上,2020,愛媛県,全体,45.5
従業者10人以上,2020,愛媛県,旅館,38.3
従業者10人以上,2020,愛媛県,簡易宿所,17.3
従業者10人以上,2020,愛知県,シティホテル,35.9
従業者10人以上,2020,愛知県,ビジネスホテル,40.7
従業者10人以上,2020,愛知県,リゾートホテル,29.2
従業者10人以上,2020,愛知県,会社・団体の宿泊所,23.2
従業者10人以上,2020,愛知県,全体,38.2
従業者10人以上,2020,愛知県,旅館,26.4
従業者10人以上,2020,愛知県,簡易宿所,22.2
従業者10人以上,2020,新潟県,シティホテル,42.1
従業者10人以上,2020,新潟県,ビジネスホテル,52.4
従業者10人以上,2020,新潟県,リゾートホテル,21.1
従業者10人以上,2020,新潟県,会社・団体の宿泊所,28.9
従業者10人以上,2020,新潟県,全体,41.4
従業者10人以上,2020,新潟県,旅館,34.9
従業者10人以上,2020,新潟県,簡易宿所,18.5
従業者10人以上,2020,東京都,シティホテル,26.5
従業者10人以上,2020,東京都,ビジネスホテル,35.7
従業者10人以上,2020,東京都,リゾートホテル,29.0
従業者10人以上,2020,東京都,会社・団体の宿泊所,21.9
従業者10人以上,2020,東京都,全体,32.2
従業者10人以上,2020,東京都,旅館,29.5
従業者10人以上,2020,東京都,簡易宿所,25.5
従業者10人以上,2020,栃木県,シティホテル,35.3
従業者10人以上,2020,栃木県,ビジネスホテル,51.0
従業者10人以上,2020,栃木県,リゾートホテル,37.3
従業者10人以上,2020,栃木県,会社・団体の宿泊所,23.2
従業者10人以上,2020,栃木県,全体,42.9
従業者10人以上,2020,栃木県,旅館,35.9
従業者10人以上,2020,栃木県,簡易宿所,26.0
従業者10人以上,2020,沖縄県,シティホテル,34.0
従業者10人以上,2020,沖縄県,ビジネスホテル,40.4
従業者10人以上,2020,沖縄県,リゾートホテル,33.6
従業者10人以上,2020,沖縄県,会社・団体の宿泊所,7.0
従業者10人以上,2020,沖縄県,全体,35.6
従業者10人以上,2020,沖縄県,旅館,41.2
従業者10人以上,2020,沖縄県,簡易宿所,16.4
従業者10人以上,2020,滋賀県,シティホテル,39.8
従業者10人以上,2020,滋賀県,ビジネスホテル,47.5
従業者10人以上,2020,滋賀県,リゾートホテル,33.9
従業者10人以上,2020,滋賀県,会社・団体の宿泊所,4.0
従業者10人以上,2020,滋賀県,全体,40.9
従業者10人以上,2020,滋賀県,旅館,34.4
従業者10人以上,2020,滋賀県,簡易宿所,17.0
従業者10人以上,2020,熊本県,シティホテル,44.3
従業者10人以上,2020,熊本県,ビジネスホテル,50.5
従業者10人以上,2020,熊本県,リゾートホテル,22.8
従業者10人以上,2020,熊本県,会社・団体の宿泊所,10.5
従業者10人以上,2020,熊本県,全体,42.0
従業者10人以上,2020,熊本県,旅館,32.9
従業者10人以上,2020,熊本県,簡易宿所,12.2
従業者10人以上,2020,石川県,シティホテル,35.5
従業者10人以上,2020,石川県,ビジネスホテル,39.3
従業者10人以上,2020,石川県,リゾートホテル,27.7
従業者10人以上,2020,石川県,会社・団体の宿泊所,22.0
従業者10人以上,2020,石川県,全体,37.0
従業者10人以上,2020,石川県,旅館,38.2
従業者10人以上,2020,石川県,簡易宿所,9.0
従業者10人以上,2020,神奈川県,シティホテル,44.7
従業者10人以上,2020,神奈川県,ビジネスホテル,48.3
従業者10人以上,2020,神奈川県,リゾートホテル,44.9
従業者10人以上,2020,神奈川県,会社・団体の宿泊所,18.7
従業者10人以上,2020,神奈川県,全体,45.0
従業者10人以上,2020,神奈川県,旅館,43.5
従業者10人以上,2020,神奈川県,簡易宿所,22.1
従業者10人以上,2020,福井県,シティホテル,34.8
従業者10人以上,2020,福井県,ビジネスホテル,55.7
従業者10人以上,2020,福井県,リゾートホテル,43.3
従業者10人以上,2020,福井県,全体,47.3
従業者10人以上,2020,福井県,旅館,36.4
従業者10人以上,2020,福井県,簡易宿所,8.2
従業者10人以上,2020,福岡県,シティホテル,39.9
従業者10人以上,2020,福岡県,ビジネスホテル,39.8
従業者10人以上,2020,福岡県,リゾートホテル,19.8
従業者10人以上,2020,福岡県,会社・団体の宿泊所,25.7
従業者10人以上,2020,福岡県,全体,37.5
従業者10人以上,2020,福岡県,旅館,24.1
従業者10人以上,2020,福岡県,簡易宿所,17.0
従業者10人以上,2020,福島県,シティホテル,41.8
従業者10人以上,2020,福島県,ビジネスホテル,56.0
従業者10人以上,2020,福島県,リゾートホテル,31.0
従業者10人以上,2020,福島県,会社・団体の宿泊所,13.4
従業者10人以上,2020,福島県,全体,45.3
従業者10人以上,2020,福島県,旅館,36.1
従業者10人以上,2020,福島県,簡易宿所,19.8
従業者10人以上,2020,秋田県,シティホテル,48.2
従業者10人以上,2020,秋田県,ビジネスホテル,53.9
従業者10人以上,2020,秋田県,リゾートホテル,32.4
従業者10人以上,2020,秋田県,会社・団体の宿泊所,9.2
従業者10人以上,2020,秋田県,全体,42.7
従業者10人以上,2020,秋田県,旅館,29.6
従業者10人以上,2020,秋田県,簡易宿所,13.8
従業者10人以上,2020,群馬県,シティホテル,43.1
従業者10人以上,2020,群馬県,ビジネスホテル,54.7
従業者10人以上,2020,群馬県,リゾートホテル,28.1
従業者10人以上,2020,群馬県,会社・団体の宿泊所,13.5
従業者10人以上,2020,群馬県,全体,45.1
従業者10人以上,2020,群馬県,旅館,43.4
従業者10人以上,2020,群馬県,簡易宿所,19.0
従業者10人以上,2020,茨城県,シティホテル,34.8
従業者10人以上,2020,茨城県,ビジネスホテル,54.5
従業者10人以上,2020,茨城県,リゾートホテル,34.3
従業者10人以上,2020,茨城県,会社・団体の宿泊所,49.2
従業者10人以上,2020,茨城県,全体,48.9
従業者10人以上,2020,茨城県,旅館,24.8
従業者10人以上,2020,茨城県,簡易宿所,9.2
従業者10人以上,2020,長崎県,シティホテル,45.2
従業者10人以上,2020,長崎県,ビジネスホテル,53.2
従業者10人以上,2020,長崎県,リゾートホテル,31.0
従業者10人以上,2020,長崎県,会社・団体の宿泊所,20.7
従業者10人以上,2020,長崎県,全体,43.0
従業者10人以上,2020,長崎県,旅館,33.4
従業者10人以上,2020,長崎県,簡易宿所,28.9
従業者10人以上,2020,長野県,シティホテル,49.4
従業者10人以上,2020,長野県,ビジネスホテル,50.5
従業者10人以上,2020,長野県,リゾートホテル,27.9
従業者10人以上,2020,長野県,会社・団体の宿泊所,16.7
従業者10人以上,2020,長野県,全体,37.1
従業者10人以上,2020,長野県,旅館,29.6
従業者10人以上,2020,長野県,簡易宿所,8.5
従業者10人以上,2020,青森県,シティホテル,34.3
従業者10人以上,2020,青森県,ビジネスホテル,51.0
従業者10人以上,2020,青森県,リゾートホテル,27.8
従業者10人以上,2020,青森県,全体,44.0
従業者10人以上,2020,青森県,旅館,32.3
従業者10人以上,2020,青森県,簡易宿所,17.7
従業者10人以上,2020,静岡県,シティホテル,37.9
従業者10人以上,2020,静岡県,ビジネスホテル,50.0
従業者10人以上,2020,静岡県,リゾートホテル,30.9
従業者10人以上,2020,静岡県,会社・団体の宿泊所,11.6
従業者10人以上,2020,静岡県,全体,41.8
従業者10人以上,2020,静岡県,旅館,42.8
従業者10人以上,2020,静岡県,簡易宿所,19.1
従業者10人以上,2020,香川県,シティホテル,45.1
従業者10人以上,2020,香川県,ビジネスホテル,43.7
従業者10人以上,2020,香川県,リゾートホテル,36.6
従業者10人以上,2020,香川県,会社・団体の宿泊所,7.3
従業者10人以上,2020,香川県,全体,40.6
従業者10人以上,2020,香川県,旅館,31.9
従業者10人以上,2020,香川県,簡易宿所,12.5
従業者10人以上,2020,高知県,シティホテル,46.4
従業者10人以上,2020,高知県,ビジネスホテル,53.2
従業者10人以上,2020,高知県,リゾートホテル,34.7
従業者10人以上,2020,高知県,全体,45.9
従業者10人以上,2020,高知県,旅館,32.5
従業者10人以上,2020,高知県,簡易宿所,10.0
従業者10人以上,2020,鳥取県,シティホテル,46.2
従業者10人以上,2020,鳥取県,ビジネスホテル,52.4
従業者10人以上,2020,鳥取県,リゾートホテル,31.1
従業者10人以上,2020,鳥取県,全体,45.2
従業者10人以上,2020,鳥取県,旅館,36.9
従業者10人以上,2020,鳥取県,簡易宿所,58.9
従業者10人以上,2020,鹿児島県,シティホテル,41.4
従業者10人以上,2020,鹿児島県,ビジネスホテル,50.5
従業者10人以上,2020,鹿児島県,リゾートホテル,31.7
従業者10人以上,2020,鹿児島県,会社・団体の宿泊所,8.6
従業者10人以上,2020,鹿児島県,全体,43.7
従業者10人以上,2020,鹿児島県,旅館,33.0
従業者10人以上,2020,鹿児島県,簡易宿所,8.4
従業者10人以上,2021,三重県,シティホテル,36.4
従業者10人以上,2021,三重県,ビジネスホテル,52.5
従業者10人以上,2021,三重県,リゾートホテル,30.5
従業者10人以上,2021,三重県,会社・団体の宿泊所,10.5
従業者10人以上,2021,三重県,全体,43.4
従業者10人以上,2021,三重県,旅館,33.4
従業者10人以上,2021,三重県,簡易宿所,13.0
従業者10人以上,2021,京都府,シティホテル,26.2
従業者10人以上,2021,京都府,ビジネスホテル,33.5
従業者10人以上,2021,京都府,リゾートホテル,24.2
従業者10人以上,2021,京都府,会社・団体の宿泊所,22.7
従業者10人以上,2021,京都府,全体,29.5
従業者10人以上,2021,京都府,旅館,19.3
従業者10人以上,2021,京都府,簡易宿所,25.7
従業者10人以上,2021,佐賀県,シティホテル,49.5
従業者10人以上,2021,佐賀県,ビジネスホテル,56.1
従業者10人以上,2021,佐賀県,リゾートホテル,31.8
従業者10人以上,2021,佐賀県,会社・団体の宿泊所,21.0
従業者10人以上,2021,佐賀県,全体,42.7
従業者10人以上,2021,佐賀県,旅館,29.6
従業者10人以上,2021,佐賀県,簡易宿所,11.4
従業者10人以上,2021,全国,シティホテル,35.0
従業者10人以上,2021,全国,ビジネスホテル,45.8
従業者10人以上,2021,全国,リゾートホテル,29.7
従業者10人以上,2021,全国,会社・団体の宿泊所,18.3
従業者10人以上,2021,全国,全体,39.3
従業者10人以上,2021,全国,旅館,31.0
従業者10人以上,2021,全国,簡易宿所,22.5
従業者10人以上,2021,兵庫県,シティホテル,42.8
従業者10人以上,2021,兵庫県,ビジネスホテル,47.0
従業者10人以上,2021,兵庫県,リゾートホテル,33.9
従業者10人以上,2021,兵庫県,会社・団体の宿泊所,19.3
従業者10人以上,2021,兵庫県,全体,40.8
従業者10人以上,2021,兵庫県,旅館,36.0
従業者10人以上,2021,兵庫県,簡易宿所,11.9
従業者10人以上,2021,北海道,シティホテル,31.6
従業者10人以上,2021,北海道,ビジネスホテル,45.9
従業者10人以上,2021,北海道,リゾートホテル,20.4
従業者10人以上,2021,北海道,会社・団体の宿泊所,20.5
従業者10人以上,2021,北海道,全体,36.2
従業者10人以上,2021,北海道,旅館,27.8
従業者10人以上,2021,北海道,簡易宿所,19.5
従業者10人以上,2021,千葉県,シティホテル,43.5
従業者10人以上,2021,千葉県,ビジネスホテル,42.6
従業者10人以上,2021,千葉県,リゾートホテル,38.2
従業者10人以上,2021,千葉県,会社・団体の宿泊所,10.7
従業者10人以上,2021,千葉県,全体,39.5
従業者10人以上,2021,千葉県,旅館,32.6
従業者10人以上,2021,千葉県,簡易宿所,25.0
従業者10人以上,2021,和歌山県,シティホテル,60.8
従業者10人以上,2021,和歌山県,ビジネスホテル,63.1
従業者10人以上,2021,和歌山県,リゾートホテル,37.6
従業者10人以上,2021,和歌山県,会社・団体の宿泊所,29.5
従業者10人以上,2021,和歌山県,全体,45.7
従業者10人以上,2021,和歌山県,旅館,33.9
従業者10人以上,2021,和歌山県,簡易宿所,36.9
従業者10人以上,2021,埼玉県,シティホテル,45.5
従業者10人以上,2021,埼玉県,ビジネスホテル,49.9
従業者10人以上,2021,埼玉県,リゾートホテル,25.9
従業者10人以上,2021,埼玉県,会社・団体の宿泊所,2.9
従業者10人以上,2021,埼玉県,全体,47.1
従業者10人以上,2021,埼玉県,旅館,42.8
従業者10人以上,2021,埼玉県,簡易宿所,30.6
従業者10人以上,2021,大分県,シティホテル,54.0
従業者10人以上,2021,大分県,ビジネスホテル,48.1
従業者10人以上,2021,大分県,リゾートホテル,26.9
従業者10人以上,2021,大分県,会社・団体の宿泊所,17.8
従業者10人以上,2021,大分県,全体,40.4
従業者10人以上,2021,大分県,旅館,29.9
従業者10人以上,2021,大分県,簡易宿所,20.1
従業者10人以上,2021,大阪府,シティホテル,29.1
従業者10人以上,2021,大阪府,ビジネスホテル,30.8
従業者10人以上,2021,大阪府,リゾートホテル,35.2
従業者10人以上,2021,大阪府,会社・団体の宿泊所,13.1
従業者10人以上,2021,大阪府,全体,30.2
従業者10人以上,2021,大阪府,旅館,23.4
従業者10人以上,2021,大阪府,簡易宿所,20.4
従業者10人以上,2021,奈良県,シティホテル,34.2
従業者10人以上,2021,奈良県,ビジネスホテル,36.4
従業者10人以上,2021,奈良県,リゾートホテル,44.4
従業者10人以上,2021,奈良県,全体,32.9
従業者10人以上,2021,奈良県,旅館,23.1
従業者10人以上,2021,奈良県,簡易宿所,14.0
従業者10人以上,2021,宮城県,シティホテル,37.7
従業者10人以上,2021,宮城県,ビジネスホテル,48.8
従業者10人以上,2021,宮城県,リゾートホテル,23.6
従業者10人以上,2021,宮城県,会社・団体の宿泊所,21.5
従業者10人以上,2021,宮城県,全体,42.4
従業者10人以上,2021,宮城県,旅館,31.6
従業者10人以上,2021,宮城県,簡易宿所,35.4
従業者10人以上,2021,宮崎県,シティホテル,41.3
従業者10人以上,2021,宮崎県,ビジネスホテル,51.7
従業者10人以上,2021,宮崎県,リゾートホテル,27.4
従業者10人以上,2021,宮崎県,会社・団体の宿泊所,2.8
従業者10人以上,2021,宮崎県,全体,44.7
従業者10人以上,2021,宮崎県,旅館,33.5
従業者10人以上,2021,宮崎県,簡易宿所,20.6
従業者10人以上,2021,富山県,シティホテル,34.5
従業者10人以上,2021,富山県,ビジネスホテル,44.0
従業者10人以上,2021,富山県,リゾートホテル,22.8
従業者10人以上,2021,富山県,会社・団体の宿泊所,19.3
従業者10人以上,2021,富山県,全体,39.4
従業者10人以上,2021,富山県,旅館,29.2
従業者10人以上,2021,富山県,簡易宿所,14.7
従業者10人以上,2021,山口県,シティホテル,43.2
従業者10人以上,2021,山口県,ビジネスホテル,56.3
従業者10人以上,2021,山口県,リゾートホテル,39.4
従業者10人以上,2021,山口県,会社・団体の宿泊所,7.2
従業者10人以上,2021,山口県,全体,49.5
従業者10人以上,2021,山口県,旅館,36.1
従業者10人以上,2021,山口県,簡易宿所,13.5
従業者10人以上,2021,山形県,シティホテル,47.7
従業者10人以上,2021,山形県,ビジネスホテル,53.0
従業者10人以上,2021,山形県,リゾートホテル,25.2
従業者10人以上,2021,山形県,会社・団体の宿泊所,53.5
従業者10人以上,2021,山形県,全体,43.9
従業者10人以上,2021,山形県,旅館,31.6
従業者10人以上,2021,山形県,簡易宿所,4.3
従業者10人以上,2021,山梨県,シティホテル,40.6
従業者10人以上,2021,山梨県,ビジネスホテル,52.3
従業者10人以上,2021,山梨県,リゾートホテル,30.1
従業者10人以上,2021,山梨県,会社・団体の宿泊所,29.3
従業者10人以上,2021,山梨県,全体,38.0
従業者10人以上,2021,山梨県,旅館,26.5
従業者10人以上,2021,山梨県,簡易宿所,28.7
従業者10人以上,2021,岐阜県,シティホテル,35.6
従業者10人以上,2021,岐阜県,ビジネスホテル,54.1
従業者10人以上,2021,岐阜県,リゾートホテル,22.4
従業者10人以上,2021,岐阜県,会社・団体の宿泊所,11.8
従業者10人以上,2021,岐阜県,全体,39.9
従業者10人以上,2021,岐阜県,旅館,29.6
従業者10人以上,2021,岐阜県,簡易宿所,22.5
従業者10人以上,2021,岡山県,シティホテル,41.8
従業者10人以上,2021,岡山県,ビジネスホテル,55.0
従業者10人以上,2021,岡山県,リゾートホテル,22.8
従業者10人以上,2021,岡山県,会社・団体の宿泊所,7.3
従業者10人以上,2021,岡山県,全体,48.3
従業者10人以上,2021,岡山県,旅館,28.1
従業者10人以上,2021,岡山県,簡易宿所,38.4
従業者10人以上,2021,岩手県,シティホテル,57.3
従業者10人以上,2021,岩手県,ビジネスホテル,58.4
従業者10人以上,2021,岩手県,リゾートホテル,29.0
従業者10人以上,2021,岩手県,会社・団体の宿泊所,30.0
従業者10人以上,2021,岩手県,全体,48.2
従業者10人以上,2021,岩手県,旅館,38.1
従業者10人以上,2021,岩手県,簡易宿所,33.9
従業者10人以上,2021,島根県,シティホテル,52.2
従業者10人以上,2021,島根県,ビジネスホテル,62.4
従業者10人以上,2021,島根県,リゾートホテル,50.5
従業者10人以上,2021,島根県,会社・団体の宿泊所,22.3
従業者10人以上,2021,島根県,全体,55.7
従業者10人以上,2021,島根県,旅館,40.7
従業者10人以上,2021,島根県,簡易宿所,28.2
従業者10人以上,2021,広島県,シティホテル,40.4
従業者10人以上,2021,広島県,ビジネスホテル,47.6
従業者10人以上,2021,広島県,リゾートホテル,31.1
従業者10人以上,2021,広島県,会社・団体の宿泊所,21.6
従業者10人以上,2021,広島県,全体,41.7
従業者10人以上,2021,広島県,旅館,25.3
従業者10人以上,2021,広島県,簡易宿所,13.7
従業者10人以上,2021,徳島県,シティホテル,39.9
従業者10人以上,2021,徳島県,ビジネスホテル,54.3
従業者10人以上,2021,徳島県,リゾートホテル,41.9
従業者10人以上,2021,徳島県,会社・団体の宿泊所,5.2
従業者10人以上,2021,徳島県,全体,44.4
従業者10人以上,2021,徳島県,旅館,30.2
従業者10人以上,2021,徳島県,簡易宿所,13.4
従業者10人以上,2021,愛媛県,シティホテル,38.4
従業者10人以上,2021,愛媛県,ビジネスホテル,48.3
従業者10人以上,2021,愛媛県,リゾートホテル,32.8
従業者10人以上,2021,愛媛県,会社・団体の宿泊所,12.2
従業者10人以上,2021,愛媛県,全体,42.1
従業者10人以上,2021,愛媛県,旅館,27.1
従業者10人以上,2021,愛媛県,簡易宿所,22.9
従業者10人以上,2021,愛知県,シティホテル,38.9
従業者10人以上,2021,愛知県,ビジネスホテル,44.3
従業者10人以上,2021,愛知県,リゾートホテル,30.4
従業者10人以上,2021,愛知県,会社・団体の宿泊所,24.4
従業者10人以上,2021,愛知県,全体,40.9
従業者10人以上,2021,愛知県,旅館,23.8
従業者10人以上,2021,愛知県,簡易宿所,20.5
従業者10人以上,2021,新潟県,シティホテル,45.1
従業者10人以上,2021,新潟県,ビジネスホテル,57.3
従業者10人以上,2021,新潟県,リゾートホテル,18.2
従業者10人以上,2021,新潟県,会社・団体の宿泊所,32.0
従業者10人以上,2021,新潟県,全体,43.7
従業者10人以上,2021,新潟県,旅館,32.7
従業者10人以上,2021,新潟県,簡易宿所,30.4
従業者10人以上,2021,東京都,シティホテル,30.9
従業者10人以上,2021,東京都,ビジネスホテル,41.8
従業者10人以上,2021,東京都,リゾートホテル,16.0
従業者10人以上,2021,東京都,会社・団体の宿泊所,22.2
従業者10人以上,2021,東京都,全体,37.0
従業者10人以上,2021,東京都,旅館,40.8
従業者10人以上,2021,東京都,簡易宿所,25.3
従業者10人以上,2021,栃木県,シティホテル,37.4
従業者10人以上,2021,栃木県,ビジネスホテル,52.3
従業者10人以上,2021,栃木県,リゾートホテル,34.8
従業者10人以上,2021,栃木県,会社・団体の宿泊所,21.3
従業者10人以上,2021,栃木県,全体,42.8
従業者10人以上,2021,栃木県,旅館,33.7
従業者10人以上,2021,栃木県,簡易宿所,27.0
従業者10人以上,2021,沖縄県,シティホテル,30.4
従業者10人以上,2021,沖縄県,ビジネスホテル,33.8
従業者10人以上,2021,沖縄県,リゾートホテル,28.9
従業者10人以上,2021,沖縄県,会社・団体の宿泊所,4.2
従業者10人以上,2021,沖縄県,全体,30.7
従業者10人以上,2021,沖縄県,旅館,38.7
従業者10人以上,2021,沖縄県,簡易宿所,22.7
従業者10人以上,2021,滋賀県,シティホテル,39.8
従業者10人以上,2021,滋賀県,ビジネスホテル,52.7
従業者10人以上,2021,滋賀県,リゾートホテル,34.3
従業者10人以上,2021,滋賀県,会社・団体の宿泊所,5.0
従業者10人以上,2021,滋賀県,全体,44.1
従業者10人以上,2021,滋賀県,旅館,32.1
従業者10人以上,2021,滋賀県,簡易宿所,20.9
従業者10人以上,2021,熊本県,シティホテル,47.1
従業者10人以上,2021,熊本県,ビジネスホテル,52.9
従業者10人以上,2021,熊本県,リゾートホテル,20.9
従業者10人以上,2021,熊本県,会社・団体の宿泊所,11.8
従業者10人以上,2021,熊本県,全体,42.8
従業者10人以上,2021,熊本県,旅館,30.8
従業者10人以上,2021,熊本県,簡易宿所,15.1
従業者10人以上,2021,石川県,シティホテル,33.5
従業者10人以上,2021,石川県,ビジネスホテル,38.7
従業者10人以上,2021,石川県,リゾートホテル,24.9
従業者10人以上,2021,石川県,会社・団体の宿泊所,21.8
従業者10人以上,2021,石川県,全体,34.6
従業者10人以上,2021,石川県,旅館,28.8
従業者10人以上,2021,石川県,簡易宿所,19.6
従業者10人以上,2021,神奈川県,シティホテル,41.2
従業者10人以上,2021,神奈川県,ビジネスホテル,50.9
従業者10人以上,2021,神奈川県,リゾートホテル,41.2
従業者10人以上,2021,神奈川県,会社・団体の宿泊所,17.0
従業者10人以上,2021,神奈川県,全体,45.1
従業者10人以上,2021,神奈川県,旅館,38.4
従業者10人以上,2021,神奈川県,簡易宿所,25.5
従業者10人以上,2021,福井県,シティホテル,37.4
従業者10人以上,2021,福井県,ビジネスホテル,61.5
従業者10人以上,2021,福井県,リゾートホテル,41.3
従業者10人以上,2021,福井県,全体,49.0
従業者10人以上,2021,福井県,旅館,32.0
従業者10人以上,2021,福井県,簡易宿所,9.0
従業者10人以上,2021,福岡県,シティホテル,39.8
従業者10人以上,2021,福岡県,ビジネスホテル,38.9
従業者10人以上,2021,福岡県,リゾートホテル,18.8
従業者10人以上,2021,福岡県,会社・団体の宿泊所,28.6
従業者10人以上,2021,福岡県,全体,36.9
従業者10人以上,2021,福岡県,旅館,24.6
従業者10人以上,2021,福岡県,簡易宿所,15.9
従業者10人以上,2021,福島県,シティホテル,54.9
従業者10人以上,2021,福島県,ビジネスホテル,54.4
従業者10人以上,2021,福島県,リゾートホテル,30.2
従業者10人以上,2021,福島県,会社・団体の宿泊所,16.1
従業者10人以上,2021,福島県,全体,43.2
従業者10人以上,2021,福島県,旅館,29.3
従業者10人以上,2021,福島県,簡易宿所,13.2
従業者10人以上,2021,秋田県,シティホテル,55.2
従業者10人以上,2021,秋田県,ビジネスホテル,63.5
従業者10人以上,2021,秋田県,リゾートホテル,33.5
従業者10人以上,2021,秋田県,会社・団体の宿泊所,7.1
従業者10人以上,2021,秋田県,全体,49.2
従業者10人以上,2021,秋田県,旅館,33.5
従業者10人以上,2021,秋田県,簡易宿所,13.4
従業者10人以上,2021,群馬県,シティホテル,39.1
従業者10人以上,2021,群馬県,ビジネスホテル,56.3
従業者10人以上,2021,群馬県,リゾートホテル,26.3
従業者10人以上,2021,群馬県,会社・団体の宿泊所,13.6
従業者10人以上,2021,群馬県,全体,43.8
従業者10人以上,2021,群馬県,旅館,37.0
従業者10人以上,2021,群馬県,簡易宿所,29.5
従業者10人以上,2021,茨城県,シティホテル,43.4
従業者10人以上,2021,茨城県,ビジネスホテル,54.6
従業者10人以上,2021,茨城県,リゾートホテル,38.6
従業者10人以上,2021,茨城県,会社・団体の宿泊所,39.9
従業者10人以上,2021,茨城県,全体,50.0
従業者10人以上,2021,茨城県,旅館,26.1
従業者10人以上,2021,茨城県,簡易宿所,12.6
従業者10人以上,2021,長崎県,シティホテル,41.9
従業者10人以上,2021,長崎県,ビジネスホテル,54.1
従業者10人以上,2021,長崎県,リゾートホテル,28.5
従業者10人以上,2021,長崎県,会社・団体の宿泊所,13.5
従業者10人以上,2021,長崎県,全体,41.8
従業者10人以上,2021,長崎県,旅館,27.4
従業者10人以上,2021,長崎県,簡易宿所,31.1
従業者10人以上,2021,長野県,シティホテル,54.3
従業者10人以上,2021,長野県,ビジネスホテル,55.5
従業者10人以上,2021,長野県,リゾートホテル,27.4
従業者10人以上,2021,長野県,会社・団体の宿泊所,14.2
従業者10人以上,2021,長野県,全体,38.6
従業者10人以上,2021,長野県,旅館,26.7
従業者10人以上,2021,長野県,簡易宿所,14.0
従業者10人以上,2021,青森県,シティホテル,41.9
従業者10人以上,2021,青森県,ビジネスホテル,57.5
従業者10人以上,2021,青森県,リゾートホテル,20.3
従業者10人以上,2021,青森県,全体,48.9
従業者10人以上,2021,青森県,旅館,30.6
従業者10人以上,2021,青森県,簡易宿所,11.8
従業者10人以上,2021,静岡県,シティホテル,41.8
従業者10人以上,2021,静岡県,ビジネスホテル,53.3
従業者10人以上,2021,静岡県,リゾートホテル,31.9
従業者10人以上,2021,静岡県,会社・団体の宿泊所,12.0
従業者10人以上,2021,静岡県,全体,43.1
従業者10人以上,2021,静岡県,旅館,38.7
従業者10人以上,2021,静岡県,簡易宿所,15.3
従業者10人以上,2021,香川県,シティホテル,45.6
従業者10人以上,2021,香川県,ビジネスホテル,47.1
従業者10人以上,2021,香川県,リゾートホテル,29.5
従業者10人以上,2021,香川県,会社・団体の宿泊所,3.9
従業者10人以上,2021,香川県,全体,40.3
従業者10人以上,2021,香川県,旅館,26.6
従業者10人以上,2021,香川県,簡易宿所,10.7
従業者10人以上,2021,高知県,シティホテル,42.8
従業者10人以上,2021,高知県,ビジネスホテル,52.6
従業者10人以上,2021,高知県,リゾートホテル,30.3
従業者10人以上,2021,高知県,全体,44.6
従業者10人以上,2021,高知県,旅館,28.7
従業者10人以上,2021,高知県,簡易宿所,22.3
従業者10人以上,2021,鳥取県,シティホテル,53.9
従業者10人以上,2021,鳥取県,ビジネスホテル,53.2
従業者10人以上,2021,鳥取県,リゾートホテル,25.4
従業者10人以上,2021,鳥取県,全体,44.2
従業者10人以上,2021,鳥取県,旅館,32.1
従業者10人以上,2021,鳥取県,簡易宿所,35.8
従業者10人以上,2021,鹿児島県,シティホテル,37.9
従業者10人以上,2021,鹿児島県,ビジネスホテル,51.1
従業者10人以上,2021,鹿児島県,リゾートホテル,29.2
従業者10人以上,2021,鹿児島県,会社・団体の宿泊所,19.0
従業者10人以上,2021,鹿児島県,全体,42.9
従業者10人以上,2021,鹿児島県,旅館,29.2
従業者10人以上,2021,鹿児島県,簡易宿所,12.1
従業者10人以上,2022,三重県,シティホテル,65.0
従業者10人以上,2022,三重県,ビジネスホテル,68.0
従業者10人以上,2022,三重県,リゾートホテル,46.1
従業者10人以上,2022,三重県,会社・団体の宿泊所,13.8
従業者10人以上,2022,三重県,全体,58.5
従業者10人以上,2022,三重県,旅館,46.3
従業者10人以上,2022,三重県,簡易宿所,25.6
従業者10人以上,2022,京都府,シティホテル,47.6
従業者10人以上,2022,京都府,ビジネスホテル,53.1
従業者10人以上,2022,京都府,リゾートホテル,43.2
従業者10人以上,2022,京都府,会社・団体の宿泊所,44.5
従業者10人以上,2022,京都府,全体,49.0
従業者10人以上,2022,京都府,旅館,38.2
従業者10人以上,2022,京都府,簡易宿所,41.0
従業者10人以上,2022,佐賀県,シティホテル,64.3
従業者10人以上,2022,佐賀県,ビジネスホテル,68.0
従業者10人以上,2022,佐賀県,リゾートホテル,40.7
従業者10人以上,2022,佐賀県,会社・団体の宿泊所,21.8
従業者10人以上,2022,佐賀県,全体,55.2
従業者10人以上,2022,佐賀県,旅館,47.3
従業者10人以上,2022,佐賀県,簡易宿所,11.4
従業者10人以上,2022,全国,シティホテル,53.2
従業者10人以上,2022,全国,ビジネスホテル,58.9
従業者10人以上,2022,全国,リゾートホテル,45.4
従業者10人以上,2022,全国,会社・団体の宿泊所,25.2
従業者10人以上,2022,全国,全体,53.4
従業者10人以上,2022,全国,旅館,43.9
従業者10人以上,2022,全国,簡易宿所,34.0
従業者10人以上,2022,兵庫県,シティホテル,61.5
従業者10人以上,2022,兵庫県,ビジネスホテル,57.9
従業者10人以上,2022,兵庫県,リゾートホテル,49.5
従業者10人以上,2022,兵庫県,会社・団体の宿泊所,21.4
従業者10人以上,2022,兵庫県,全体,53.9
従業者10人以上,2022,兵庫県,旅館,50.1
従業者10人以上,2022,兵庫県,簡易宿所,20.6
従業者10人以上,2022,北海道,シティホテル,53.6
従業者10人以上,2022,北海道,ビジネスホテル,62.4
従業者10人以上,2022,北海道,リゾートホテル,33.6
従業者10人以上,2022,北海道,会社・団体の宿泊所,34.7
従業者10人以上,2022,北海道,全体,52.7
従業者10人以上,2022,北海道,旅館,40.4
従業者10人以上,2022,北海道,簡易宿所,28.1
従業者10人以上,2022,千葉県,シティホテル,52.5
従業者10人以上,2022,千葉県,ビジネスホテル,56.9
従業者10人以上,2022,千葉県,リゾートホテル,65.0
従業者10人以上,2022,千葉県,会社・団体の宿泊所,15.8
従業者10人以上,2022,千葉県,全体,57.0
従業者10人以上,2022,千葉県,旅館,47.7
従業者10人以上,2022,千葉県,簡易宿所,33.6
従業者10人以上,2022,和歌山県,シティホテル,64.5
従業者10人以上,2022,和歌山県,ビジネスホテル,71.9
従業者10人以上,2022,和歌山県,リゾートホテル,45.1
従業者10人以上,2022,和歌山県,会社・団体の宿泊所,39.2
従業者10人以上,2022,和歌山県,全体,54.1
従業者10人以上,2022,和歌山県,旅館,43.8
従業者10人以上,2022,和歌山県,簡易宿所,37.3
従業者10人以上,2022,埼玉県,シティホテル,66.6
従業者10人以上,2022,埼玉県,ビジネスホテル,60.8
従業者10人以上,2022,埼玉県,リゾートホテル,31.9
従業者10人以上,2022,埼玉県,会社・団体の宿泊所,9.0
従業者10人以上,2022,埼玉県,全体,58.1
従業者10人以上,2022,埼玉県,旅館,50.4
従業者10人以上,2022,埼玉県,簡易宿所,13.4
従業者10人以上,2022,大分県,シティホテル,76.8
従業者10人以上,2022,大分県,ビジネスホテル,54.0
従業者10人以上,2022,大分県,リゾートホテル,48.5
従業者10人以上,2022,大分県,会社・団体の宿泊所,25.4
従業者10人以上,2022,大分県,全体,52.7
従業者10人以上,2022,大分県,旅館,45.9
従業者10人以上,2022,大分県,簡易宿所,24.7
従業者10人以上,2022,大阪府,シティホテル,52.0
従業者10人以上,2022,大阪府,ビジネスホテル,47.0
従業者10人以上,2022,大阪府,リゾートホテル,52.3
従業者10人以上,2022,大阪府,会社・団体の宿泊所,12.6
従業者10人以上,2022,大阪府,全体,48.2
従業者10人以上,2022,大阪府,旅館,34.5
従業者10人以上,2022,大阪府,簡易宿所,48.5
従業者10人以上,2022,奈良県,シティホテル,54.4
従業者10人以上,2022,奈良県,ビジネスホテル,38.2
従業者10人以上,2022,奈良県,リゾートホテル,62.0
従業者10人以上,2022,奈良県,全体,43.1
従業者10人以上,2022,奈良県,旅館,37.0
従業者10人以上,2022,奈良県,簡易宿所,20.7
従業者10人以上,2022,宮城県,シティホテル,54.7
従業者10人以上,2022,宮城県,ビジネスホテル,63.4
従業者10人以上,2022,宮城県,リゾートホテル,38.6
従業者10人以上,2022,宮城県,会社・団体の宿泊所,18.6
従業者10人以上,2022,宮城県,全体,56.4
従業者10人以上,2022,宮城県,旅館,44.6
従業者10人以上,2022,宮城県,簡易宿所,49.6
従業者10人以上,2022,宮崎県,シティホテル,61.8
従業者10人以上,2022,宮崎県,ビジネスホテル,61.6
従業者10人以上,2022,宮崎県,リゾートホテル,30.2
従業者10人以上,2022,宮崎県,会社・団体の宿泊所,5.0
従業者10人以上,2022,宮崎県,全体,54.5
従業者10人以上,2022,宮崎県,旅館,44.2
従業者10人以上,2022,宮崎県,簡易宿所,12.6
従業者10人以上,2022,富山県,シティホテル,57.9
従業者10人以上,2022,富山県,ビジネスホテル,52.2
従業者10人以上,2022,富山県,リゾートホテル,36.9
従業者10人以上,2022,富山県,会社・団体の宿泊所,30.1
従業者10人以上,2022,富山県,全体,49.8
従業者10人以上,2022,富山県,旅館,40.0
従業者10人以上,2022,富山県,簡易宿所,20.7
従業者10人以上,2022,山口県,シティホテル,61.0
従業者10人以上,2022,山口県,ビジネスホテル,62.7
従業者10人以上,2022,山口県,リゾートホテル,45.7
従業者10人以上,2022,山口県,会社・団体の宿泊所,16.0
従業者10人以上,2022,山口県,全体,58.2
従業者10人以上,2022,山口県,旅館,48.3
従業者10人以上,2022,山口県,簡易宿所,22.1
従業者10人以上,2022,山形県,シティホテル,60.0
従業者10人以上,2022,山形県,ビジネスホテル,59.7
従業者10人以上,2022,山形県,リゾートホテル,37.0
従業者10人以上,2022,山形県,会社・団体の宿泊所,53.9
従業者10人以上,2022,山形県,全体,52.7
従業者10人以上,2022,山形県,旅館,44.3
従業者10人以上,2022,山形県,簡易宿所,7.1
従業者10人以上,2022,山梨県,シティホテル,44.4
従業者10人以上,2022,山梨県,ビジネスホテル,53.2
従業者10人以上,2022,山梨県,リゾートホテル,42.2
従業者10人以上,2022,山梨県,会社・団体の宿泊所,40.0
従業者10人以上,2022,山梨県,全体,45.5
従業者10人以上,2022,山梨県,旅館,41.2
従業者10人以上,2022,山梨県,簡易宿所,27.6
従業者10人以上,2022,岐阜県,シティホテル,39.4
従業者10人以上,2022,岐阜県,ビジネスホテル,57.7
従業者10人以上,2022,岐阜県,リゾートホテル,35.8
従業者10人以上,2022,岐阜県,会社・団体の宿泊所,14.9
従業者10人以上,2022,岐阜県,全体,48.1
従業者10人以上,2022,岐阜県,旅館,48.6
従業者10人以上,2022,岐阜県,簡易宿所,23.2
従業者10人以上,2022,岡山県,シティホテル,52.9
従業者10人以上,2022,岡山県,ビジネスホテル,63.7
従業者10人以上,2022,岡山県,リゾートホテル,34.1
従業者10人以上,2022,岡山県,会社・団体の宿泊所,17.7
従業者10人以上,2022,岡山県,全体,58.0
従業者10人以上,2022,岡山県,旅館,37.8
従業者10人以上,2022,岡山県,簡易宿所,48.7
従業者10人以上,2022,岩手県,シティホテル,65.6
従業者10人以上,2022,岩手県,ビジネスホテル,63.0
従業者10人以上,2022,岩手県,リゾートホテル,38.7
従業者10人以上,2022,岩手県,会社・団体の宿泊所,46.2
従業者10人以上,2022,岩手県,全体,54.3
従業者10人以上,2022,岩手県,旅館,43.1
従業者10人以上,2022,岩手県,簡易宿所,34.2
従業者10人以上,2022,島根県,シティホテル,59.9
従業者10人以上,2022,島根県,ビジネスホテル,67.8
従業者10人以上,2022,島根県,リゾートホテル,43.4
従業者10人以上,2022,島根県,全体,61.1
従業者10人以上,2022,島根県,旅館,47.3
従業者10人以上,2022,島根県,簡易宿所,35.6
従業者10人以上,2022,広島県,シティホテル,56.7
従業者10人以上,2022,広島県,ビジネスホテル,57.8
従業者10人以上,2022,広島県,リゾートホテル,47.8
従業者10人以上,2022,広島県,会社・団体の宿泊所,26.8
従業者10人以上,2022,広島県,全体,53.4
従業者10人以上,2022,広島県,旅館,36.3
従業者10人以上,2022,広島県,簡易宿所,18.9
従業者10人以上,2022,徳島県,シティホテル,49.8
従業者10人以上,2022,徳島県,ビジネスホテル,56.7
従業者10人以上,2022,徳島県,リゾートホテル,56.3
従業者10人以上,2022,徳島県,会社・団体の宿泊所,19.4
従業者10人以上,2022,徳島県,全体,52.2
従業者10人以上,2022,徳島県,旅館,47.5
従業者10人以上,2022,徳島県,簡易宿所,25.5
従業者10人以上,2022,愛媛県,シティホテル,54.6
従業者10人以上,2022,愛媛県,ビジネスホテル,61.5
従業者10人以上,2022,愛媛県,リゾートホテル,38.5
従業者10人以上,2022,愛媛県,会社・団体の宿泊所,19.6
従業者10人以上,2022,愛媛県,全体,57.0
従業者10人以上,2022,愛媛県,旅館,47.1
従業者10人以上,2022,愛媛県,簡易宿所,24.3
従業者10人以上,2022,愛知県,シティホテル,55.5
従業者10人以上,2022,愛知県,ビジネスホテル,61.0
従業者10人以上,2022,愛知県,リゾートホテル,37.4
従業者10人以上,2022,愛知県,会社・団体の宿泊所,24.3
従業者10人以上,2022,愛知県,全体,56.3
従業者10人以上,2022,愛知県,旅館,30.3
従業者10人以上,2022,愛知県,簡易宿所,34.6
従業者10人以上,2022,新潟県,シティホテル,57.8
従業者10人以上,2022,新潟県,ビジネスホテル,62.5
従業者10人以上,2022,新潟県,リゾートホテル,27.2
従業者10人以上,2022,新潟県,会社・団体の宿泊所,40.3
従業者10人以上,2022,新潟県,全体,50.9
従業者10人以上,2022,新潟県,旅館,44.6
従業者10人以上,2022,新潟県,簡易宿所,21.4
従業者10人以上,2022,東京都,シティホテル,50.2
従業者10人以上,2022,東京都,ビジネスホテル,60.7
従業者10人以上,2022,東京都,リゾートホテル,31.8
従業者10人以上,2022,東京都,会社・団体の宿泊所,27.7
従業者10人以上,2022,東京都,全体,55.8
従業者10人以上,2022,東京都,旅館,50.2
従業者10人以上,2022,東京都,簡易宿所,50.1
従業者10人以上,2022,栃木県,シティホテル,55.0
従業者10人以上,2022,栃木県,ビジネスホテル,67.6
従業者10人以上,2022,栃木県,リゾートホテル,49.8
従業者10人以上,2022,栃木県,会社・団体の宿泊所,27.8
従業者10人以上,2022,栃木県,全体,57.7
従業者10人以上,2022,栃木県,旅館,49.3
従業者10人以上,2022,栃木県,簡易宿所,30.9
従業者10人以上,2022,沖縄県,シティホテル,47.0
従業者10人以上,2022,沖縄県,ビジネスホテル,49.8
従業者10人以上,2022,沖縄県,リゾートホテル,49.5
従業者10人以上,2022,沖縄県,会社・団体の宿泊所,14.4
従業者10人以上,2022,沖縄県,全体,48.9
従業者10人以上,2022,沖縄県,旅館,27.9
従業者10人以上,2022,沖縄県,簡易宿所,40.1
従業者10人以上,2022,滋賀県,シティホテル,43.1
従業者10人以上,2022,滋賀県,ビジネスホテル,62.4
従業者10人以上,2022,滋賀県,リゾートホテル,49.7
従業者10人以上,2022,滋賀県,会社・団体の宿泊所,15.8
従業者10人以上,2022,滋賀県,全体,54.8
従業者10人以上,2022,滋賀県,旅館,47.1
従業者10人以上,2022,滋賀県,簡易宿所,31.1
従業者10人以上,2022,熊本県,シティホテル,54.7
従業者10人以上,2022,熊本県,ビジネスホテル,64.3
従業者10人以上,2022,熊本県,リゾートホテル,35.4
従業者10人以上,2022,熊本県,会社・団体の宿泊所,33.5
従業者10人以上,2022,熊本県,全体,54.0
従業者10人以上,2022,熊本県,旅館,43.6
従業者10人以上,2022,熊本県,簡易宿所,24.3
従業者10人以上,2022,石川県,シティホテル,55.6
従業者10人以上,2022,石川県,ビジネスホテル,49.3
従業者10人以上,2022,石川県,リゾートホテル,40.8
従業者10人以上,2022,石川県,会社・団体の宿泊所,26.6
従業者10人以上,2022,石川県,全体,47.2
従業者10人以上,2022,石川県,旅館,41.0
従業者10人以上,2022,石川県,簡易宿所,29.6
従業者10人以上,2022,神奈川県,シティホテル,60.1
従業者10人以上,2022,神奈川県,ビジネスホテル,65.8
従業者10人以上,2022,神奈川県,リゾートホテル,59.7
従業者10人以上,2022,神奈川県,会社・団体の宿泊所,25.0
従業者10人以上,2022,神奈川県,全体,60.7
従業者10人以上,2022,神奈川県,旅館,52.9
従業者10人以上,2022,神奈川県,簡易宿所,35.0
従業者10人以上,2022,福井県,シティホテル,46.2
従業者10人以上,2022,福井県,ビジネスホテル,65.2
従業者10人以上,2022,福井県,リゾートホテル,56.7
従業者10人以上,2022,福井県,全体,55.5
従業者10人以上,2022,福井県,旅館,41.3
従業者10人以上,2022,福井県,簡易宿所,22.4
従業者10人以上,2022,福岡県,シティホテル,58.0
従業者10人以上,2022,福岡県,ビジネスホテル,54.0
従業者10人以上,2022,福岡県,リゾートホテル,28.1
従業者10人以上,2022,福岡県,会社・団体の宿泊所,30.5
従業者10人以上,2022,福岡県,全体,51.8
従業者10人以上,2022,福岡県,旅館,35.2
従業者10人以上,2022,福岡県,簡易宿所,25.5
従業者10人以上,2022,福島県,シティホテル,59.6
従業者10人以上,2022,福島県,ビジネスホテル,61.7
従業者10人以上,2022,福島県,リゾートホテル,44.5
従業者10人以上,2022,福島県,会社・団体の宿泊所,28.2
従業者10人以上,2022,福島県,全体,51.4
従業者10人以上,2022,福島県,旅館,38.3
従業者10人以上,2022,福島県,簡易宿所,11.4
従業者10人以上,2022,秋田県,シティホテル,51.6
従業者10人以上,2022,秋田県,ビジネスホテル,64.9
従業者10人以上,2022,秋田県,リゾートホテル,43.9
従業者10人以上,2022,秋田県,会社・団体の宿泊所,12.6
従業者10人以上,2022,秋田県,全体,52.5
従業者10人以上,2022,秋田県,旅館,42.1
従業者10人以上,2022,秋田県,簡易宿所,18.4
従業者10人以上,2022,群馬県,シティホテル,37.3
従業者10人以上,2022,群馬県,ビジネスホテル,58.9
従業者10人以上,2022,群馬県,リゾートホテル,43.4
従業者10人以上,2022,群馬県,会社・団体の宿泊所,21.9
従業者10人以上,2022,群馬県,全体,52.9
従業者10人以上,2022,群馬県,旅館,52.8
従業者10人以上,2022,群馬県,簡易宿所,34.0
従業者10人以上,2022,茨城県,シティホテル,57.4
従業者10人以上,2022,茨城県,ビジネスホテル,61.7
従業者10人以上,2022,茨城県,リゾートホテル,38.9
従業者10人以上,2022,茨城県,会社・団体の宿泊所,65.2
従業者10人以上,2022,茨城県,全体,58.1
従業者10人以上,2022,茨城県,旅館,38.7
従業者10人以上,2022,茨城県,簡易宿所,22.7
従業者10人以上,2022,長崎県,シティホテル,56.3
従業者10人以上,2022,長崎県,ビジネスホテル,68.8
従業者10人以上,2022,長崎県,リゾートホテル,47.1
従業者10人以上,2022,長崎県,会社・団体の宿泊所,16.3
従業者10人以上,2022,長崎県,全体,57.8
従業者10人以上,2022,長崎県,旅館,43.6
従業者10人以上,2022,長崎県,簡易宿所,37.9
従業者10人以上,2022,長野県,シティホテル,62.7
従業者10人以上,2022,長野県,ビジネスホテル,64.2
従業者10人以上,2022,長野県,リゾートホテル,36.3
従業者10人以上,2022,長野県,会社・団体の宿泊所,24.9
従業者10人以上,2022,長野県,全体,47.1
従業者10人以上,2022,長野県,旅館,37.3
従業者10人以上,2022,長野県,簡易宿所,14.9
従業者10人以上,2022,青森県,シティホテル,54.1
従業者10人以上,2022,青森県,ビジネスホテル,67.8
従業者10人以上,2022,青森県,リゾートホテル,32.0
従業者10人以上,2022,青森県,全体,59.5
従業者10人以上,2022,青森県,旅館,42.5
従業者10人以上,2022,青森県,簡易宿所,26.1
従業者10人以上,2022,静岡県,シティホテル,53.0
従業者10人以上,2022,静岡県,ビジネスホテル,62.3
従業者10人以上,2022,静岡県,リゾートホテル,41.2
従業者10人以上,2022,静岡県,会社・団体の宿泊所,21.6
従業者10人以上,2022,静岡県,全体,52.6
従業者10人以上,2022,静岡県,旅館,52.4
従業者10人以上,2022,静岡県,簡易宿所,19.3
従業者10人以上,2022,香川県,シティホテル,53.1
従業者10人以上,2022,香川県,ビジネスホテル,53.2
従業者10人以上,2022,香川県,リゾートホテル,49.0
従業者10人以上,2022,香川県,会社・団体の宿泊所,9.9
従業者10人以上,2022,香川県,全体,50.4
従業者10人以上,2022,香川県,旅館,48.8
従業者10人以上,2022,香川県,簡易宿所,17.5
従業者10人以上,2022,高知県,シティホテル,58.1
従業者10人以上,2022,高知県,ビジネスホテル,68.5
従業者10人以上,2022,高知県,リゾートホテル,43.6
従業者10人以上,2022,高知県,全体,59.4
従業者10人以上,2022,高知県,旅館,45.2
従業者10人以上,2022,高知県,簡易宿所,30.3
従業者10人以上,2022,鳥取県,シティホテル,68.7
従業者10人以上,2022,鳥取県,ビジネスホテル,53.5
従業者10人以上,2022,鳥取県,リゾートホテル,34.9
従業者10人以上,2022,鳥取県,全体,50.9
従業者10人以上,2022,鳥取県,旅館,44.5
従業者10人以上,2022,鳥取県,簡易宿所,36.9
従業者10人以上,2022,鹿児島県,シティホテル,56.1
従業者10人以上,2022,鹿児島県,ビジネスホテル,56.9
従業者10人以上,2022,鹿児島県,リゾートホテル,36.2
従業者10人以上,2022,鹿児島県,会社・団体の宿泊所,17.4
従業者10人以上,2022,鹿児島県,全体,50.6
従業者10人以上,2022,鹿児島県,旅館,40.7
従業者10人以上,2022,鹿児島県,簡易宿所,14.9
従業者10人以上,2023,三重県,シティホテル,65.6
従業者10人以上,2023,三重県,ビジネスホテル,66.3
従業者10人以上,2023,三重県,リゾートホテル,49.9
従業者10人以上,2023,三重県,会社・団体の宿泊所,25.1
従業者10人以上,2023,三重県,全体,58.9
従業者10人以上,2023,三重県,旅館,48.5
従業者10人以上,2023,三重県,簡易宿所,33.0
従業者10人以上,2023,京都府,シティホテル,68.1
従業者10人以上,2023,京都府,ビジネスホテル,71.0
従業者10人以上,2023,京都府,リゾートホテル,52.5
従業者10人以上,2023,京都府,会社・団体の宿泊所,58.6
従業者10人以上,2023,京都府,全体,66.7
従業者10人以上,2023,京都府,旅館,51.0
従業者10人以上,2023,京都府,簡易宿所,62.4
従業者10人以上,2023,佐賀県,シティホテル,60.4
従業者10人以上,2023,佐賀県,ビジネスホテル,76.5
従業者10人以上,2023,佐賀県,リゾートホテル,56.8
従業者10人以上,2023,佐賀県,会社・団体の宿泊所,8.3
従業者10人以上,2023,佐賀県,全体,61.4
従業者10人以上,2023,佐賀県,旅館,49.6
従業者10人以上,2023,佐賀県,簡易宿所,7.5
従業者10人以上,2023,全国,シティホテル,69.5
従業者10人以上,2023,全国,ビジネスホテル,72.0
従業者10人以上,2023,全国,リゾートホテル,54.3
従業者10人以上,2023,全国,会社・団体の宿泊所,32.0
従業者10人以上,2023,全国,全体,65.8
従業者10人以上,2023,全国,旅館,50.2
従業者10人以上,2023,全国,簡易宿所,44.1
従業者10人以上,2023,兵庫県,シティホテル,68.9
従業者10人以上,2023,兵庫県,ビジネスホテル,71.6
従業者10人以上,2023,兵庫県,リゾートホテル,47.7
従業者10人以上,2023,兵庫県,会社・団体の宿泊所,24.4
従業者10人以上,2023,兵庫県,全体,62.8
従業者10人以上,2023,兵庫県,旅館,55.0
従業者10人以上,2023,兵庫県,簡易宿所,25.8
従業者10人以上,2023,北海道,シティホテル,68.4
従業者10人以上,2023,北海道,ビジネスホテル,72.6
従業者10人以上,2023,北海道,リゾートホテル,47.2
従業者10人以上,2023,北海道,会社・団体の宿泊所,42.9
従業者10人以上,2023,北海道,全体,64.7
従業者10人以上,2023,北海道,旅館,50.3
従業者10人以上,2023,北海道,簡易宿所,43.1
従業者10人以上,2023,千葉県,シティホテル,66.1
従業者10人以上,2023,千葉県,ビジネスホテル,65.4
従業者10人以上,2023,千葉県,リゾートホテル,76.8
従業者10人以上,2023,千葉県,会社・団体の宿泊所,22.3
従業者10人以上,2023,千葉県,全体,67.0
従業者10人以上,2023,千葉県,旅館,49.5
従業者10人以上,2023,千葉県,簡易宿所,44.1
従業者10人以上,2023,和歌山県,シティホテル,71.1
従業者10人以上,2023,和歌山県,ビジネスホテル,74.0
従業者10人以上,2023,和歌山県,リゾートホテル,48.5
従業者10人以上,2023,和歌山県,会社・団体の宿泊所,43.9
従業者10人以上,2023,和歌山県,全体,58.9
従業者10人以上,2023,和歌山県,旅館,52.5
従業者10人以上,2023,和歌山県,簡易宿所,38.9
従業者10人以上,2023,埼玉県,シティホテル,71.5
従業者10人以上,2023,埼玉県,ビジネスホテル,69.3
従業者10人以上,2023,埼玉県,リゾートホテル,31.8
従業者10人以上,2023,埼玉県,会社・団体の宿泊所,15.2
従業者10人以上,2023,埼玉県,全体,66.0
従業者10人以上,2023,埼玉県,旅館,57.4
従業者10人以上,2023,埼玉県,簡易宿所,9.7
従業者10人以上,2023,大分県,シティホテル,74.3
従業者10人以上,2023,大分県,ビジネスホテル,64.0
従業者10人以上,2023,大分県,リゾートホテル,55.2
従業者10人以上,2023,大分県,会社・団体の宿泊所,30.8
従業者10人以上,2023,大分県,全体,60.5
従業者10人以上,2023,大分県,旅館,53.5
従業者10人以上,2023,大分県,簡易宿所,28.0
従業者10人以上,2023,大阪府,シティホテル,74.6
従業者10人以上,2023,大阪府,ビジネスホテル,69.1
従業者10人以上,2023,大阪府,リゾートホテル,70.5
従業者10人以上,2023,大阪府,会社・団体の宿泊所,25.6
従業者10人以上,2023,大阪府,全体,70.1
従業者10人以上,2023,大阪府,旅館,52.3
従業者10人以上,2023,大阪府,簡易宿所,67.1
従業者10人以上,2023,奈良県,シティホテル,63.4
従業者10人以上,2023,奈良県,ビジネスホテル,55.3
従業者10人以上,2023,奈良県,リゾートホテル,62.6
従業者10人以上,2023,奈良県,全体,55.1
従業者10人以上,2023,奈良県,旅館,43.6
従業者10人以上,2023,奈良県,簡易宿所,23.5
従業者10人以上,2023,宮城県,シティホテル,66.3
従業者10人以上,2023,宮城県,ビジネスホテル,71.0
従業者10人以上,2023,宮城県,リゾートホテル,46.4
従業者10人以上,2023,宮城県,会社・団体の宿泊所,17.3
従業者10人以上,2023,宮城県,全体,63.3
従業者10人以上,2023,宮城県,旅館,48.7
従業者10人以上,2023,宮城県,簡易宿所,48.4
従業者10人以上,2023,宮崎県,シティホテル,54.9
従業者10人以上,2023,宮崎県,ビジネスホテル,68.9
従業者10人以上,2023,宮崎県,リゾートホテル,34.3
従業者10人以上,2023,宮崎県,会社・団体の宿泊所,4.2
従業者10人以上,2023,宮崎県,全体,59.5
従業者10人以上,2023,宮崎県,旅館,45.5
従業者10人以上,2023,宮崎県,簡易宿所,36.1
従業者10人以上,2023,富山県,シティホテル,70.7
従業者10人以上,2023,富山県,ビジネスホテル,62.9
従業者10人以上,2023,富山県,リゾートホテル,39.9
従業者10人以上,2023,富山県,会社・団体の宿泊所,33.5
従業者10人以上,2023,富山県,全体,58.9
従業者10人以上,2023,富山県,旅館,43.9
従業者10人以上,2023,富山県,簡易宿所,22.4
従業者10人以上,2023,山口県,シティホテル,65.9
従業者10人以上,2023,山口県,ビジネスホテル,66.2
従業者10人以上,2023,山口県,リゾートホテル,42.5
従業者10人以上,2023,山口県,会社・団体の宿泊所,8.1
従業者10人以上,2023,山口県,全体,60.7
従業者10人以上,2023,山口県,旅館,50.8
従業者10人以上,2023,山口県,簡易宿所,22.2
従業者10人以上,2023,山形県,シティホテル,64.6
従業者10人以上,2023,山形県,ビジネスホテル,68.1
従業者10人以上,2023,山形県,リゾートホテル,32.6
従業者10人以上,2023,山形県,会社・団体の宿泊所,49.9
従業者10人以上,2023,山形県,全体,59.2
従業者10人以上,2023,山形県,旅館,52.1
従業者10人以上,2023,山形県,簡易宿所,9.1
従業者10人以上,2023,山梨県,シティホテル,40.8
従業者10人以上,2023,山梨県,ビジネスホテル,63.9
従業者10人以上,2023,山梨県,リゾートホテル,55.8
従業者10人以上,2023,山梨県,会社・団体の宿泊所,55.3
従業者10人以上,2023,山梨県,全体,56.0
従業者10人以上,2023,山梨県,旅館,51.1
従業者10人以上,2023,山梨県,簡易宿所,24.7
従業者10人以上,2023,岐阜県,シティホテル,50.5
従業者10人以上,2023,岐阜県,ビジネスホテル,67.0
従業者10人以上,2023,岐阜県,リゾートホテル,45.1
従業者10人以上,2023,岐阜県,会社・団体の宿泊所,24.8
従業者10人以上,2023,岐阜県,全体,57.9
従業者10人以上,2023,岐阜県,旅館,59.3
従業者10人以上,2023,岐阜県,簡易宿所,33.1
従業者10人以上,2023,岡山県,シティホテル,63.8
従業者10人以上,2023,岡山県,ビジネスホテル,73.8
従業者10人以上,2023,岡山県,リゾートホテル,36.2
従業者10人以上,2023,岡山県,会社・団体の宿泊所,19.8
従業者10人以上,2023,岡山県,全体,66.7
従業者10人以上,2023,岡山県,旅館,39.7
従業者10人以上,2023,岡山県,簡易宿所,46.0
従業者10人以上,2023,岩手県,シティホテル,73.0
従業者10人以上,2023,岩手県,ビジネスホテル,71.3
従業者10人以上,2023,岩手県,リゾートホテル,42.0
従業者10人以上,2023,岩手県,会社・団体の宿泊所,56.9
従業者10人以上,2023,岩手県,全体,60.8
従業者10人以上,2023,岩手県,旅館,47.6
従業者10人以上,2023,岩手県,簡易宿所,45.1
従業者10人以上,2023,島根県,シティホテル,72.6
従業者10人以上,2023,島根県,ビジネスホテル,72.9
従業者10人以上,2023,島根県,リゾートホテル,34.3
従業者10人以上,2023,島根県,全体,67.8
従業者10人以上,2023,島根県,旅館,54.4
従業者10人以上,2023,島根県,簡易宿所,60.3
従業者10人以上,2023,広島県,シティホテル,68.6
従業者10人以上,2023,広島県,ビジネスホテル,73.2
従業者10人以上,2023,広島県,リゾートホテル,57.7
従業者10人以上,2023,広島県,会社・団体の宿泊所,44.4
従業者10人以上,2023,広島県,全体,66.3
従業者10人以上,2023,広島県,旅館,50.5
従業者10人以上,2023,広島県,簡易宿所,21.0
従業者10人以上,2023,徳島県,シティホテル,59.3
従業者10人以上,2023,徳島県,ビジネスホテル,68.0
従業者10人以上,2023,徳島県,リゾートホテル,59.8
従業者10人以上,2023,徳島県,会社・団体の宿泊所,27.8
従業者10人以上,2023,徳島県,全体,61.7
従業者10人以上,2023,徳島県,旅館,50.2
従業者10人以上,2023,徳島県,簡易宿所,33.0
従業者10人以上,2023,愛媛県,シティホテル,63.8
従業者10人以上,2023,愛媛県,ビジネスホテル,66.8
従業者10人以上,2023,愛媛県,リゾートホテル,40.7
従業者10人以上,2023,愛媛県,会社・団体の宿泊所,24.4
従業者10人以上,2023,愛媛県,全体,63.5
従業者10人以上,2023,愛媛県,旅館,56.0
従業者10人以上,2023,愛媛県,簡易宿所,27.3
従業者10人以上,2023,愛知県,シティホテル,65.1
従業者10人以上,2023,愛知県,ビジネスホテル,73.1
従業者10人以上,2023,愛知県,リゾートホテル,43.3
従業者10人以上,2023,愛知県,会社・団体の宿泊所,31.0
従業者10人以上,2023,愛知県,全体,66.8
従業者10人以上,2023,愛知県,旅館,35.2
従業者10人以上,2023,愛知県,簡易宿所,42.8
従業者10人以上,2023,新潟県,シティホテル,63.6
従業者10人以上,2023,新潟県,ビジネスホテル,67.8
従業者10人以上,2023,新潟県,リゾートホテル,35.1
従業者10人以上,2023,新潟県,会社・団体の宿泊所,45.3
従業者10人以上,2023,新潟県,全体,57.3
従業者10人以上,2023,新潟県,旅館,48.0
従業者10人以上,2023,新潟県,簡易宿所,27.5
従業者10人以上,2023,東京都,シティホテル,72.7
従業者10人以上,2023,東京都,ビジネスホテル,80.7
従業者10人以上,2023,東京都,リゾートホテル,63.0
従業者10人以上,2023,東京都,会社・団体の宿泊所,36.8
従業者10人以上,2023,東京都,全体,76.6
従業者10人以上,2023,東京都,旅館,60.1
従業者10人以上,2023,東京都,簡易宿所,63.2
従業者10人以上,2023,栃木県,シティホテル,53.8
従業者10人以上,2023,栃木県,ビジネスホテル,73.0
従業者10人以上,2023,栃木県,リゾートホテル,52.2
従業者10人以上,2023,栃木県,会社・団体の宿泊所,30.4
従業者10人以上,2023,栃木県,全体,62.0
従業者10人以上,2023,栃木県,旅館,54.3
従業者10人以上,2023,栃木県,簡易宿所,26.4
従業者10人以上,2023,沖縄県,シティホテル,61.9
従業者10人以上,2023,沖縄県,ビジネスホテル,65.6
従業者10人以上,2023,沖縄県,リゾートホテル,61.3
従業者10人以上,2023,沖縄県,会社・団体の宿泊所,27.1
従業者10人以上,2023,沖縄県,全体,62.6
従業者10人以上,2023,沖縄県,旅館,42.3
従業者10人以上,2023,沖縄県,簡易宿所,51.5
従業者10人以上,2023,滋賀県,シティホテル,56.1
従業者10人以上,2023,滋賀県,ビジネスホテル,71.3
従業者10人以上,2023,滋賀県,リゾートホテル,55.2
従業者10人以上,2023,滋賀県,会社・団体の宿泊所,28.1
従業者10人以上,2023,滋賀県,全体,63.0
従業者10人以上,2023,滋賀県,旅館,53.5
従業者10人以上,2023,滋賀県,簡易宿所,31.0
従業者10人以上,2023,熊本県,シティホテル,71.7
従業者10人以上,2023,熊本県,ビジネスホテル,77.8
従業者10人以上,2023,熊本県,リゾートホテル,49.7
従業者10人以上,2023,熊本県,会社・団体の宿泊所,34.5
従業者10人以上,2023,熊本県,全体,67.3
従業者10人以上,2023,熊本県,旅館,54.2
従業者10人以上,2023,熊本県,簡易宿所,38.1
従業者10人以上,2023,石川県,シティホテル,65.7
従業者10人以上,2023,石川県,ビジネスホテル,64.9
従業者10人以上,2023,石川県,リゾートホテル,47.6
従業者10人以上,2023,石川県,会社・団体の宿泊所,21.8
従業者10人以上,2023,石川県,全体,60.0
従業者10人以上,2023,石川県,旅館,46.4
従業者10人以上,2023,石川県,簡易宿所,38.6
従業者10人以上,2023,神奈川県,シティホテル,70.7
従業者10人以上,2023,神奈川県,ビジネスホテル,76.0
従業者10人以上,2023,神奈川県,リゾートホテル,64.2
従業者10人以上,2023,神奈川県,会社・団体の宿泊所,31.6
従業者10人以上,2023,神奈川県,全体,70.0
従業者10人以上,2023,神奈川県,旅館,59.7
従業者10人以上,2023,神奈川県,簡易宿所,47.2
従業者10人以上,2023,福井県,シティホテル,50.8
従業者10人以上,2023,福井県,ビジネスホテル,71.9
従業者10人以上,2023,福井県,リゾートホテル,56.6
従業者10人以上,2023,福井県,全体,60.8
従業者10人以上,2023,福井県,旅館,44.9
従業者10人以上,2023,福井県,簡易宿所,25.9
従業者10人以上,2023,福岡県,シティホテル,72.5
従業者10人以上,2023,福岡県,ビジネスホテル,73.4
従業者10人以上,2023,福岡県,リゾートホテル,55.8
従業者10人以上,2023,福岡県,会社・団体の宿泊所,44.2
従業者10人以上,2023,福岡県,全体,71.0
従業者10人以上,2023,福岡県,旅館,39.0
従業者10人以上,2023,福岡県,簡易宿所,54.8
従業者10人以上,2023,福島県,シティホテル,55.4
従業者10人以上,2023,福島県,ビジネスホテル,67.2
従業者10人以上,2023,福島県,リゾートホテル,53.3
従業者10人以上,2023,福島県,会社・団体の宿泊所,49.0
従業者10人以上,2023,福島県,全体,57.3
従業者10人以上,2023,福島県,旅館,42.5
従業者10人以上,2023,福島県,簡易宿所,10.4
従業者10人以上,2023,秋田県,シティホテル,50.7
従業者10人以上,2023,秋田県,ビジネスホテル,72.2
従業者10人以上,2023,秋田県,リゾートホテル,44.6
従業者10人以上,2023,秋田県,会社・団体の宿泊所,11.3
従業者10人以上,2023,秋田県,全体,56.5
従業者10人以上,2023,秋田県,旅館,44.3
従業者10人以上,2023,秋田県,簡易宿所,20.3
従業者10人以上,2023,群馬県,シティホテル,59.6
従業者10人以上,2023,群馬県,ビジネスホテル,70.6
従業者10人以上,2023,群馬県,リゾートホテル,50.4
従業者10人以上,2023,群馬県,会社・団体の宿泊所,33.6
従業者10人以上,2023,群馬県,全体,62.4
従業者10人以上,2023,群馬県,旅館,58.1
従業者10人以上,2023,群馬県,簡易宿所,41.9
従業者10人以上,2023,茨城県,シティホテル,62.2
従業者10人以上,2023,茨城県,ビジネスホテル,69.6
従業者10人以上,2023,茨城県,リゾートホテル,55.6
従業者10人以上,2023,茨城県,会社・団体の宿泊所,31.3
従業者10人以上,2023,茨城県,全体,64.0
従業者10人以上,2023,茨城県,旅館,35.9
従業者10人以上,2023,茨城県,簡易宿所,22.5
従業者10人以上,2023,長崎県,シティホテル,65.2
従業者10人以上,2023,長崎県,ビジネスホテル,72.8
従業者10人以上,2023,長崎県,リゾートホテル,54.8
従業者10人以上,2023,長崎県,会社・団体の宿泊所,29.1
従業者10人以上,2023,長崎県,全体,63.5
従業者10人以上,2023,長崎県,旅館,44.7
従業者10人以上,2023,長崎県,簡易宿所,40.1
従業者10人以上,2023,長野県,シティホテル,72.4
従業者10人以上,2023,長野県,ビジネスホテル,72.3
従業者10人以上,2023,長野県,リゾートホテル,40.1
従業者10人以上,2023,長野県,会社・団体の宿泊所,30.3
従業者10人以上,2023,長野県,全体,54.0
従業者10人以上,2023,長野県,旅館,43.8
従業者10人以上,2023,長野県,簡易宿所,22.8
従業者10人以上,2023,青森県,シティホテル,59.0
従業者10人以上,2023,青森県,ビジネスホテル,74.4
従業者10人以上,2023,青森県,リゾートホテル,41.5
従業者10人以上,2023,青森県,全体,66.8
従業者10人以上,2023,青森県,旅館,51.9
従業者10人以上,2023,青森県,簡易宿所,40.0
従業者10人以上,2023,静岡県,シティホテル,66.4
従業者10人以上,2023,静岡県,ビジネスホテル,71.0
従業者10人以上,2023,静岡県,リゾートホテル,48.5
従業者10人以上,2023,静岡県,会社・団体の宿泊所,27.1
従業者10人以上,2023,静岡県,全体,60.7
従業者10人以上,2023,静岡県,旅館,56.6
従業者10人以上,2023,静岡県,簡易宿所,21.5
従業者10人以上,2023,香川県,シティホテル,73.8
従業者10人以上,2023,香川県,ビジネスホテル,62.1
従業者10人以上,2023,香川県,リゾートホテル,58.7
従業者10人以上,2023,香川県,会社・団体の宿泊所,19.1
従業者10人以上,2023,香川県,全体,59.9
従業者10人以上,2023,香川県,旅館,54.2
従業者10人以上,2023,香川県,簡易宿所,20.9
従業者10人以上,2023,高知県,シティホテル,69.3
従業者10人以上,2023,高知県,ビジネスホテル,73.1
従業者10人以上,2023,高知県,リゾートホテル,48.2
従業者10人以上,2023,高知県,全体,65.7
従業者10人以上,2023,高知県,旅館,53.6
従業者10人以上,2023,高知県,簡易宿所,31.1
従業者10人以上,2023,鳥取県,シティホテル,70.6
従業者10人以上,2023,鳥取県,ビジネスホテル,65.2
従業者10人以上,2023,鳥取県,リゾートホテル,39.6
従業者10人以上,2023,鳥取県,全体,59.1
従業者10人以上,2023,鳥取県,旅館,52.7
従業者10人以上,2023,鳥取県,簡易宿所,38.7
従業者10人以上,2023,鹿児島県,シティホテル,67.9
従業者10人以上,2023,鹿児島県,ビジネスホテル,66.2
従業者10人以上,2023,鹿児島県,リゾートホテル,41.9
従業者10人以上,2023,鹿児島県,会社・団体の宿泊所,14.6
従業者10人以上,2023,鹿児島県,全体,59.8
従業者10人以上,2023,鹿児島県,旅館,50.0
従業者10人以上,2023,鹿児島県,簡易宿所,22.3
従業者10人以上,2024,三重県,シティホテル,66.7
従業者10人以上,2024,三重県,ビジネスホテル,68.0
従業者10人以上,2024,三重県,リゾートホテル,52.5
従業者10人以上,2024,三重県,会社・団体の宿泊所,24.5
従業者10人以上,2024,三重県,全体,61.5
従業者10人以上,2024,三重県,旅館,52.5
従業者10人以上,2024,三重県,簡易宿所,36.6
従業者10人以上,2024,京都府,シティホテル,74.1
従業者10人以上,2024,京都府,ビジネスホテル,77.2
従業者10人以上,2024,京都府,リゾートホテル,49.1
従業者10人以上,2024,京都府,会社・団体の宿泊所,60.4
従業者10人以上,2024,京都府,全体,72.3
従業者10人以上,2024,京都府,旅館,53.1
従業者10人以上,2024,京都府,簡易宿所,68.9
従業者10人以上,2024,佐賀県,シティホテル,65.7
従業者10人以上,2024,佐賀県,ビジネスホテル,79.8
従業者10人以上,2024,佐賀県,リゾートホテル,52.5
従業者10人以上,2024,佐賀県,会社・団体の宿泊所,25.6
従業者10人以上,2024,佐賀県,全体,61.3
従業者10人以上,2024,佐賀県,旅館,51.5
従業者10人以上,2024,佐賀県,簡易宿所,6.9
従業者10人以上,2024,全国,シティホテル,72.8
従業者10人以上,2024,全国,ビジネスホテル,76.2
従業者10人以上,2024,全国,リゾートホテル,56.3
従業者10人以上,2024,全国,会社・団体の宿泊所,33.4
従業者10人以上,2024,全国,全体,69.4
従業者10人以上,2024,全国,旅館,52.7
従業者10人以上,2024,全国,簡易宿所,46.9
従業者10人以上,2024,兵庫県,シティホテル,71.0
従業者10人以上,2024,兵庫県,ビジネスホテル,76.6
従業者10人以上,2024,兵庫県,リゾートホテル,56.4
従業者10人以上,2024,兵庫県,会社・団体の宿泊所,29.9
従業者10人以上,2024,兵庫県,全体,67.3
従業者10人以上,2024,兵庫県,旅館,57.2
従業者10人以上,2024,兵庫県,簡易宿所,36.0
従業者10人以上,2024,北海道,シティホテル,72.2
従業者10人以上,2024,北海道,ビジネスホテル,75.9
従業者10人以上,2024,北海道,リゾートホテル,53.4
従業者10人以上,2024,北海道,会社・団体の宿泊所,33.9
従業者10人以上,2024,北海道,全体,68.8
従業者10人以上,2024,北海道,旅館,53.6
従業者10人以上,2024,北海道,簡易宿所,44.8
従業者10人以上,2024,千葉県,シティホテル,75.0
従業者10人以上,2024,千葉県,ビジネスホテル,71.7
従業者10人以上,2024,千葉県,リゾートホテル,79.7
従業者10人以上,2024,千葉県,会社・団体の宿泊所,20.5
従業者10人以上,2024,千葉県,全体,71.8
従業者10人以上,2024,千葉県,旅館,54.1
従業者10人以上,2024,千葉県,簡易宿所,41.6
従業者10人以上,2024,和歌山県,シティホテル,67.4
従業者10人以上,2024,和歌山県,ビジネスホテル,70.2
従業者10人以上,2024,和歌山県,リゾートホテル,48.1
従業者10人以上,2024,和歌山県,会社・団体の宿泊所,38.8
従業者10人以上,2024,和歌山県,全体,58.0
従業者10人以上,2024,和歌山県,旅館,54.8
従業者10人以上,2024,和歌山県,簡易宿所,39.3
従業者10人以上,2024,埼玉県,シティホテル,73.5
従業者10人以上,2024,埼玉県,ビジネスホテル,73.7
従業者10人以上,2024,埼玉県,リゾートホテル,34.1
従業者10人以上,2024,埼玉県,会社・団体の宿泊所,6.5
従業者10人以上,2024,埼玉県,全体,70.6
従業者10人以上,2024,埼玉県,旅館,56.6
従業者10人以上,2024,埼玉県,簡易宿所,13.5
従業者10人以上,2024,大分県,シティホテル,71.8
従業者10人以上,2024,大分県,ビジネスホテル,67.3
従業者10人以上,2024,大分県,リゾートホテル,55.5
従業者10人以上,2024,大分県,会社・団体の宿泊所,37.8
従業者10人以上,2024,大分県,全体,62.4
従業者10人以上,2024,大分県,旅館,55.1
従業者10人以上,2024,大分県,簡易宿所,57.1
従業者10人以上,2024,大阪府,シティホテル,76.9
従業者10人以上,2024,大阪府,ビジネスホテル,79.4
従業者10人以上,2024,大阪府,リゾートホテル,72.9
従業者10人以上,2024,大阪府,会社・団体の宿泊所,19.4
従業者10人以上,2024,大阪府,全体,77.9
従業者10人以上,2024,大阪府,旅館,62.5
従業者10人以上,2024,大阪府,簡易宿所,71.4
従業者10人以上,2024,奈良県,シティホテル,65.4
従業者10人以上,2024,奈良県,ビジネスホテル,67.6
従業者10人以上,2024,奈良県,リゾートホテル,55.4
従業者10人以上,2024,奈良県,全体,60.3
従業者10人以上,2024,奈良県,旅館,44.5
従業者10人以上,2024,奈良県,簡易宿所,20.8
従業者10人以上,2024,宮城県,シティホテル,64.8
従業者10人以上,2024,宮城県,ビジネスホテル,68.2
従業者10人以上,2024,宮城県,リゾートホテル,45.7
従業者10人以上,2024,宮城県,会社・団体の宿泊所,17.3
従業者10人以上,2024,宮城県,全体,61.5
従業者10人以上,2024,宮城県,旅館,49.3
従業者10人以上,2024,宮城県,簡易宿所,37.7
従業者10人以上,2024,宮崎県,シティホテル,62.6
従業者10人以上,2024,宮崎県,ビジネスホテル,72.8
従業者10人以上,2024,宮崎県,リゾートホテル,42.1
従業者10人以上,2024,宮崎県,会社・団体の宿泊所,3.7
従業者10人以上,2024,宮崎県,全体,62.2
従業者10人以上,2024,宮崎県,旅館,43.6
従業者10人以上,2024,宮崎県,簡易宿所,35.9
従業者10人以上,2024,富山県,シティホテル,72.7
従業者10人以上,2024,富山県,ビジネスホテル,73.5
従業者10人以上,2024,富山県,リゾートホテル,30.9
従業者10人以上,2024,富山県,会社・団体の宿泊所,28.4
従業者10人以上,2024,富山県,全体,65.8
従業者10人以上,2024,富山県,旅館,47.8
従業者10人以上,2024,富山県,簡易宿所,19.5
従業者10人以上,2024,山口県,シティホテル,67.3
従業者10人以上,2024,山口県,ビジネスホテル,70.5
従業者10人以上,2024,山口県,リゾートホテル,52.7
従業者10人以上,2024,山口県,会社・団体の宿泊所,6.7
従業者10人以上,2024,山口県,全体,65.6
従業者10人以上,2024,山口県,旅館,54.0
従業者10人以上,2024,山口県,簡易宿所,22.4
従業者10人以上,2024,山形県,シティホテル,66.3
従業者10人以上,2024,山形県,ビジネスホテル,69.4
従業者10人以上,2024,山形県,リゾートホテル,37.3
従業者10人以上,2024,山形県,会社・団体の宿泊所,49.1
従業者10人以上,2024,山形県,全体,60.5
従業者10人以上,2024,山形県,旅館,53.0
従業者10人以上,2024,山形県,簡易宿所,10.5
従業者10人以上,2024,山梨県,シティホテル,38.2
従業者10人以上,2024,山梨県,ビジネスホテル,73.7
従業者10人以上,2024,山梨県,リゾートホテル,59.4
従業者10人以上,2024,山梨県,会社・団体の宿泊所,66.7
従業者10人以上,2024,山梨県,全体,63.0
従業者10人以上,2024,山梨県,旅館,57.6
従業者10人以上,2024,山梨県,簡易宿所,32.5
従業者10人以上,2024,岐阜県,シティホテル,65.3
従業者10人以上,2024,岐阜県,ビジネスホテル,73.3
従業者10人以上,2024,岐阜県,リゾートホテル,51.0
従業者10人以上,2024,岐阜県,会社・団体の宿泊所,46.1
従業者10人以上,2024,岐阜県,全体,64.9
従業者10人以上,2024,岐阜県,旅館,62.4
従業者10人以上,2024,岐阜県,簡易宿所,32.2
従業者10人以上,2024,岡山県,シティホテル,60.0
従業者10人以上,2024,岡山県,ビジネスホテル,76.1
従業者10人以上,2024,岡山県,リゾートホテル,43.0
従業者10人以上,2024,岡山県,会社・団体の宿泊所,16.9
従業者10人以上,2024,岡山県,全体,69.0
従業者10人以上,2024,岡山県,旅館,43.9
従業者10人以上,2024,岡山県,簡易宿所,41.9
従業者10人以上,2024,岩手県,シティホテル,69.9
従業者10人以上,2024,岩手県,ビジネスホテル,69.3
従業者10人以上,2024,岩手県,リゾートホテル,42.5
従業者10人以上,2024,岩手県,全体,60.4
従業者10人以上,2024,岩手県,旅館,46.7
従業者10人以上,2024,岩手県,簡易宿所,56.1
従業者10人以上,2024,島根県,シティホテル,73.0
従業者10人以上,2024,島根県,ビジネスホテル,73.1
従業者10人以上,2024,島根県,リゾートホテル,36.8
従業者10人以上,2024,島根県,全体,68.6
従業者10人以上,2024,島根県,旅館,56.4
従業者10人以上,2024,島根県,簡易宿所,24.5
従業者10人以上,2024,広島県,シティホテル,73.7
従業者10人以上,2024,広島県,ビジネスホテル,75.8
従業者10人以上,2024,広島県,リゾートホテル,60.6
従業者10人以上,2024,広島県,会社・団体の宿泊所,33.4
従業者10人以上,2024,広島県,全体,69.1
従業者10人以上,2024,広島県,旅館,52.8
従業者10人以上,2024,広島県,簡易宿所,18.4
従業者10人以上,2024,徳島県,シティホテル,54.8
従業者10人以上,2024,徳島県,ビジネスホテル,65.0
従業者10人以上,2024,徳島県,リゾートホテル,60.7
従業者10人以上,2024,徳島県,会社・団体の宿泊所,26.3
従業者10人以上,2024,徳島県,全体,59.7
従業者10人以上,2024,徳島県,旅館,50.5
従業者10人以上,2024,徳島県,簡易宿所,33.0
従業者10人以上,2024,愛媛県,シティホテル,60.8
従業者10人以上,2024,愛媛県,ビジネスホテル,67.4
従業者10人以上,2024,愛媛県,リゾートホテル,40.5
従業者10人以上,2024,愛媛県,会社・団体の宿泊所,22.2
従業者10人以上,2024,愛媛県,全体,63.5
従業者10人以上,2024,愛媛県,旅館,56.2
従業者10人以上,2024,愛媛県,簡易宿所,15.6
従業者10人以上,2024,愛知県,シティホテル,67.7
従業者10人以上,2024,愛知県,ビジネスホテル,76.4
従業者10人以上,2024,愛知県,リゾートホテル,47.1
従業者10人以上,2024,愛知県,会社・団体の宿泊所,33.6
従業者10人以上,2024,愛知県,全体,69.9
従業者10人以上,2024,愛知県,旅館,34.2
従業者10人以上,2024,愛知県,簡易宿所,46.6
従業者10人以上,2024,新潟県,シティホテル,65.4
従業者10人以上,2024,新潟県,ビジネスホテル,71.8
従業者10人以上,2024,新潟県,リゾートホテル,34.7
従業者10人以上,2024,新潟県,会社・団体の宿泊所,47.1
従業者10人以上,2024,新潟県,全体,58.4
従業者10人以上,2024,新潟県,旅館,49.2
従業者10人以上,2024,新潟県,簡易宿所,36.1
従業者10人以上,2024,東京都,シティホテル,76.6
従業者10人以上,2024,東京都,ビジネスホテル,84.3
従業者10人以上,2024,東京都,リゾートホテル,53.7
従業者10人以上,2024,東京都,会社・団体の宿泊所,39.9
従業者10人以上,2024,東京都,全体,80.4
従業者10人以上,2024,東京都,旅館,71.4
従業者10人以上,2024,東京都,簡易宿所,71.4
従業者10人以上,2024,栃木県,シティホテル,60.7
従業者10人以上,2024,栃木県,ビジネスホテル,75.3
従業者10人以上,2024,栃木県,リゾートホテル,52.9
従業者10人以上,2024,栃木県,会社・団体の宿泊所,36.0
従業者10人以上,2024,栃木県,全体,64.7
従業者10人以上,2024,栃木県,旅館,58.4
従業者10人以上,2024,栃木県,簡易宿所,27.3
従業者10人以上,2024,沖縄県,シティホテル,63.7
従業者10人以上,2024,沖縄県,ビジネスホテル,71.7
従業者10人以上,2024,沖縄県,リゾートホテル,63.0
従業者10人以上,2024,沖縄県,会社・団体の宿泊所,16.7
従業者10人以上,2024,沖縄県,全体,65.6
従業者10人以上,2024,沖縄県,旅館,55.2
従業者10人以上,2024,沖縄県,簡易宿所,54.0
従業者10人以上,2024,滋賀県,シティホテル,71.3
従業者10人以上,2024,滋賀県,ビジネスホテル,74.2
従業者10人以上,2024,滋賀県,リゾートホテル,55.8
従業者10人以上,2024,滋賀県,会社・団体の宿泊所,33.2
従業者10人以上,2024,滋賀県,全体,66.7
従業者10人以上,2024,滋賀県,旅館,54.0
従業者10人以上,2024,滋賀県,簡易宿所,44.7
従業者10人以上,2024,熊本県,シティホテル,74.9
従業者10人以上,2024,熊本県,ビジネスホテル,73.0
従業者10人以上,2024,熊本県,リゾートホテル,51.5
従業者10人以上,2024,熊本県,会社・団体の宿泊所,25.3
従業者10人以上,2024,熊本県,全体,65.7
従業者10人以上,2024,熊本県,旅館,56.3
従業者10人以上,2024,熊本県,簡易宿所,34.9
従業者10人以上,2024,石川県,シティホテル,71.7
従業者10人以上,2024,石川県,ビジネスホテル,78.1
従業者10人以上,2024,石川県,リゾートホテル,44.2
従業者10人以上,2024,石川県,会社・団体の宿泊所,24.7
従業者10人以上,2024,石川県,全体,71.0
従業者10人以上,2024,石川県,旅館,44.9
従業者10人以上,2024,石川県,簡易宿所,30.7
従業者10人以上,2024,神奈川県,シティホテル,72.7
従業者10人以上,2024,神奈川県,ビジネスホテル,80.2
従業者10人以上,2024,神奈川県,リゾートホテル,66.8
従業者10人以上,2024,神奈川県,会社・団体の宿泊所,33.4
従業者10人以上,2024,神奈川県,全体,72.8
従業者10人以上,2024,神奈川県,旅館,61.5
従業者10人以上,2024,神奈川県,簡易宿所,48.1
従業者10人以上,2024,福井県,シティホテル,59.9
従業者10人以上,2024,福井県,ビジネスホテル,78.0
従業者10人以上,2024,福井県,リゾートホテル,53.8
従業者10人以上,2024,福井県,全体,65.0
従業者10人以上,2024,福井県,旅館,48.6
従業者10人以上,2024,福井県,簡易宿所,26.1
従業者10人以上,2024,福岡県,シティホテル,75.7
従業者10人以上,2024,福岡県,ビジネスホテル,78.2
従業者10人以上,2024,福岡県,リゾートホテル,52.9
従業者10人以上,2024,福岡県,会社・団体の宿泊所,43.6
従業者10人以上,2024,福岡県,全体,75.0
従業者10人以上,2024,福岡県,旅館,42.5
従業者10人以上,2024,福岡県,簡易宿所,51.3
従業者10人以上,2024,福島県,シティホテル,45.0
従業者10人以上,2024,福島県,ビジネスホテル,66.7
従業者10人以上,2024,福島県,リゾートホテル,60.0
従業者10人以上,2024,福島県,会社・団体の宿泊所,52.2
従業者10人以上,2024,福島県,全体,58.1
従業者10人以上,2024,福島県,旅館,42.1
従業者10人以上,2024,福島県,簡易宿所,23.6
従業者10人以上,2024,秋田県,シティホテル,48.8
従業者10人以上,2024,秋田県,ビジネスホテル,75.0
従業者10人以上,2024,秋田県,リゾートホテル,45.3
従業者10人以上,2024,秋田県,会社・団体の宿泊所,13.4
従業者10人以上,2024,秋田県,全体,59.6
従業者10人以上,2024,秋田県,旅館,47.6
従業者10人以上,2024,秋田県,簡易宿所,18.7
従業者10人以上,2024,群馬県,シティホテル,60.0
従業者10人以上,2024,群馬県,ビジネスホテル,75.8
従業者10人以上,2024,群馬県,リゾートホテル,44.1
従業者10人以上,2024,群馬県,会社・団体の宿泊所,31.5
従業者10人以上,2024,群馬県,全体,61.2
従業者10人以上,2024,群馬県,旅館,60.7
従業者10人以上,2024,群馬県,簡易宿所,30.6
従業者10人以上,2024,茨城県,シティホテル,64.9
従業者10人以上,2024,茨城県,ビジネスホテル,73.5
従業者10人以上,2024,茨城県,リゾートホテル,55.5
従業者10人以上,2024,茨城県,会社・団体の宿泊所,40.5
従業者10人以上,2024,茨城県,全体,65.1
従業者10人以上,2024,茨城県,旅館,50.0
従業者10人以上,2024,茨城県,簡易宿所,23.6
従業者10人以上,2024,長崎県,シティホテル,66.8
従業者10人以上,2024,長崎県,ビジネスホテル,73.0
従業者10人以上,2024,長崎県,リゾートホテル,55.0
従業者10人以上,2024,長崎県,会社・団体の宿泊所,26.9
従業者10人以上,2024,長崎県,全体,63.9
従業者10人以上,2024,長崎県,旅館,48.9
従業者10人以上,2024,長崎県,簡易宿所,39.4
従業者10人以上,2024,長野県,シティホテル,74.1
従業者10人以上,2024,長野県,ビジネスホテル,75.8
従業者10人以上,2024,長野県,リゾートホテル,41.6
従業者10人以上,2024,長野県,会社・団体の宿泊所,31.2
従業者10人以上,2024,長野県,全体,57.8
従業者10人以上,2024,長野県,旅館,46.5
従業者10人以上,2024,長野県,簡易宿所,31.0
従業者10人以上,2024,青森県,シティホテル,58.7
従業者10人以上,2024,青森県,ビジネスホテル,72.2
従業者10人以上,2024,青森県,リゾートホテル,44.4
従業者10人以上,2024,青森県,全体,65.3
従業者10人以上,2024,青森県,旅館,50.8
従業者10人以上,2024,青森県,簡易宿所,19.2
従業者10人以上,2024,静岡県,シティホテル,68.1
従業者10人以上,2024,静岡県,ビジネスホテル,72.4
従業者10人以上,2024,静岡県,リゾートホテル,53.9
従業者10人以上,2024,静岡県,会社・団体の宿泊所,26.5
従業者10人以上,2024,静岡県,全体,63.2
従業者10人以上,2024,静岡県,旅館,60.6
従業者10人以上,2024,静岡県,簡易宿所,24.5
従業者10人以上,2024,香川県,シティホテル,77.1
従業者10人以上,2024,香川県,ビジネスホテル,67.6
従業者10人以上,2024,香川県,リゾートホテル,58.3
従業者10人以上,2024,香川県,会社・団体の宿泊所,20.6
従業者10人以上,2024,香川県,全体,64.6
従業者10人以上,2024,香川県,旅館,59.1
従業者10人以上,2024,香川県,簡易宿所,23.9
従業者10人以上,2024,高知県,シティホテル,76.3
従業者10人以上,2024,高知県,ビジネスホテル,72.1
従業者10人以上,2024,高知県,リゾートホテル,45.2
従業者10人以上,2024,高知県,全体,63.9
従業者10人以上,2024,高知県,旅館,50.7
従業者10人以上,2024,高知県,簡易宿所,28.2
従業者10人以上,2024,鳥取県,シティホテル,70.8
従業者10人以上,2024,鳥取県,ビジネスホテル,72.4
従業者10人以上,2024,鳥取県,リゾートホテル,13.8
従業者10人以上,2024,鳥取県,全体,59.5
従業者10人以上,2024,鳥取県,旅館,52.2
従業者10人以上,2024,鳥取県,簡易宿所,18.0
従業者10人以上,2024,鹿児島県,シティホテル,67.8
従業者10人以上,2024,鹿児島県,ビジネスホテル,69.9
従業者10人以上,2024,鹿児島県,リゾートホテル,43.9
従業者10人以上,2024,鹿児島県,会社・団体の宿泊所,10.7
従業者10人以上,2024,鹿児島県,全体,62.1
従業者10人以上,2024,鹿児島県,旅館,50.6
従業者10人以上,2024,鹿児島県,簡易宿所,20.0
従業者10人以上,2025,三重県,シティホテル,73.1
従業者10人以上,2025,三重県,ビジネスホテル,72.1
従業者10人以上,2025,三重県,リゾートホテル,57.7
従業者10人以上,2025,三重県,会社・団体の宿泊所,37.2
従業者10人以上,2025,三重県,全体,65.9
従業者10人以上,2025,三重県,旅館,54.3
従業者10人以上,2025,三重県,簡易宿所,48.8
従業者10人以上,2025,京都府,シティホテル,77.8
従業者10人以上,2025,京都府,ビジネスホテル,77.9
従業者10人以上,2025,京都府,リゾートホテル,56.1
従業者10人以上,2025,京都府,会社・団体の宿泊所,45.9
従業者10人以上,2025,京都府,全体,74.5
従業者10人以上,2025,京都府,旅館,53.6
従業者10人以上,2025,京都府,簡易宿所,75.2
従業者10人以上,2025,佐賀県,シティホテル,69.4
従業者10人以上,2025,佐賀県,ビジネスホテル,78.2
従業者10人以上,2025,佐賀県,リゾートホテル,61.4
従業者10人以上,2025,佐賀県,会社・団体の宿泊所,0.0
従業者10人以上,2025,佐賀県,全体,66.7
従業者10人以上,2025,佐賀県,旅館,51.9
従業者10人以上,2025,佐賀県,簡易宿所,36.5
従業者10人以上,2025,全国,シティホテル,74.2
従業者10人以上,2025,全国,ビジネスホテル,77.2
従業者10人以上,2025,全国,リゾートホテル,59.0
従業者10人以上,2025,全国,会社・団体の宿泊所,35.8
従業者10人以上,2025,全国,全体,70.9
従業者10人以上,2025,全国,旅館,53.5
従業者10人以上,2025,全国,簡易宿所,48.7
従業者10人以上,2025,兵庫県,シティホテル,72.3
従業者10人以上,2025,兵庫県,ビジネスホテル,82.0
従業者10人以上,2025,兵庫県,リゾートホテル,57.9
従業者10人以上,2025,兵庫県,会社・団体の宿泊所,30.5
従業者10人以上,2025,兵庫県,全体,71.2
従業者10人以上,2025,兵庫県,旅館,55.8
従業者10人以上,2025,兵庫県,簡易宿所,39.5
従業者10人以上,2025,北海道,シティホテル,74.5
従業者10人以上,2025,北海道,ビジネスホテル,78.4
従業者10人以上,2025,北海道,リゾートホテル,53.8
従業者10人以上,2025,北海道,会社・団体の宿泊所,31.7
従業者10人以上,2025,北海道,全体,70.7
従業者10人以上,2025,北海道,旅館,55.4
従業者10人以上,2025,北海道,簡易宿所,45.6
従業者10人以上,2025,千葉県,シティホテル,77.0
従業者10人以上,2025,千葉県,ビジネスホテル,74.1
従業者10人以上,2025,千葉県,リゾートホテル,78.6
従業者10人以上,2025,千葉県,会社・団体の宿泊所,18.0
従業者10人以上,2025,千葉県,全体,73.1
従業者10人以上,2025,千葉県,旅館,58.5
従業者10人以上,2025,千葉県,簡易宿所,42.2
従業者10人以上,2025,和歌山県,シティホテル,69.9
従業者10人以上,2025,和歌山県,ビジネスホテル,70.2
従業者10人以上,2025,和歌山県,リゾートホテル,50.9
従業者10人以上,2025,和歌山県,会社・団体の宿泊所,36.1
従業者10人以上,2025,和歌山県,全体,58.7
従業者10人以上,2025,和歌山県,旅館,57.4
従業者10人以上,2025,和歌山県,簡易宿所,34.5
従業者10人以上,2025,埼玉県,シティホテル,78.2
従業者10人以上,2025,埼玉県,ビジネスホテル,75.5
従業者10人以上,2025,埼玉県,リゾートホテル,37.9
従業者10人以上,2025,埼玉県,会社・団体の宿泊所,7.5
従業者10人以上,2025,埼玉県,全体,73.5
従業者10人以上,2025,埼玉県,旅館,49.1
従業者10人以上,2025,埼玉県,簡易宿所,26.7
従業者10人以上,2025,大分県,シティホテル,71.0
従業者10人以上,2025,大分県,ビジネスホテル,67.7
従業者10人以上,2025,大分県,リゾートホテル,59.5
従業者10人以上,2025,大分県,会社・団体の宿泊所,46.1
従業者10人以上,2025,大分県,全体,63.7
従業者10人以上,2025,大分県,旅館,55.3
従業者10人以上,2025,大分県,簡易宿所,49.4
従業者10人以上,2025,大阪府,シティホテル,79.4
従業者10人以上,2025,大阪府,ビジネスホテル,83.9
従業者10人以上,2025,大阪府,リゾートホテル,72.6
従業者10人以上,2025,大阪府,会社・団体の宿泊所,24.8
従業者10人以上,2025,大阪府,全体,81.1
従業者10人以上,2025,大阪府,旅館,64.6
従業者10人以上,2025,大阪府,簡易宿所,76.2
従業者10人以上,2025,奈良県,シティホテル,69.0
従業者10人以上,2025,奈良県,ビジネスホテル,70.7
従業者10人以上,2025,奈良県,リゾートホテル,70.5
従業者10人以上,2025,奈良県,全体,63.7
従業者10人以上,2025,奈良県,旅館,44.3
従業者10人以上,2025,奈良県,簡易宿所,19.8
従業者10人以上,2025,宮城県,シティホテル,68.8
従業者10人以上,2025,宮城県,ビジネスホテル,70.4
従業者10人以上,2025,宮城県,リゾートホテル,50.5
従業者10人以上,2025,宮城県,会社・団体の宿泊所,16.4
従業者10人以上,2025,宮城県,全体,64.0
従業者10人以上,2025,宮城県,旅館,53.7
従業者10人以上,2025,宮城県,簡易宿所,31.2
従業者10人以上,2025,宮崎県,シティホテル,58.6
従業者10人以上,2025,宮崎県,ビジネスホテル,72.4
従業者10人以上,2025,宮崎県,リゾートホテル,42.4
従業者10人以上,2025,宮崎県,全体,63.6
従業者10人以上,2025,宮崎県,旅館,48.7
従業者10人以上,2025,宮崎県,簡易宿所,30.6
従業者10人以上,2025,富山県,シティホテル,71.0
従業者10人以上,2025,富山県,ビジネスホテル,70.3
従業者10人以上,2025,富山県,リゾートホテル,44.3
従業者10人以上,2025,富山県,会社・団体の宿泊所,33.9
従業者10人以上,2025,富山県,全体,65.1
従業者10人以上,2025,富山県,旅館,49.8
従業者10人以上,2025,富山県,簡易宿所,21.6
従業者10人以上,2025,山口県,シティホテル,65.9
従業者10人以上,2025,山口県,ビジネスホテル,67.0
従業者10人以上,2025,山口県,リゾートホテル,62.1
従業者10人以上,2025,山口県,会社・団体の宿泊所,6.4
従業者10人以上,2025,山口県,全体,63.7
従業者10人以上,2025,山口県,旅館,59.2
従業者10人以上,2025,山口県,簡易宿所,21.3
従業者10人以上,2025,山形県,シティホテル,64.3
従業者10人以上,2025,山形県,ビジネスホテル,70.2
従業者10人以上,2025,山形県,リゾートホテル,43.5
従業者10人以上,2025,山形県,会社・団体の宿泊所,53.6
従業者10人以上,2025,山形県,全体,61.2
従業者10人以上,2025,山形県,旅館,53.3
従業者10人以上,2025,山形県,簡易宿所,6.8
従業者10人以上,2025,山梨県,シティホテル,50.2
従業者10人以上,2025,山梨県,ビジネスホテル,73.9
従業者10人以上,2025,山梨県,リゾートホテル,62.1
従業者10人以上,2025,山梨県,会社・団体の宿泊所,78.3
従業者10人以上,2025,山梨県,全体,63.9
従業者10人以上,2025,山梨県,旅館,57.8
従業者10人以上,2025,山梨県,簡易宿所,32.8
従業者10人以上,2025,岐阜県,シティホテル,66.7
従業者10人以上,2025,岐阜県,ビジネスホテル,74.5
従業者10人以上,2025,岐阜県,リゾートホテル,51.3
従業者10人以上,2025,岐阜県,会社・団体の宿泊所,51.4
従業者10人以上,2025,岐阜県,全体,66.6
従業者10人以上,2025,岐阜県,旅館,63.3
従業者10人以上,2025,岐阜県,簡易宿所,34.9
従業者10人以上,2025,岡山県,シティホテル,60.5
従業者10人以上,2025,岡山県,ビジネスホテル,79.1
従業者10人以上,2025,岡山県,リゾートホテル,49.2
従業者10人以上,2025,岡山県,会社・団体の宿泊所,15.2
従業者10人以上,2025,岡山県,全体,71.6
従業者10人以上,2025,岡山県,旅館,46.9
従業者10人以上,2025,岡山県,簡易宿所,46.0
従業者10人以上,2025,岩手県,シティホテル,68.9
従業者10人以上,2025,岩手県,ビジネスホテル,72.6
従業者10人以上,2025,岩手県,リゾートホテル,43.0
従業者10人以上,2025,岩手県,全体,62.0
従業者10人以上,2025,岩手県,旅館,46.9
従業者10人以上,2025,岩手県,簡易宿所,62.1
従業者10人以上,2025,島根県,シティホテル,68.8
従業者10人以上,2025,島根県,ビジネスホテル,68.2
従業者10人以上,2025,島根県,リゾートホテル,34.5
従業者10人以上,2025,島根県,全体,65.2
従業者10人以上,2025,島根県,旅館,56.4
従業者10人以上,2025,島根県,簡易宿所,25.5
従業者10人以上,2025,広島県,シティホテル,73.8
従業者10人以上,2025,広島県,ビジネスホテル,77.7
従業者10人以上,2025,広島県,リゾートホテル,60.0
従業者10人以上,2025,広島県,会社・団体の宿泊所,36.7
従業者10人以上,2025,広島県,全体,72.2
従業者10人以上,2025,広島県,旅館,54.3
従業者10人以上,2025,広島県,簡易宿所,17.9
従業者10人以上,2025,徳島県,シティホテル,55.9
従業者10人以上,2025,徳島県,ビジネスホテル,72.6
従業者10人以上,2025,徳島県,リゾートホテル,60.6
従業者10人以上,2025,徳島県,会社・団体の宿泊所,23.1
従業者10人以上,2025,徳島県,全体,65.2
従業者10人以上,2025,徳島県,旅館,54.0
従業者10人以上,2025,徳島県,簡易宿所,38.1
従業者10人以上,2025,愛媛県,シティホテル,62.8
従業者10人以上,2025,愛媛県,ビジネスホテル,71.0
従業者10人以上,2025,愛媛県,リゾートホテル,40.1
従業者10人以上,2025,愛媛県,会社・団体の宿泊所,23.9
従業者10人以上,2025,愛媛県,全体,66.1
従業者10人以上,2025,愛媛県,旅館,59.4
従業者10人以上,2025,愛媛県,簡易宿所,10.1
従業者10人以上,2025,愛知県,シティホテル,72.4
従業者10人以上,2025,愛知県,ビジネスホテル,75.3
従業者10人以上,2025,愛知県,リゾートホテル,54.2
従業者10人以上,2025,愛知県,会社・団体の宿泊所,35.1
従業者10人以上,2025,愛知県,全体,71.1
従業者10人以上,2025,愛知県,旅館,37.8
従業者10人以上,2025,愛知県,簡易宿所,38.2
従業者10人以上,2025,新潟県,シティホテル,62.3
従業者10人以上,2025,新潟県,ビジネスホテル,68.5
従業者10人以上,2025,新潟県,リゾートホテル,36.9
従業者10人以上,2025,新潟県,会社・団体の宿泊所,48.6
従業者10人以上,2025,新潟県,全体,57.0
従業者10人以上,2025,新潟県,旅館,49.5
従業者10人以上,2025,新潟県,簡易宿所,34.0
従業者10人以上,2025,東京都,シティホテル,77.0
従業者10人以上,2025,東京都,ビジネスホテル,83.8
従業者10人以上,2025,東京都,リゾートホテル,58.2
従業者10人以上,2025,東京都,会社・団体の宿泊所,52.1
従業者10人以上,2025,東京都,全体,80.6
従業者10人以上,2025,東京都,旅館,69.1
従業者10人以上,2025,東京都,簡易宿所,73.9
従業者10人以上,2025,栃木県,シティホテル,67.5
従業者10人以上,2025,栃木県,ビジネスホテル,76.7
従業者10人以上,2025,栃木県,リゾートホテル,57.9
従業者10人以上,2025,栃木県,会社・団体の宿泊所,42.0
従業者10人以上,2025,栃木県,全体,66.5
従業者10人以上,2025,栃木県,旅館,58.5
従業者10人以上,2025,栃木県,簡易宿所,31.9
従業者10人以上,2025,沖縄県,シティホテル,66.2
従業者10人以上,2025,沖縄県,ビジネスホテル,78.6
従業者10人以上,2025,沖縄県,リゾートホテル,68.2
従業者10人以上,2025,沖縄県,会社・団体の宿泊所,25.3
従業者10人以上,2025,沖縄県,全体,71.1
従業者10人以上,2025,沖縄県,旅館,52.5
従業者10人以上,2025,沖縄県,簡易宿所,61.2
従業者10人以上,2025,滋賀県,シティホテル,74.9
従業者10人以上,2025,滋賀県,ビジネスホテル,75.5
従業者10人以上,2025,滋賀県,リゾートホテル,63.9
従業者10人以上,2025,滋賀県,会社・団体の宿泊所,30.4
従業者10人以上,2025,滋賀県,全体,68.9
従業者10人以上,2025,滋賀県,旅館,51.9
従業者10人以上,2025,滋賀県,簡易宿所,41.0
従業者10人以上,2025,熊本県,シティホテル,77.2
従業者10人以上,2025,熊本県,ビジネスホテル,74.4
従業者10人以上,2025,熊本県,リゾートホテル,53.5
従業者10人以上,2025,熊本県,会社・団体の宿泊所,57.7
従業者10人以上,2025,熊本県,全体,67.2
従業者10人以上,2025,熊本県,旅館,54.7
従業者10人以上,2025,熊本県,簡易宿所,32.9
従業者10人以上,2025,石川県,シティホテル,69.4
従業者10人以上,2025,石川県,ビジネスホテル,72.4
従業者10人以上,2025,石川県,リゾートホテル,16.7
従業者10人以上,2025,石川県,会社・団体の宿泊所,28.4
従業者10人以上,2025,石川県,全体,63.0
従業者10人以上,2025,石川県,旅館,38.5
従業者10人以上,2025,石川県,簡易宿所,33.7
従業者10人以上,2025,神奈川県,シティホテル,73.1
従業者10人以上,2025,神奈川県,ビジネスホテル,81.2
従業者10人以上,2025,神奈川県,リゾートホテル,67.5
従業者10人以上,2025,神奈川県,会社・団体の宿泊所,34.4
従業者10人以上,2025,神奈川県,全体,74.6
従業者10人以上,2025,神奈川県,旅館,63.2
従業者10人以上,2025,神奈川県,簡易宿所,40.7
従業者10人以上,2025,福井県,シティホテル,56.0
従業者10人以上,2025,福井県,ビジネスホテル,75.2
従業者10人以上,2025,福井県,リゾートホテル,57.4
従業者10人以上,2025,福井県,全体,64.4
従業者10人以上,2025,福井県,旅館,48.3
従業者10人以上,2025,福井県,簡易宿所,27.4
従業者10人以上,2025,福岡県,シティホテル,74.8
従業者10人以上,2025,福岡県,ビジネスホテル,78.7
従業者10人以上,2025,福岡県,リゾートホテル,60.6
従業者10人以上,2025,福岡県,会社・団体の宿泊所,44.4
従業者10人以上,2025,福岡県,全体,76.2
従業者10人以上,2025,福岡県,旅館,49.4
従業者10人以上,2025,福岡県,簡易宿所,55.4
従業者10人以上,2025,福島県,シティホテル,46.8
従業者10人以上,2025,福島県,ビジネスホテル,69.7
従業者10人以上,2025,福島県,リゾートホテル,62.7
従業者10人以上,2025,福島県,会社・団体の宿泊所,53.1
従業者10人以上,2025,福島県,全体,61.9
従業者10人以上,2025,福島県,旅館,44.8
従業者10人以上,2025,福島県,簡易宿所,21.5
従業者10人以上,2025,秋田県,シティホテル,49.7
従業者10人以上,2025,秋田県,ビジネスホテル,73.0
従業者10人以上,2025,秋田県,リゾートホテル,40.3
従業者10人以上,2025,秋田県,会社・団体の宿泊所,11.7
従業者10人以上,2025,秋田県,全体,58.0
従業者10人以上,2025,秋田県,旅館,45.9
従業者10人以上,2025,秋田県,簡易宿所,15.5
従業者10人以上,2025,群馬県,シティホテル,53.1
従業者10人以上,2025,群馬県,ビジネスホテル,78.3
従業者10人以上,2025,群馬県,リゾートホテル,48.9
従業者10人以上,2025,群馬県,会社・団体の宿泊所,40.2
従業者10人以上,2025,群馬県,全体,64.1
従業者10人以上,2025,群馬県,旅館,62.4
従業者10人以上,2025,群馬県,簡易宿所,29.3
従業者10人以上,2025,茨城県,シティホテル,66.6
従業者10人以上,2025,茨城県,ビジネスホテル,72.1
従業者10人以上,2025,茨城県,リゾートホテル,52.2
従業者10人以上,2025,茨城県,会社・団体の宿泊所,23.4
従業者10人以上,2025,茨城県,全体,64.8
従業者10人以上,2025,茨城県,旅館,46.7
従業者10人以上,2025,茨城県,簡易宿所,23.8
従業者10人以上,2025,長崎県,シティホテル,72.1
従業者10人以上,2025,長崎県,ビジネスホテル,72.9
従業者10人以上,2025,長崎県,リゾートホテル,56.1
従業者10人以上,2025,長崎県,会社・団体の宿泊所,28.6
従業者10人以上,2025,長崎県,全体,64.5
従業者10人以上,2025,長崎県,旅館,46.8
従業者10人以上,2025,長崎県,簡易宿所,38.4
従業者10人以上,2025,長野県,シティホテル,76.1
従業者10人以上,2025,長野県,ビジネスホテル,77.3
従業者10人以上,2025,長野県,リゾートホテル,42.5
従業者10人以上,2025,長野県,会社・団体の宿泊所,31.3
従業者10人以上,2025,長野県,全体,58.9
従業者10人以上,2025,長野県,旅館,46.8
従業者10人以上,2025,長野県,簡易宿所,21.0
従業者10人以上,2025,青森県,シティホテル,60.4
従業者10人以上,2025,青森県,ビジネスホテル,74.4
従業者10人以上,2025,青森県,リゾートホテル,45.8
従業者10人以上,2025,青森県,全体,67.2
従業者10人以上,2025,青森県,旅館,52.1
従業者10人以上,2025,青森県,簡易宿所,18.8
従業者10人以上,2025,静岡県,シティホテル,68.6
従業者10人以上,2025,静岡県,ビジネスホテル,72.4
従業者10人以上,2025,静岡県,リゾートホテル,56.3
従業者10人以上,2025,静岡県,会社・団体の宿泊所,34.7
従業者10人以上,2025,静岡県,全体,64.2
従業者10人以上,2025,静岡県,旅館,60.4
従業者10人以上,2025,静岡県,簡易宿所,27.7
従業者10人以上,2025,香川県,シティホテル,78.0
従業者10人以上,2025,香川県,ビジネスホテル,71.4
従業者10人以上,2025,香川県,リゾートホテル,64.2
従業者10人以上,2025,香川県,会社・団体の宿泊所,17.4
従業者10人以上,2025,香川県,全体,67.6
従業者10人以上,2025,香川県,旅館,58.7
従業者10人以上,2025,香川県,簡易宿所,24.5
従業者10人以上,2025,高知県,シティホテル,70.8
従業者10人以上,2025,高知県,ビジネスホテル,72.8
従業者10人以上,2025,高知県,リゾートホテル,42.3
従業者10人以上,2025,高知県,全体,65.5
従業者10人以上,2025,高知県,旅館,53.1
従業者10人以上,2025,高知県,簡易宿所,25.5
従業者10人以上,2025,鳥取県,シティホテル,67.1
従業者10人以上,2025,鳥取県,ビジネスホテル,68.5
従業者10人以上,2025,鳥取県,リゾートホテル,26.6
従業者10人以上,2025,鳥取県,全体,61.1
従業者10人以上,2025,鳥取県,旅館,56.4
従業者10人以上,2025,鳥取県,簡易宿所,11.8
従業者10人以上,2025,鹿児島県,シティホテル,65.2
従業者10人以上,2025,鹿児島県,ビジネスホテル,70.9
従業者10人以上,2025,鹿児島県,リゾートホテル,41.4
従業者10人以上,2025,鹿児島県,会社・団体の宿泊所,10.4
従業者10人以上,2025,鹿児島県,全体,62.8
従業者10人以上,2025,鹿児島県,旅館,47.7
従業者10人以上,2025,鹿児島県,簡易宿所,22.2
